post_id,year,price,beds,word
pre2013_131819,2004,1550,1,beautiful
pre2013_45616,2011,1195,1,beautiful
6368525767,2017,2195,2,beautiful
5247446875,2015,4200,3,beautiful
6488646647,2018,4888,4,beautiful
pre2013_140518,2005,3450,6,beautiful
pre2013_133223,2005,2200,4,beautiful
pre2013_64908,2012,1200,2,beautiful
4600421723,2014,2350,2,beautiful
pre2013_141796,2005,850,1,beautiful
pre2013_116929,2001,2200,3,beautiful
pre2013_140955,2005,1065,1,beautiful
5819629864,2016,2575,2,beautiful
pre2013_129757,2004,1150,2,beautiful
pre2013_138030,2005,850,1,beautiful
4865916509,2015,2100,1,beautiful
pre2013_138179,2005,1000,2,beautiful
pre2013_135757,2005,1395,2,beautiful
4258050796,2013,1895,2,beautiful
pre2013_8179,2011,1350,2,beautiful
pre2013_50643,2012,2900,2,beautiful
5782364074,2016,2295,2,beautiful
pre2013_144617,2005,850,1,beautiful
pre2013_155099,2007,1685,1,beautiful
pre2013_36851,2011,995,1,beautiful
pre2013_121420,2004,2000,3,beautiful
5403576802,2016,1650,0,beautiful
pre2013_139534,2005,850,1,beautiful
6565260273,2018,2595,1,beautiful
5434121572,2016,3095,2,beautiful
pre2013_14428,2012,1000,1,beautiful
pre2013_29067,2011,2300,4,beautiful
5615223609,2016,3150,2,beautiful
pre2013_142868,2005,1800,2,beautiful
5445560230,2016,5195,4,beautiful
pre2013_29094,2011,1995,2,beautiful
pre2013_154730,2007,1475,1,beautiful
pre2013_125604,2004,975,1,beautiful
pre2013_159613,2006,1200,NA,beautiful
pre2013_46363,2011,1225,2,beautiful
pre2013_152977,2006,1100,1,beautiful
5548986358,2016,2975,2,beautiful
5701175438,2016,1999,1,beautiful
pre2013_16877,2012,1900,2,beautiful
5400797172,2016,4888,4,beautiful
pre2013_143142,2005,1300,2,beautiful
pre2013_37715,2011,950,2,beautiful
pre2013_152112,2006,1195,1,beautiful
pre2013_139495,2005,850,1,beautiful
pre2013_71521,2012,4500,4,beautiful
5429264574,2016,1850,1,beautiful
5171375100,2015,2965,1,beautiful
pre2013_138928,2005,975,1,beautiful
pre2013_47833,2012,1200,1,beautiful
pre2013_135859,2005,2000,3,beautiful
pre2013_12816,2012,1875,2,beautiful
pre2013_11901,2011,995,1,beautiful
4667238030,2014,3200,3,beautiful
pre2013_127760,2004,850,1,beautiful
pre2013_120737,2004,1350,NA,beautiful
5517794211,2016,4666,4,beautiful
pre2013_11372,2011,2190,3,beautiful
6370734051,2017,3695,3,beautiful
pre2013_124888,2004,1300,2,beautiful
pre2013_97296,2004,1450,1,beautiful
pre2013_88452,2004,1695,2,beautiful
pre2013_147029,2006,995,0,beautiful
pre2013_100754,2004,1350,1,beautiful
pre2013_130647,2004,1195,1,beautiful
pre2013_102050,2004,1895,2,beautiful
pre2013_90643,2004,2400,3,beautiful
pre2013_102513,2004,1800,1,beautiful
pre2013_103156,2004,1800,1,beautiful
pre2013_134575,2005,2850,4,beautiful
pre2013_136301,2005,1395,1,beautiful
pre2013_95830,2004,1450,1,beautiful
pre2013_125514,2004,1450,1,beautiful
4556866813,2014,2195,0,beautiful
pre2013_14753,2012,4295,2,beautiful
pre2013_50465,2012,2295,1,beautiful
pre2013_30655,2011,800,1,beautiful
pre2013_101437,2004,1975,2,beautiful
pre2013_131634,2004,1975,2,beautiful
pre2013_131858,2004,800,2,beautiful
pre2013_132180,2004,1800,1,beautiful
pre2013_102449,2004,1850,1,beautiful
pre2013_102614,2004,1800,1,beautiful
pre2013_140603,2005,1750,2,beautiful
pre2013_142546,2005,1599,1,beautiful
pre2013_142639,2005,1275,0,beautiful
pre2013_143134,2005,1450,1,beautiful
pre2013_3636,2008,2400,2,beautiful
pre2013_4013,2008,5300,5,beautiful
4855457971,2015,1895,0,beautiful
pre2013_15941,2012,2200,1,beautiful
pre2013_59162,2012,2095,1,beautiful
pre2013_46597,2011,2285,1,beautiful
pre2013_66512,2012,4500,4,beautiful
5302136380,2015,1900,1,beautiful
pre2013_118176,2004,1800,2,beautiful
5741242910,2016,2500,2,beautiful
4328322382,2014,800,1,beautiful
pre2013_151064,2006,1550,2,beautiful
4328305258,2014,800,1,beautiful
5439880605,2016,2200,2,beautiful
pre2013_57165,2012,1212,3,beautiful
pre2013_60574,2012,3100,3,beautiful
pre2013_152685,2006,1050,2,beautiful
pre2013_86917,2003,2400,3,beautiful
pre2013_128756,2004,2200,3,beautiful
pre2013_156343,2006,1250,2,beautiful
pre2013_142325,2005,1500,2,beautiful
pre2013_36503,2011,1200,2,beautiful
pre2013_154876,2007,2400,3,beautiful
6603802276,2018,2950,1,beautiful
pre2013_17022,2012,2850,3,beautiful
pre2013_86678,2003,2500,3,beautiful
5606237773,2016,1850,1,beautiful
pre2013_39971,2011,3300,5,beautiful
pre2013_152221,2006,1550,2,beautiful
pre2013_86829,2003,1300,2,beautiful
5484608815,2016,3800,3,beautiful
pre2013_122926,2004,1200,2,beautiful
pre2013_122658,2004,1850,3,beautiful
pre2013_22625,2012,1698,2,beautiful
5799367148,2016,2399,2,beautiful
6464454332,2018,2050,1,beautiful
pre2013_120450,2004,1750,2,beautiful
pre2013_15117,2012,820,1,beautiful
pre2013_22623,2012,1806,2,beautiful
pre2013_156780,2006,1500,2,beautiful
pre2013_125595,2004,1200,1,beautiful
pre2013_16012,2012,1419,1,beautiful
pre2013_62219,2012,2395,2,beautiful
5429831665,2016,2400,3,beautiful
pre2013_440,2006,1400,2,beautiful
pre2013_22622,2012,1806,2,beautiful
pre2013_136484,2005,1800,2,beautiful
pre2013_27540,2007,1100,2,beautiful
pre2013_10502,2012,2750,3,beautiful
pre2013_131071,2004,1695,3,beautiful
pre2013_16862,2012,3200,5,beautiful
pre2013_2694,2006,2500,4,beautiful
pre2013_21518,2012,1826,2,beautiful
5444054306,2016,2650,3,beautiful
pre2013_35173,2011,2050,2,beautiful
pre2013_132781,2004,925,1,beautiful
pre2013_63743,2012,1600,2,beautiful
pre2013_25356,2007,2500,3,beautiful
pre2013_153047,2006,1225,2,beautiful
6622613678,2018,3195,2,beautiful
5386561769,2016,2200,2,beautiful
pre2013_153045,2006,1825,2,beautiful
pre2013_14004,2012,2380,2,beautiful
pre2013_78781,2008,2400,3,beautiful
pre2013_79276,2008,1314,1,beautiful
pre2013_7427,2008,1995,2,beautiful
pre2013_7452,2008,900,1,beautiful
pre2013_7399,2008,2475,3,beautiful
pre2013_116215,2001,2095,2,beautiful
pre2013_86418,2003,2000,3,beautiful
pre2013_113319,2004,1950,3,beautiful
pre2013_113540,2004,1950,3,beautiful
4237298678,2013,3700,4,beautiful
pre2013_115362,2004,2300,4,beautiful
pre2013_121055,2004,2300,4,beautiful
pre2013_115512,2004,4500,4,beautiful
pre2013_115579,2004,2200,3,beautiful
pre2013_125685,2004,2500,4,beautiful
pre2013_129380,2004,2000,3,beautiful
pre2013_125910,2004,1450,2,beautiful
pre2013_125921,2004,1299,2,beautiful
pre2013_159866,2007,7600,4,beautiful
pre2013_148690,2006,6100,4,beautiful
pre2013_37339,2011,5150,3,beautiful
4678098387,2014,1750,3,beautiful
pre2013_43017,2011,4850,3,beautiful
pre2013_149150,2006,5300,3,beautiful
4261399378,2013,1600,2,beautiful
pre2013_121689,2004,4000,NA,beautiful
pre2013_148977,2006,5300,3,beautiful
pre2013_792,2006,6000,4,beautiful
5975831773,2017,14500,3,beautiful
pre2013_107559,2004,2700,3,beautiful
pre2013_15661,2012,4600,3,beautiful
5049467028,2015,18000,4,beautiful
pre2013_98164,2004,2000,NA,beautiful
pre2013_127869,2004,2000,NA,beautiful
pre2013_146172,2006,2600,4,beautiful
pre2013_98952,2004,1995,3,beautiful
4258419344,2013,2900,2,beautiful
pre2013_101244,2004,1695,3,beautiful
pre2013_147766,2006,2400,3,beautiful
pre2013_93085,2004,2395,1,beautiful
pre2013_123425,2004,1280,1,beautiful
pre2013_43181,2011,2595,2,beautiful
pre2013_143026,2005,1500,1,beautiful
pre2013_97151,2004,1695,3,beautiful
pre2013_127105,2004,2500,3,beautiful
pre2013_79067,2008,2500,3,beautiful
5514656018,2016,400,0,beautiful
5514623715,2016,4500,2,beautiful
4600345909,2014,1600,2,beautiful
pre2013_130708,2004,1700,2,beautiful
pre2013_101052,2004,2600,3,beautiful
pre2013_111438,2004,2495,3,beautiful
5658571429,2016,3100,2,beautiful
pre2013_102091,2004,1695,2,beautiful
pre2013_147617,2006,2295,4,beautiful
pre2013_34958,2011,2595,2,beautiful
pre2013_103370,2004,1490,2,beautiful
pre2013_52455,2012,3000,2,beautiful
pre2013_153609,2007,1600,1,beautiful
6424478747,2017,4350,3,beautiful
pre2013_6059,2009,2000,1,beautiful
pre2013_142649,2005,1500,1,beautiful
pre2013_143096,2005,1500,1,beautiful
pre2013_50836,2012,2695,3,beautiful
pre2013_82728,2006,2400,3,beautiful
pre2013_12912,2012,2300,2,beautiful
4600655349,2014,800,3,beautiful
4589191606,2014,2800,1,beautiful
5525556545,2016,733,1,beautiful
5941063774,2017,4350,3,beautiful
pre2013_39388,2011,800,1,beautiful
4678085032,2014,2200,2,beautiful
pre2013_159043,2006,2100,2,beautiful
pre2013_56105,2012,2695,4,beautiful
5460136641,2016,3300,3,beautiful
4624081804,2014,2899,2,beautiful
pre2013_64014,2012,2900,3,beautiful
4805791709,2014,3400,3,beautiful
pre2013_43560,2011,3825,5,beautiful
6236801761,2017,2800,2,beautiful
pre2013_85728,2003,1125,2,beautiful
pre2013_54631,2012,1495,1,beautiful
pre2013_140378,2005,1500,2,beautiful
pre2013_38519,2011,1050,1,beautiful
pre2013_13520,2012,1625,1,beautiful
pre2013_2909,2006,4100,3,beautiful
pre2013_139977,2005,1500,2,beautiful
pre2013_35659,2011,1545,1,beautiful
pre2013_109990,2004,2100,2,beautiful
pre2013_104036,2004,895,1,beautiful
pre2013_109040,2004,2450,3,beautiful
pre2013_110450,2004,2495,3,beautiful
pre2013_35728,2011,1300,1,beautiful
pre2013_37359,2011,1625,2,beautiful
pre2013_59824,2012,1491,0,beautiful
5269390845,2015,3800,3,beautiful
pre2013_56857,2012,1495,1,beautiful
pre2013_60615,2012,5800,3,beautiful
pre2013_72580,2012,1825,2,beautiful
pre2013_36930,2011,5990,3,beautiful
pre2013_85725,2003,895,1,beautiful
pre2013_85716,2003,950,1,beautiful
pre2013_61007,2012,5800,3,beautiful
pre2013_109969,2004,1200,2,beautiful
pre2013_58981,2012,5800,3,beautiful
pre2013_43393,2011,1800,2,beautiful
pre2013_85756,2003,3300,4,beautiful
6397331512,2017,2325,NA,beautiful
pre2013_85644,2003,1090,1,beautiful
pre2013_56858,2012,1650,1,beautiful
pre2013_85825,2003,1115,1,beautiful
pre2013_65044,2012,5800,3,beautiful
3878883036,2013,1825,0,beautiful
pre2013_148967,2006,875,0,beautiful
pre2013_110704,2004,1200,2,beautiful
pre2013_124567,2004,895,1,beautiful
pre2013_148751,2006,995,1,beautiful
pre2013_106909,2004,1395,2,beautiful
pre2013_106951,2004,895,1,beautiful
pre2013_110407,2004,1200,2,beautiful
pre2013_105855,2004,2800,4,beautiful
pre2013_64226,2012,5800,3,beautiful
6397334482,2017,2598,1,beautiful
pre2013_64606,2012,5800,3,beautiful
pre2013_106940,2004,900,1,beautiful
pre2013_105192,2004,895,1,beautiful
pre2013_35222,2011,1345,1,beautiful
pre2013_85433,2003,1295,2,beautiful
pre2013_105193,2004,750,0,beautiful
pre2013_148960,2006,1049,0,beautiful
pre2013_28066,2008,1900,2,beautiful
4611926849,2014,1450,0,beautiful
4945976644,2015,2813,1,beautiful
pre2013_24032,2012,2995,2,beautiful
pre2013_148713,2006,1049,0,beautiful
pre2013_107397,2004,2000,2,beautiful
pre2013_79605,2006,4000,4,beautiful
pre2013_47894,2012,1345,1,beautiful
pre2013_117578,2004,950,1,beautiful
pre2013_110387,2004,2100,2,beautiful
3610588506,2013,4800,4,beautiful
pre2013_44188,2011,5500,3,beautiful
pre2013_157954,2006,1390,1,beautiful
pre2013_104091,2004,1295,2,beautiful
pre2013_150732,2006,1175,1,beautiful
pre2013_21177,2012,1650,1,beautiful
4253141873,2014,3995,3,beautiful
pre2013_126970,2004,1275,2,beautiful
pre2013_44219,2011,1346,0,beautiful
5290999239,2015,4600,4,beautiful
pre2013_137161,2005,650,2,beautiful
pre2013_109391,2004,1275,2,beautiful
pre2013_13595,2012,3250,3,beautiful
pre2013_130092,2004,2500,3,beautiful
pre2013_26432,2007,2900,3,beautiful
pre2013_32941,2011,2300,2,beautiful
pre2013_34771,2011,3200,NA,beautiful
pre2013_134078,2005,1375,2,beautiful
pre2013_106945,2004,2350,3,beautiful
5807536589,2016,3295,2,beautiful
pre2013_117586,2004,2375,3,beautiful
pre2013_150727,2006,4500,4,beautiful
pre2013_148666,2006,1049,0,beautiful
pre2013_150528,2006,3400,3,beautiful
3849546882,2013,2100,2,beautiful
pre2013_148379,2006,1099,0,beautiful
pre2013_8841,2011,2019,2,beautiful
pre2013_62628,2012,5800,3,beautiful
pre2013_117786,2004,1100,1,beautiful
pre2013_119594,2004,750,0,beautiful
pre2013_103582,2004,895,1,beautiful
pre2013_148200,2006,2050,3,beautiful
pre2013_59814,2012,3650,2,beautiful
pre2013_56522,2012,2995,2,beautiful
5302358263,2015,2595,2,beautiful
pre2013_106949,2004,1195,2,beautiful
pre2013_44978,2011,1895,2,beautiful
pre2013_116442,2001,1450,1,beautiful
pre2013_150533,2006,4400,3,beautiful
pre2013_117574,2004,1125,2,beautiful
pre2013_51319,2012,1399,1,beautiful
pre2013_45281,2011,2200,3,beautiful
pre2013_1812,2006,1695,2,beautiful
pre2013_109598,2004,1200,2,beautiful
pre2013_157277,2006,1049,0,beautiful
pre2013_43848,2011,1895,2,beautiful
pre2013_127283,2004,1200,2,beautiful
pre2013_105948,2004,895,1,beautiful
pre2013_10078,2011,2800,3,beautiful
pre2013_48475,2012,1750,1,beautiful
pre2013_65437,2012,2024,1,beautiful
pre2013_136739,2005,1295,NA,beautiful
pre2013_106757,2004,1250,2,beautiful
4956668195,2015,4800,3,beautiful
pre2013_52600,2012,1678,1,beautiful
pre2013_55935,2012,5800,3,beautiful
pre2013_57895,2012,3200,3,beautiful
pre2013_158366,2006,2900,1,beautiful
pre2013_42989,2011,5800,3,beautiful
pre2013_135926,2005,1395,2,beautiful
pre2013_38221,2011,1395,1,beautiful
pre2013_149466,2006,1390,1,beautiful
pre2013_138596,2005,1290,2,beautiful
pre2013_103457,2004,2500,3,beautiful
pre2013_110807,2004,2500,3,beautiful
pre2013_116441,2001,1795,2,beautiful
pre2013_109730,2004,1265,2,beautiful
pre2013_128860,2004,1900,NA,beautiful
pre2013_123916,2004,2000,3,beautiful
pre2013_150075,2006,1850,2,beautiful
pre2013_136483,2005,1180,1,beautiful
pre2013_10549,2012,5800,3,beautiful
pre2013_27534,2007,1799,1,beautiful
5291288464,2015,2685,2,beautiful
pre2013_105592,2004,1195,2,beautiful
pre2013_158131,2006,1390,1,beautiful
pre2013_105701,2004,2500,4,beautiful
pre2013_103648,2004,1295,2,beautiful
pre2013_110892,2004,2150,2,beautiful
pre2013_104037,2004,1195,2,beautiful
pre2013_9998,2011,1450,1,beautiful
pre2013_105587,2004,750,0,beautiful
pre2013_78400,2008,1895,2,beautiful
pre2013_12414,2011,2100,3,beautiful
pre2013_78879,2008,2700,2,beautiful
pre2013_58591,2012,5800,3,beautiful
pre2013_138356,2005,2475,3,beautiful
pre2013_45729,2011,5500,3,beautiful
pre2013_107328,2004,1180,1,beautiful
pre2013_105589,2004,895,1,beautiful
pre2013_55649,2012,2450,3,beautiful
4924570738,2015,2133,NA,beautiful
pre2013_44968,2011,1650,2,beautiful
pre2013_31699,2011,1499,1,beautiful
pre2013_38214,2011,1545,1,beautiful
pre2013_41313,2011,1150,1,beautiful
pre2013_105588,2004,2350,3,beautiful
6433080266,2017,2395,1,beautiful
pre2013_117343,2002,750,0,beautiful
pre2013_103747,2004,1045,1,beautiful
pre2013_38228,2011,1995,2,beautiful
pre2013_84436,2001,1290,1,beautiful
pre2013_106786,2004,2200,3,beautiful
4659326893,2014,1450,0,beautiful
pre2013_29191,2011,1159,1,beautiful
pre2013_122577,2004,1180,1,beautiful
pre2013_109130,2004,1390,2,beautiful
4845206606,2015,2998,2,beautiful
pre2013_119596,2004,2350,3,beautiful
pre2013_48208,2012,1346,0,beautiful
pre2013_49378,2012,5500,3,beautiful
pre2013_104030,2004,2350,3,beautiful
pre2013_145070,2005,3150,3,beautiful
4845142818,2015,2250,1,beautiful
pre2013_124420,2004,1390,2,beautiful
pre2013_111633,2004,1050,1,beautiful
pre2013_105673,2004,2800,4,beautiful
pre2013_109193,2004,1285,2,beautiful
pre2013_106848,2004,2750,4,beautiful
6531214847,2018,3950,2,beautiful
4656234561,2014,1885,1,beautiful
pre2013_110649,2004,2150,2,beautiful
pre2013_106947,2004,750,0,beautiful
pre2013_103520,2004,2000,2,beautiful
pre2013_40930,2011,1970,1,beautiful
pre2013_106678,2004,895,1,beautiful
pre2013_121510,2004,2200,3,beautiful
pre2013_59795,2012,3100,3,beautiful
pre2013_110159,2004,2100,2,beautiful
4829431627,2015,2050,1,beautiful
pre2013_119589,2004,1195,2,beautiful
pre2013_109325,2004,860,NA,beautiful
pre2013_150383,2006,3350,3,beautiful
pre2013_150383,2006,3350,3,beautiful
pre2013_149721,2006,1390,1,beautiful
pre2013_119593,2004,895,1,beautiful
pre2013_109324,2004,995,1,beautiful
pre2013_105190,2004,1195,2,beautiful
4855523590,2015,2250,1,beautiful
pre2013_132235,2004,1250,1,beautiful
pre2013_106159,2004,2800,4,beautiful
pre2013_106673,2004,750,0,beautiful
pre2013_105194,2004,2350,3,beautiful
pre2013_111826,2004,1250,1,beautiful
pre2013_106675,2004,1195,2,beautiful
pre2013_12602,2012,2150,2,beautiful
pre2013_154243,2007,975,1,beautiful
pre2013_106674,2004,2350,3,beautiful
pre2013_5108,2007,650,NA,beautiful
pre2013_83667,2006,750,0,beautiful
pre2013_157302,2006,750,0,beautiful
pre2013_157556,2006,950,NA,beautiful
pre2013_152039,2006,1185,1,beautiful
5443983944,2016,7495,6,beautiful
pre2013_151939,2006,1600,2,beautiful
pre2013_134800,2005,1975,3,beautiful
pre2013_140975,2005,1650,2,beautiful
pre2013_79572,2006,1850,1,beautiful
4258064273,2013,1550,0,beautiful
pre2013_12004,2011,2800,3,beautiful
pre2013_33286,2011,1200,3,beautiful
pre2013_617,2006,930,1,beautiful
pre2013_155667,2006,1450,2,beautiful
4619929074,2014,1495,1,beautiful
4623052434,2014,2400,2,beautiful
pre2013_15520,2012,1285,1,beautiful
pre2013_156101,2006,1800,2,beautiful
pre2013_144267,2005,1400,2,beautiful
pre2013_82530,2006,1400,2,beautiful
pre2013_141860,2005,1200,1,beautiful
5411613312,2016,2895,2,beautiful
pre2013_22706,2012,570,6,beautiful
pre2013_4569,2008,1550,1,beautiful
pre2013_27670,2007,925,0,beautiful
pre2013_137163,2005,2250,3,beautiful
pre2013_57505,2012,1100,1,beautiful
pre2013_139239,2005,1700,2,beautiful
5509313640,2016,1750,0,beautiful
pre2013_141504,2005,3000,4,beautiful
3878843267,2013,3125,2,beautiful
5745320340,2016,3895,3,beautiful
pre2013_139073,2005,625,2,beautiful
pre2013_152277,2006,850,1,beautiful
pre2013_141553,2005,1485,3,beautiful
pre2013_134867,2005,4000,3,beautiful
pre2013_131974,2004,1900,2,beautiful
pre2013_22672,2012,900,2,beautiful
pre2013_150847,2006,1100,1,beautiful
pre2013_28519,2008,1675,2,beautiful
pre2013_122113,2004,505,2,beautiful
pre2013_118912,2004,1250,1,beautiful
4804034750,2014,2000,1,beautiful
pre2013_137631,2005,800,0,beautiful
6558772968,2018,3935,3,beautiful
pre2013_120873,2004,1340,1,beautiful
3768895943,2013,1695,2,beautiful
pre2013_159329,2006,3000,3,beautiful
6447126282,2018,1400,0,beautiful
pre2013_151048,2006,1300,1,beautiful
5516062368,2016,2825,1,beautiful
pre2013_11937,2011,3700,3,beautiful
pre2013_10158,2011,1380,1,beautiful
pre2013_7975,2010,1575,2,beautiful
pre2013_152483,2006,2000,3,beautiful
pre2013_77326,2010,1775,2,beautiful
pre2013_8212,2010,2195,3,beautiful
pre2013_60179,2012,1895,2,beautiful
5439471024,2016,2795,3,beautiful
pre2013_125866,2004,545,1,beautiful
pre2013_158067,2006,3450,3,beautiful
pre2013_132593,2004,2000,2,beautiful
pre2013_63345,2012,1200,NA,beautiful
5637964109,2016,1950,0,beautiful
pre2013_158624,2006,1195,1,beautiful
pre2013_120867,2004,1195,1,beautiful
pre2013_3736,2008,4650,3,beautiful
5527144851,2016,2385,1,beautiful
pre2013_44842,2011,3135,2,beautiful
pre2013_133252,2005,1900,2,beautiful
pre2013_7982,2010,2195,3,beautiful
4910572779,2015,1950,1,beautiful
5541147991,2016,3150,2,beautiful
pre2013_143016,2005,875,0,beautiful
pre2013_8865,2011,1490,2,beautiful
pre2013_32334,2011,2400,2,beautiful
pre2013_62959,2012,1400,2,beautiful
pre2013_125709,2004,1650,2,beautiful
pre2013_119432,2004,1800,1,beautiful
pre2013_119448,2004,1695,2,beautiful
pre2013_2526,2006,1179,2,beautiful
6578438689,2018,1145,1,beautiful
6603800363,2018,2200,1,beautiful
pre2013_44134,2011,3150,3,beautiful
pre2013_143871,2005,2400,5,beautiful
pre2013_14932,2012,1600,1,beautiful
5219876819,2015,1980,0,beautiful
pre2013_155569,2006,2100,2,beautiful
5515731030,2016,2495,1,beautiful
pre2013_14351,2012,1675,1,beautiful
pre2013_9100,2011,2075,3,beautiful
pre2013_68172,2012,3200,5,beautiful
pre2013_41671,2011,2232,1,beautiful
5096132865,2015,1000,2,beautiful
pre2013_23799,2012,2800,2,beautiful
pre2013_69149,2012,1200,1,beautiful
pre2013_140677,2005,1700,2,beautiful
pre2013_86937,2003,600,1,beautiful
pre2013_129253,2004,980,1,beautiful
pre2013_14362,2012,1895,2,beautiful
pre2013_78740,2008,3750,6,beautiful
pre2013_142124,2005,750,NA,beautiful
pre2013_152452,2006,3495,3,beautiful
pre2013_72500,2012,1600,1,beautiful
pre2013_138741,2005,975,1,beautiful
pre2013_18171,2012,3100,3,beautiful
pre2013_1416,2006,4000,3,beautiful
5672512875,2016,2080,1,beautiful
pre2013_19808,2012,3995,4,beautiful
pre2013_11643,2011,1195,1,beautiful
pre2013_140267,2005,1650,2,beautiful
pre2013_128159,2004,1450,2,beautiful
pre2013_143263,2005,2400,2,beautiful
5443910971,2016,1795,1,beautiful
pre2013_8215,2010,1599,2,beautiful
6603800343,2018,1885,0,beautiful
pre2013_134810,2005,1350,1,beautiful
pre2013_129669,2004,2250,4,beautiful
pre2013_153011,2006,1795,2,beautiful
5536747134,2016,1699,7,beautiful
pre2013_122816,2004,1600,NA,beautiful
pre2013_134944,2005,1700,2,beautiful
5454539914,2016,2800,1,beautiful
5668948378,2016,1699,7,beautiful
pre2013_11642,2011,2340,3,beautiful
6581429501,2018,2500,0,beautiful
pre2013_6559,2009,1700,1,beautiful
pre2013_16451,2012,1400,1,beautiful
pre2013_144549,2005,640,NA,beautiful
6546046150,2018,3985,3,beautiful
pre2013_54571,2012,3200,2,beautiful
pre2013_30452,2011,1350,1,beautiful
pre2013_123651,2004,1800,2,beautiful
pre2013_17459,2012,1500,2,beautiful
pre2013_61745,2012,3200,2,beautiful
pre2013_159331,2006,2000,1,beautiful
pre2013_47471,2012,1325,1,beautiful
pre2013_46041,2011,1285,NA,beautiful
pre2013_129790,2004,1200,1,beautiful
6591218791,2018,1885,0,beautiful
pre2013_46013,2011,1150,0,beautiful
5774799748,2016,1945,1,beautiful
pre2013_19124,2012,1245,1,beautiful
4266206760,2014,3250,2,beautiful
6625070876,2018,1350,1,beautiful
pre2013_17437,2012,9990,8,beautiful
pre2013_142685,2005,1049,1,beautiful
pre2013_156050,2006,1300,1,beautiful
pre2013_142686,2005,1195,1,beautiful
5593567541,2016,1699,7,beautiful
pre2013_128950,2004,1380,3,beautiful
pre2013_82168,2006,775,0,beautiful
pre2013_122552,2004,1600,NA,beautiful
pre2013_134655,2005,1295,1,beautiful
pre2013_142684,2005,1149,1,beautiful
pre2013_57758,2012,2500,2,beautiful
pre2013_128942,2004,1750,2,beautiful
5952898417,2017,2800,1,beautiful
5959685540,2017,2650,1,beautiful
6447332717,2018,4400,2,beautiful
pre2013_142127,2005,2295,2,beautiful
pre2013_151762,2006,5000,5,beautiful
pre2013_152577,2006,1700,2,beautiful
pre2013_28390,2008,3500,NA,beautiful
pre2013_142688,2005,900,1,beautiful
pre2013_142123,2005,895,NA,beautiful
pre2013_142689,2005,1695,2,beautiful
pre2013_4666,2007,1450,2,beautiful
pre2013_63744,2012,1295,1,beautiful
pre2013_117151,2002,950,0,beautiful
pre2013_72499,2012,2400,2,beautiful
pre2013_117801,2004,1200,1,beautiful
pre2013_118614,2004,625,2,beautiful
pre2013_130077,2004,1325,1,beautiful
pre2013_119602,2004,3500,3,beautiful
pre2013_131558,2004,1200,1,beautiful
pre2013_120262,2004,750,0,beautiful
pre2013_120292,2004,800,0,beautiful
pre2013_134219,2005,1750,2,beautiful
pre2013_121359,2004,2400,2,beautiful
pre2013_3680,2008,1300,1,beautiful
pre2013_122133,2004,1495,1,beautiful
pre2013_122244,2004,945,1,beautiful
pre2013_123157,2004,1225,1,beautiful
pre2013_123367,2004,2150,3,beautiful
pre2013_123540,2004,1225,1,beautiful
pre2013_63380,2012,1990,1,beautiful
pre2013_123859,2004,1900,2,beautiful
pre2013_124265,2004,1795,2,beautiful
pre2013_124365,2004,2375,4,beautiful
pre2013_124547,2004,1795,2,beautiful
pre2013_124996,2004,1795,2,beautiful
pre2013_125648,2004,995,1,beautiful
pre2013_125830,2004,885,1,beautiful
pre2013_78381,2008,4950,3,beautiful
pre2013_151594,2006,1500,1,beautiful
pre2013_151679,2006,1350,1,beautiful
3544411089,2013,3200,2,beautiful
pre2013_128025,2004,1795,2,beautiful
pre2013_129008,2004,550,1,beautiful
pre2013_128959,2004,995,1,beautiful
pre2013_158140,2006,2500,NA,beautiful
pre2013_17266,2012,1299,1,beautiful
pre2013_130711,2004,995,1,beautiful
pre2013_132637,2004,1400,2,beautiful
pre2013_153215,2006,1190,1,beautiful
pre2013_36473,2011,3995,4,beautiful
pre2013_139845,2005,1150,1,beautiful
pre2013_140451,2005,950,1,beautiful
pre2013_141496,2005,1595,2,beautiful
pre2013_44889,2011,3900,4,beautiful
pre2013_142985,2005,995,1,beautiful
pre2013_143432,2005,2700,2,beautiful
pre2013_65788,2012,4895,4,beautiful
pre2013_70113,2012,2750,2,beautiful
pre2013_66761,2012,1400,1,beautiful
pre2013_28749,2010,1650,1,beautiful
pre2013_14253,2012,3995,4,beautiful
pre2013_22811,2012,2950,3,beautiful
pre2013_12198,2011,1475,1,beautiful
pre2013_158011,2006,700,0,beautiful
4250616131,2013,2150,2,beautiful
5527188142,2016,1450,1,beautiful
5533322048,2016,1900,NA,beautiful
5528762709,2016,2800,1,beautiful
pre2013_18249,2012,2095,2,beautiful
pre2013_30852,2011,1695,2,beautiful
pre2013_62584,2012,3800,3,beautiful
pre2013_38428,2011,2200,2,beautiful
3812394206,2013,1095,0,beautiful
pre2013_67201,2012,4500,5,beautiful
pre2013_14021,2012,2550,2,beautiful
pre2013_50945,2012,1875,1,beautiful
pre2013_58465,2012,2200,NA,beautiful
5741201161,2016,2850,2,beautiful
pre2013_44463,2011,3995,4,beautiful
3803858457,2013,2900,2,beautiful
5522261698,2016,2600,1,beautiful
pre2013_5437,2007,1395,2,beautiful
pre2013_130358,2004,950,1,beautiful
pre2013_116216,2001,2600,NA,beautiful
pre2013_116302,2001,2950,2,beautiful
pre2013_145762,2006,3900,3,beautiful
pre2013_84727,2003,850,1,beautiful
pre2013_98538,2004,2100,2,beautiful
pre2013_117803,2004,1800,2,beautiful
pre2013_99432,2004,1495,2,beautiful
pre2013_89242,2004,2200,2,beautiful
pre2013_90758,2004,2200,2,beautiful
pre2013_133461,2005,1825,2,beautiful
pre2013_92191,2004,2500,2,beautiful
pre2013_93287,2004,1400,1,beautiful
pre2013_93626,2004,1400,1,beautiful
pre2013_123172,2004,1400,1,beautiful
pre2013_159763,2007,3950,3,beautiful
pre2013_42787,2011,3200,2,beautiful
pre2013_94287,2004,1400,1,beautiful
pre2013_95061,2004,1495,2,beautiful
pre2013_57364,2012,4995,2,beautiful
pre2013_79169,2008,2850,4,beautiful
5656803128,2016,3675,4,beautiful
pre2013_99140,2004,1495,2,beautiful
pre2013_28904,2011,3990,3,beautiful
6589209618,2018,3775,4,beautiful
pre2013_102530,2004,1825,2,beautiful
4834989774,2015,1995,2,beautiful
4865928898,2015,1800,2,beautiful
pre2013_148121,2006,2200,2,beautiful
4265731203,2013,3995,3,beautiful
5389126723,2016,5950,3,beautiful
pre2013_153827,2007,5750,3,beautiful
pre2013_68425,2012,4575,3,beautiful
pre2013_28605,2008,1995,2,beautiful
5672575516,2016,3600,2,beautiful
pre2013_15009,2012,2600,1,beautiful
5439890089,2016,4750,3,beautiful
3795821372,2013,3500,4,beautiful
5291361667,2015,5400,3,beautiful
pre2013_54082,2012,3400,3,beautiful
pre2013_17164,2012,5260,3,beautiful
pre2013_54389,2012,3400,3,beautiful
pre2013_45484,2011,2275,1,beautiful
pre2013_45479,2011,2195,1,beautiful
4017919479,2013,2000,2,beautiful
pre2013_60014,2012,3200,3,beautiful
4591384319,2014,3000,5,beautiful
5054874199,2015,3500,3,beautiful
4956765511,2015,4000,3,beautiful
4955347745,2015,4000,3,beautiful
pre2013_28021,2008,800,1,beautiful
pre2013_83304,2006,800,0,beautiful
3811433029,2013,1500,1,beautiful
4974875597,2015,4000,3,beautiful
pre2013_130894,2004,1950,4,beautiful
3812502686,2013,1500,3,beautiful
4132247672,2013,2300,5,beautiful
4583569532,2014,2250,4,beautiful
pre2013_51597,2012,2495,5,beautiful
pre2013_28052,2008,2200,3,beautiful
pre2013_154738,2007,1595,3,beautiful
pre2013_10633,2012,2400,4,beautiful
pre2013_12766,2012,2600,4,beautiful
pre2013_67234,2012,2300,4,beautiful
pre2013_154848,2007,2080,4,beautiful
pre2013_19560,2012,2199,4,beautiful
pre2013_36056,2011,1950,4,beautiful
pre2013_10457,2012,1800,3,beautiful
pre2013_41642,2011,2395,5,beautiful
pre2013_36873,2011,1650,3,beautiful
pre2013_26740,2007,2000,4,beautiful
5721666384,2016,2495,4,beautiful
pre2013_41672,2011,2350,4,beautiful
4100762440,2013,1750,3,beautiful
4718437401,2014,1800,4,beautiful
6552324896,2018,2900,5,beautiful
4571122825,2014,1425,1,beautiful
pre2013_19008,2012,1795,4,beautiful
pre2013_30881,2011,1875,4,beautiful
4587135946,2014,1850,3,beautiful
pre2013_143383,2005,1750,3,beautiful
6546046175,2018,2150,3,beautiful
pre2013_42507,2011,2450,5,beautiful
pre2013_143034,2005,1850,3,beautiful
pre2013_66254,2012,2700,5,beautiful
pre2013_160063,2007,1850,4,beautiful
5628148642,2016,1690,1,beautiful
pre2013_55923,2012,2900,4,beautiful
pre2013_49629,2012,1495,3,beautiful
pre2013_82953,2006,2250,4,beautiful
5732757301,2016,2390,4,beautiful
pre2013_80615,2007,1645,3,beautiful
6514149134,2018,3050,3,beautiful
pre2013_52543,2012,1625,3,beautiful
pre2013_16157,2012,1600,3,beautiful
pre2013_69572,2012,2100,5,beautiful
pre2013_65359,2012,1615,4,beautiful
pre2013_154953,2007,2599,4,beautiful
pre2013_11310,2011,1995,3,beautiful
5412916648,2016,1780,1,beautiful
pre2013_151329,2006,2000,4,beautiful
pre2013_59753,2012,2100,4,beautiful
pre2013_26840,2007,1525,NA,beautiful
pre2013_38153,2011,2129,4,beautiful
pre2013_10196,2011,1895,3,beautiful
5503924226,2016,1785,3,beautiful
pre2013_83730,2006,1850,4,beautiful
4106247465,2013,2100,4,beautiful
pre2013_2959,2006,1795,4,beautiful
pre2013_10442,2012,2500,4,beautiful
pre2013_64178,2012,2480,5,beautiful
pre2013_22499,2012,2295,5,beautiful
pre2013_155029,2007,1550,3,beautiful
pre2013_24444,2006,2000,4,beautiful
4254025237,2013,2400,4,beautiful
pre2013_1380,2006,1800,4,beautiful
pre2013_31555,2011,1900,3,beautiful
pre2013_65806,2012,2850,5,beautiful
pre2013_27009,2007,2100,4,beautiful
pre2013_151194,2006,1700,3,beautiful
pre2013_44080,2011,2000,4,beautiful
pre2013_36490,2011,2450,3,beautiful
5779079696,2016,3200,4,beautiful
pre2013_13158,2012,1500,3,beautiful
pre2013_47526,2012,1700,3,beautiful
pre2013_151167,2006,2000,4,beautiful
4093859947,2013,1950,4,beautiful
pre2013_23295,2012,2450,3,beautiful
pre2013_14385,2012,2600,4,beautiful
pre2013_32364,2011,1795,2,beautiful
6541007925,2018,2700,5,beautiful
5464519360,2016,2700,5,beautiful
pre2013_125520,2004,1800,4,beautiful
pre2013_36447,2011,1600,3,beautiful
pre2013_41276,2011,2400,5,beautiful
pre2013_17783,2012,1725,3,beautiful
pre2013_64176,2012,2100,3,beautiful
pre2013_43301,2011,1795,3,beautiful
pre2013_44503,2011,1995,4,beautiful
pre2013_8430,2011,2950,6,beautiful
pre2013_4084,2008,1495,3,beautiful
pre2013_17471,2012,2650,4,beautiful
3749783753,2013,2250,NA,beautiful
3812550274,2013,2395,5,beautiful
pre2013_17941,2012,2195,3,beautiful
pre2013_2899,2006,2000,3,beautiful
pre2013_43783,2011,1950,4,beautiful
pre2013_44119,2011,1999,5,beautiful
pre2013_22265,2012,1995,4,beautiful
pre2013_52542,2012,1625,3,beautiful
pre2013_53818,2012,2100,4,beautiful
pre2013_34748,2011,1929,4,beautiful
pre2013_24263,2012,2580,5,beautiful
pre2013_54574,2012,1969,3,beautiful
pre2013_123062,2004,1500,2,beautiful
5536702581,2016,2700,5,beautiful
pre2013_58087,2012,2580,5,beautiful
pre2013_33774,2011,1650,3,beautiful
pre2013_13966,2012,2100,4,beautiful
pre2013_18724,2012,2300,4,beautiful
pre2013_44839,2011,2395,4,beautiful
pre2013_35136,2011,2395,5,beautiful
pre2013_18898,2012,1750,3,beautiful
pre2013_35134,2011,1595,4,beautiful
5368635283,2016,2200,4,beautiful
6433068599,2017,1780,1,beautiful
pre2013_151083,2006,1950,4,beautiful
5382353746,2016,2200,2,beautiful
4656242202,2014,2500,5,beautiful
4264291344,2013,1750,3,beautiful
pre2013_83354,2006,1800,NA,beautiful
pre2013_151069,2006,2000,4,beautiful
pre2013_42094,2011,2200,5,beautiful
pre2013_40876,2011,2250,5,beautiful
pre2013_17637,2012,2395,5,beautiful
pre2013_18050,2012,1829,3,beautiful
pre2013_148794,2006,3500,4,beautiful
pre2013_124059,2004,1100,2,beautiful
pre2013_111827,2004,2200,2,beautiful
pre2013_80035,2007,2050,2,beautiful
pre2013_149539,2006,3500,4,beautiful
pre2013_132237,2004,2200,2,beautiful
pre2013_38259,2011,4400,4,beautiful
pre2013_127639,2004,2200,3,beautiful
pre2013_72049,2012,2700,3,beautiful
5258873349,2015,3200,2,beautiful
pre2013_130376,2004,1750,2,beautiful
4834776632,2015,4500,2,beautiful
pre2013_85907,2003,2250,3,beautiful
pre2013_158373,2006,2850,3,beautiful
pre2013_22009,2012,900,2,beautiful
pre2013_33434,2011,5200,5,beautiful
pre2013_140045,2005,1295,2,beautiful
pre2013_149332,2006,2400,2,beautiful
3503414713,2013,1895,1,beautiful
pre2013_60204,2012,1800,1,beautiful
pre2013_148444,2006,2900,2,beautiful
pre2013_17967,2012,1850,2,beautiful
pre2013_106333,2004,995,1,beautiful
4667103772,2014,3105,2,beautiful
pre2013_148738,2006,995,NA,beautiful
pre2013_85230,2003,1390,2,beautiful
4667032360,2014,3008,2,beautiful
pre2013_133300,2005,1495,2,beautiful
pre2013_111110,2004,1475,2,beautiful
pre2013_108632,2004,2300,2,beautiful
pre2013_63863,2012,4200,3,beautiful
pre2013_107577,2004,995,1,beautiful
pre2013_33860,2011,3950,3,beautiful
pre2013_38234,2011,7800,5,beautiful
pre2013_140046,2005,1695,2,beautiful
4633998151,2014,2740,1,beautiful
pre2013_150424,2006,6500,5,beautiful
pre2013_149296,2006,1200,NA,beautiful
5054956246,2015,2450,1,beautiful
pre2013_143320,2005,965,1,beautiful
pre2013_4843,2007,7500,5,beautiful
4766333661,2014,3353,2,beautiful
pre2013_29615,2011,1590,2,beautiful
pre2013_55933,2012,1750,2,beautiful
5313182052,2015,2939,1,beautiful
pre2013_56269,2012,1550,1,beautiful
pre2013_149747,2006,2400,2,beautiful
5938111924,2017,1995,0,beautiful
pre2013_103784,2004,1300,2,beautiful
pre2013_49710,2012,5700,3,beautiful
pre2013_80682,2007,1475,1,beautiful
5023874312,2015,5400,3,beautiful
6645960041,2018,2150,0,beautiful
4917784396,2015,2000,1,beautiful
pre2013_49755,2012,1800,2,beautiful
4634238972,2014,2950,2,beautiful
pre2013_991,2006,3200,3,beautiful
pre2013_107731,2004,1250,1,beautiful
pre2013_125410,2004,1650,2,beautiful
5077291820,2015,3837,2,beautiful
4966905978,2015,2266,1,beautiful
pre2013_24894,2006,1000,1,beautiful
4956624013,2015,2941,2,beautiful
5066090792,2015,3832,2,beautiful
pre2013_103403,2004,2450,2,beautiful
pre2013_103633,2004,1000,1,beautiful
4988487208,2015,2396,1,beautiful
pre2013_37379,2011,2395,1,beautiful
pre2013_108557,2004,995,0,beautiful
pre2013_19616,2012,1875,2,beautiful
pre2013_149842,2006,1075,0,beautiful
5158243208,2015,7990,4,beautiful
4988468057,2015,3284,1,beautiful
pre2013_61835,2012,1595,1,beautiful
4988477371,2015,3924,2,beautiful
pre2013_83824,2006,4800,5,beautiful
pre2013_83823,2006,4800,5,beautiful
pre2013_54958,2012,3280,2,beautiful
pre2013_24148,2012,4500,3,beautiful
pre2013_52575,2012,1200,1,beautiful
pre2013_50101,2012,1800,2,beautiful
pre2013_2030,2006,2950,3,beautiful
pre2013_23952,2012,2395,1,beautiful
pre2013_83902,2006,5200,3,beautiful
3562680146,2013,1795,1,beautiful
pre2013_150681,2006,1325,1,beautiful
pre2013_110327,2004,1100,1,beautiful
pre2013_142204,2005,1025,NA,beautiful
4977696076,2015,3299,1,beautiful
pre2013_23170,2012,2600,2,beautiful
pre2013_109043,2004,1500,2,beautiful
pre2013_71606,2012,1750,1,beautiful
pre2013_143948,2005,950,1,beautiful
pre2013_138044,2005,1290,2,beautiful
pre2013_71652,2012,1975,2,beautiful
pre2013_52344,2012,5900,4,beautiful
pre2013_43434,2011,2740,2,beautiful
pre2013_110066,2004,995,0,beautiful
pre2013_29158,2011,1295,0,beautiful
pre2013_49177,2012,1220,1,beautiful
pre2013_107105,2004,995,1,beautiful
4677902002,2014,4002,3,beautiful
5088642675,2015,3460,1,beautiful
pre2013_45692,2011,2850,2,beautiful
pre2013_46802,2011,1250,1,beautiful
pre2013_12021,2011,1650,2,beautiful
pre2013_49157,2012,2300,2,beautiful
pre2013_141343,2005,1200,2,beautiful
pre2013_105411,2004,3200,4,beautiful
pre2013_11749,2011,1770,1,beautiful
pre2013_148244,2006,1250,1,beautiful
pre2013_8568,2011,1395,1,beautiful
pre2013_108873,2004,1650,2,beautiful
pre2013_108381,2004,1450,1,beautiful
4966900930,2015,2500,2,beautiful
pre2013_81999,2007,4300,3,beautiful
pre2013_26643,2007,2100,3,beautiful
4634771043,2014,3980,4,beautiful
pre2013_70463,2012,1650,2,beautiful
5302389342,2015,2095,1,beautiful
pre2013_60461,2012,2600,3,beautiful
pre2013_130277,2004,1900,3,beautiful
5796464520,2016,3150,3,beautiful
4645294810,2014,1850,2,beautiful
4946000668,2015,1995,1,beautiful
pre2013_42009,2011,2650,4,beautiful
pre2013_55438,2012,1375,1,beautiful
pre2013_157884,2006,2200,3,beautiful
pre2013_113507,2004,1550,2,beautiful
pre2013_114720,2004,2450,4,beautiful
pre2013_8488,2011,2000,2,beautiful
5807561047,2016,3600,3,beautiful
pre2013_139131,2005,1600,2,beautiful
pre2013_64495,2012,700,1,beautiful
pre2013_3414,2006,1425,2,beautiful
pre2013_139163,2005,1850,3,beautiful
5393139714,2016,3795,3,beautiful
pre2013_21828,2012,2250,2,beautiful
5280342102,2015,2300,1,beautiful
pre2013_22842,2012,1650,2,beautiful
pre2013_115928,2004,1200,2,beautiful
4656253116,2014,3995,3,beautiful
pre2013_121953,2004,1200,2,beautiful
pre2013_4559,2008,1325,1,beautiful
5830608678,2016,2550,3,beautiful
pre2013_160512,2006,1950,3,beautiful
5830633447,2016,3600,3,beautiful
pre2013_62132,2012,1550,2,beautiful
5570994134,2016,1150,3,beautiful
pre2013_112741,2004,1195,2,beautiful
pre2013_17033,2012,2200,2,beautiful
5280371578,2015,2300,1,beautiful
pre2013_140625,2005,1195,2,beautiful
5628069731,2016,2395,2,beautiful
pre2013_41176,2011,2300,3,beautiful
pre2013_77926,2008,1495,2,beautiful
pre2013_44772,2011,1325,1,beautiful
6335415348,2017,4500,4,beautiful
pre2013_70987,2012,1795,2,beautiful
pre2013_56110,2012,835,3,beautiful
5053095851,2015,3900,3,beautiful
4615019616,2014,3980,4,beautiful
5382634350,2016,1695,0,beautiful
pre2013_112970,2004,1695,2,beautiful
pre2013_144251,2005,2400,2,beautiful
pre2013_35966,2011,3250,4,beautiful
pre2013_115931,2004,1000,1,beautiful
pre2013_70933,2012,1555,3,beautiful
pre2013_22807,2012,1475,2,beautiful
pre2013_121956,2004,1000,1,beautiful
5754646188,2016,6250,4,beautiful
4797221846,2014,1300,3,beautiful
pre2013_138453,2005,850,2,beautiful
5375745488,2016,4550,2,beautiful
pre2013_79133,2008,2700,4,beautiful
pre2013_22587,2012,900,2,beautiful
pre2013_64841,2012,1795,2,beautiful
4865927253,2015,1850,1,beautiful
5291345169,2015,2045,1,beautiful
pre2013_82829,2006,2250,3,beautiful
pre2013_64844,2012,1495,1,beautiful
pre2013_41635,2011,1550,2,beautiful
4678138355,2014,2450,2,beautiful
pre2013_114022,2004,1450,2,beautiful
5698836195,2016,6250,4,beautiful
4442043296,2014,1875,2,beautiful
5774808544,2016,3600,3,beautiful
pre2013_113330,2004,895,2,beautiful
pre2013_79151,2008,1400,1,beautiful
pre2013_56794,2012,1980,2,beautiful
4977664497,2015,1895,1,beautiful
6287068257,2017,3400,2,beautiful
pre2013_119413,2004,1450,2,beautiful
5054839542,2015,3995,3,beautiful
pre2013_45557,2011,1450,1,beautiful
pre2013_119039,2004,1290,2,beautiful
4924537917,2015,1900,1,beautiful
pre2013_114003,2004,1895,3,beautiful
pre2013_35555,2011,1325,1,beautiful
pre2013_13859,2012,1325,1,beautiful
pre2013_17495,2012,2900,5,beautiful
4600382101,2014,2000,2,beautiful
pre2013_37622,2011,1350,1,beautiful
pre2013_160955,2006,2200,3,beautiful
pre2013_139475,2005,1395,2,beautiful
pre2013_78604,2008,1495,1,beautiful
pre2013_16161,2012,1695,2,beautiful
6372590803,2017,3399,3,beautiful
pre2013_141181,2005,1100,2,beautiful
pre2013_16168,2012,1425,1,beautiful
5525636559,2016,2985,2,beautiful
pre2013_115887,2004,1750,3,beautiful
pre2013_87956,2004,1800,2,beautiful
pre2013_89886,2004,2250,3,beautiful
pre2013_38991,2011,2595,2,beautiful
pre2013_44336,2011,2595,2,beautiful
pre2013_30245,2011,2220,1,beautiful
5636126169,2016,1295,0,beautiful
5037458732,2015,3150,3,beautiful
4977019356,2015,1750,2,beautiful
4591550558,2014,1750,1,beautiful
4058983512,2013,1195,1,beautiful
5783806802,2016,2450,2,beautiful
5758517927,2016,3700,2,beautiful
5088355711,2015,2975,2,beautiful
5393494686,2016,3695,2,beautiful
5200837822,2015,1875,1,beautiful
5249566815,2015,4000,3,beautiful
5041774373,2015,2895,2,beautiful
4942696161,2015,2200,3,beautiful
5428198972,2016,1400,1,beautiful
4959929877,2015,3400,3,beautiful
4644339969,2014,1655,1,beautiful
4644339969,2014,1655,1,beautiful
5066131992,2015,1295,0,beautiful
5401799781,2016,3250,2,beautiful
5279391484,2015,3000,3,beautiful
5828366654,2016,800,1,beautiful
5389428936,2016,2450,1,beautiful
5344834358,2015,3995,2,beautiful
5300877755,2015,2489,2,beautiful
4827198680,2015,2500,2,beautiful
4933668041,2015,3400,3,beautiful
5506352760,2016,2500,2,beautiful
4633313959,2014,1655,1,beautiful
4845094500,2015,1795,1,beautiful
4610242449,2014,4500,4,beautiful
pre2013_25971,2007,950,0,beautiful
5473320936,2016,2500,1,beautiful
4966087415,2015,3500,4,beautiful
4623121028,2014,750,1,beautiful
4622102963,2014,1655,1,beautiful
4949910431,2015,3500,4,beautiful
5671253571,2016,2900,2,beautiful
5447219016,2016,1400,1,beautiful
4921176281,2015,1700,1,beautiful
5003429791,2015,3500,4,beautiful
pre2013_22776,2012,2395,2,beautiful
4934026820,2015,3500,4,beautiful
5783495771,2016,3400,2,beautiful
5458324722,2016,1400,1,beautiful
6467995325,2018,2000,1,beautiful
pre2013_83272,2006,3500,4,beautiful
5761470851,2016,2500,2,beautiful
5748918899,2016,3250,3,beautiful
5512578536,2016,2500,2,beautiful
4924571597,2015,2000,2,beautiful
4834883711,2015,1595,1,beautiful
5002859071,2015,2800,3,beautiful
pre2013_97240,2004,1685,1,beautiful
pre2013_116741,2001,2750,3,beautiful
pre2013_116919,2001,1650,1,beautiful
pre2013_117138,2002,2550,NA,beautiful
pre2013_84577,2003,1550,1,beautiful
pre2013_85098,2003,1295,0,beautiful
pre2013_87808,2004,2000,2,beautiful
pre2013_117956,2004,1150,1,beautiful
pre2013_118145,2004,1800,2,beautiful
pre2013_118328,2004,1800,2,beautiful
pre2013_89224,2004,2750,2,beautiful
pre2013_100192,2004,1275,NA,beautiful
4232333655,2013,2495,0,beautiful
pre2013_100539,2004,1425,1,beautiful
pre2013_100832,2004,1275,NA,beautiful
pre2013_130530,2004,1275,NA,beautiful
pre2013_89765,2004,1195,0,beautiful
pre2013_101114,2004,2700,3,beautiful
pre2013_90095,2004,3500,3,beautiful
pre2013_90174,2004,2200,2,beautiful
pre2013_90299,2004,1095,0,beautiful
pre2013_90562,2004,1150,0,beautiful
pre2013_90809,2004,2950,3,beautiful
pre2013_91098,2004,1195,0,beautiful
pre2013_120818,2004,1195,0,beautiful
pre2013_91403,2004,2200,2,beautiful
pre2013_91412,2004,2600,3,beautiful
pre2013_133294,2005,1875,2,beautiful
pre2013_134162,2005,2300,2,beautiful
pre2013_91714,2004,1940,1,beautiful
pre2013_91782,2004,2550,2,beautiful
pre2013_92205,2004,1995,2,beautiful
pre2013_92304,2004,2500,2,beautiful
pre2013_137560,2005,1300,1,beautiful
pre2013_93068,2004,3000,2,beautiful
pre2013_153630,2007,1650,1,beautiful
pre2013_93268,2004,3000,2,beautiful
pre2013_122780,2004,3000,2,beautiful
pre2013_93478,2004,3000,3,beautiful
pre2013_93762,2004,1200,1,beautiful
pre2013_94111,2004,2400,2,beautiful
pre2013_94601,2004,1200,1,beautiful
pre2013_142401,2005,1500,1,beautiful
pre2013_94791,2004,2275,2,beautiful
pre2013_94903,2004,2400,2,beautiful
pre2013_95524,2004,2550,3,beautiful
pre2013_95545,2004,875,NA,beautiful
pre2013_95871,2004,2575,2,beautiful
pre2013_96429,2004,2575,2,beautiful
pre2013_96812,2004,2550,3,beautiful
pre2013_97035,2004,2500,3,beautiful
pre2013_126581,2004,2500,3,beautiful
pre2013_97618,2004,2575,2,beautiful
pre2013_5751,2008,4999,4,beautiful
pre2013_146123,2006,2200,2,beautiful
pre2013_98455,2004,2200,1,beautiful
pre2013_98510,2004,2500,2,beautiful
pre2013_99254,2004,2400,2,beautiful
pre2013_129037,2004,2400,2,beautiful
pre2013_100043,2004,1850,2,beautiful
pre2013_146914,2006,2300,1,beautiful
pre2013_100280,2004,3600,3,beautiful
pre2013_100594,2004,1275,NA,beautiful
pre2013_100565,2004,2400,2,beautiful
pre2013_100944,2004,1550,1,beautiful
pre2013_139140,2005,3500,2,beautiful
pre2013_31811,2011,3500,2,beautiful
5673928622,2016,3250,1,beautiful
pre2013_34045,2011,4175,2,beautiful
pre2013_34517,2011,2295,1,beautiful
pre2013_23697,2012,8500,3,beautiful
pre2013_52758,2012,3400,2,beautiful
pre2013_136282,2005,1575,1,beautiful
pre2013_38690,2011,2650,2,beautiful
5303889755,2015,20990,4,beautiful
pre2013_5344,2007,2795,2,beautiful
pre2013_43976,2011,2850,1,beautiful
pre2013_4034,2008,2100,1,beautiful
6558772331,2018,3200,1,beautiful
pre2013_6248,2009,3300,2,beautiful
5313198013,2015,3850,2,beautiful
pre2013_146630,2006,2200,1,beautiful
4248236649,2013,2695,1,beautiful
pre2013_29725,2011,3295,2,beautiful
pre2013_28847,2006,3800,3,beautiful
pre2013_80895,2007,2995,2,beautiful
pre2013_48646,2012,2000,1,beautiful
pre2013_14963,2012,4200,2,beautiful
5759830679,2016,11150,8,beautiful
5286828216,2015,2695,1,beautiful
6359730518,2017,2250,0,beautiful
pre2013_124172,2004,1500,3,beautiful
pre2013_127545,2004,600,1,beautiful
pre2013_146968,2006,2500,2,beautiful
pre2013_101354,2004,2795,3,beautiful
5807484230,2016,4300,3,beautiful
pre2013_92988,2004,950,0,beautiful
pre2013_96785,2004,3400,3,beautiful
pre2013_158589,2006,2300,2,beautiful
pre2013_2155,2006,8500,5,beautiful
5635688599,2016,4500,3,beautiful
5635687473,2016,4820,3,beautiful
pre2013_143062,2005,2600,3,beautiful
5525655262,2016,3800,2,beautiful
4254422953,2013,4222,3,beautiful
pre2013_155970,2006,2800,3,beautiful
5439822405,2016,2695,1,beautiful
5514670724,2016,3800,3,beautiful
5536684072,2016,4620,3,beautiful
4226986115,2013,1500,1,beautiful
5827016061,2016,4100,3,beautiful
pre2013_12342,2011,3350,4,beautiful
5723318860,2016,2700,1,beautiful
5741175402,2016,3150,2,beautiful
pre2013_72281,2012,3000,3,beautiful
5741175795,2016,2600,1,beautiful
4830930841,2015,1250,0,beautiful
5536670192,2016,2750,1,beautiful
pre2013_44319,2011,950,3,beautiful
4322292298,2014,3300,2,beautiful
pre2013_118286,2004,1650,3,beautiful
pre2013_119369,2004,1750,2,beautiful
pre2013_133337,2005,4500,4,beautiful
pre2013_29447,2011,4975,4,beautiful
5379252044,2016,1625,1,beautiful
pre2013_1240,2006,2195,3,beautiful
pre2013_62944,2012,1980,4,beautiful
pre2013_26825,2007,1900,2,beautiful
pre2013_49351,2012,2150,3,beautiful
5429333859,2016,1625,1,beautiful
pre2013_152662,2006,950,1,beautiful
6457791403,2018,1795,1,beautiful
pre2013_54875,2012,1400,2,beautiful
pre2013_3420,2006,3250,NA,beautiful
pre2013_3085,2006,2100,5,beautiful
5525008783,2016,4600,4,beautiful
pre2013_97671,2004,1095,1,beautiful
pre2013_127337,2004,1095,1,beautiful
pre2013_87770,2004,1100,0,beautiful
pre2013_88929,2004,1100,0,beautiful
pre2013_118443,2004,1900,1,beautiful
pre2013_99981,2004,1100,1,beautiful
pre2013_100400,2004,1350,1,beautiful
pre2013_89578,2004,1100,0,beautiful
pre2013_101350,2004,2000,2,beautiful
pre2013_120071,2004,1900,1,beautiful
pre2013_102048,2004,1795,1,beautiful
pre2013_90333,2004,1300,1,beautiful
pre2013_90824,2004,2000,2,beautiful
pre2013_102874,2004,1850,2,beautiful
pre2013_91320,2004,1095,0,beautiful
pre2013_120960,2004,1095,0,beautiful
pre2013_95472,2004,925,0,beautiful
pre2013_83591,2006,1650,1,beautiful
pre2013_93619,2004,1195,1,beautiful
pre2013_140129,2005,2400,1,beautiful
pre2013_154051,2007,1025,0,beautiful
pre2013_94062,2004,900,0,beautiful
pre2013_45095,2011,1325,1,beautiful
pre2013_95002,2004,925,0,beautiful
pre2013_95121,2004,1050,NA,beautiful
pre2013_95026,2004,1275,0,beautiful
pre2013_95300,2004,1450,1,beautiful
pre2013_124983,2004,1450,1,beautiful
pre2013_95810,2004,2000,2,beautiful
pre2013_96014,2004,2000,2,beautiful
pre2013_96316,2004,2000,2,beautiful
pre2013_125762,2004,2000,2,beautiful
pre2013_96341,2004,1050,0,beautiful
pre2013_96369,2004,1300,0,beautiful
pre2013_96988,2004,1295,1,beautiful
pre2013_97429,2004,1050,1,beautiful
pre2013_127109,2004,1050,1,beautiful
pre2013_145919,2006,1225,0,beautiful
pre2013_97907,2004,1100,1,beautiful
pre2013_98095,2004,1100,1,beautiful
pre2013_32665,2011,2600,1,beautiful
pre2013_146073,2006,985,0,beautiful
pre2013_128496,2004,1050,1,beautiful
pre2013_99726,2004,1350,1,beautiful
4261497037,2013,3322,1,beautiful
pre2013_100932,2004,850,0,beautiful
pre2013_101135,2004,1350,1,beautiful
pre2013_11321,2011,1595,1,beautiful
pre2013_31785,2011,2300,0,beautiful
pre2013_44373,2011,3400,1,beautiful
pre2013_103157,2004,1850,2,beautiful
pre2013_56101,2012,2500,1,beautiful
pre2013_27434,2007,2625,1,beautiful
pre2013_35906,2011,1245,0,beautiful
pre2013_57336,2012,2500,1,beautiful
pre2013_3029,2006,2710,2,beautiful
pre2013_3400,2006,2085,2,beautiful
pre2013_153597,2007,950,0,beautiful
pre2013_138993,2005,3000,1,beautiful
pre2013_41083,2011,2150,1,beautiful
pre2013_49881,2012,1695,0,beautiful
pre2013_42374,2011,1295,0,beautiful
pre2013_55362,2012,2973,1,beautiful
pre2013_26218,2007,1599,0,beautiful
pre2013_29354,2011,1599,1,beautiful
pre2013_44758,2011,4400,2,beautiful
4524758625,2014,3750,1,beautiful
pre2013_27615,2007,1595,0,beautiful
4547011126,2014,1795,0,beautiful
pre2013_78568,2008,1050,0,beautiful
pre2013_32631,2011,2695,1,beautiful
pre2013_12381,2011,3000,2,beautiful
5450044759,2016,4125,1,beautiful
pre2013_23067,2012,4600,2,beautiful
pre2013_22064,2012,3157,1,beautiful
pre2013_7933,2011,1599,1,beautiful
4255646830,2013,3405,1,beautiful
pre2013_70864,2012,3225,2,beautiful
4261430737,2013,4601,2,beautiful
4328238962,2014,1905,NA,beautiful
pre2013_59168,2012,1295,NA,beautiful
pre2013_147649,2006,1500,1,beautiful
pre2013_41084,2011,1400,0,beautiful
pre2013_41079,2011,1550,0,beautiful
pre2013_153721,2007,950,0,beautiful
pre2013_67042,2012,1345,1,beautiful
pre2013_67025,2012,1525,1,beautiful
pre2013_84074,2006,1510,0,beautiful
5291318514,2015,3884,0,beautiful
pre2013_59173,2012,1245,NA,beautiful
5291220249,2015,4170,1,beautiful
4254425523,2013,3277,1,beautiful
4988440834,2015,3800,1,beautiful
4249607275,2013,1995,0,beautiful
pre2013_14218,2012,3740,2,beautiful
pre2013_66501,2012,1495,0,beautiful
6377630391,2017,2250,0,beautiful
5011179089,2015,3800,1,beautiful
5533098871,2016,5005,2,beautiful
5716366797,2016,2899,1,beautiful
4667154503,2014,2300,1,beautiful
pre2013_122637,2004,1495,2,beautiful
pre2013_87002,2003,1750,3,beautiful
pre2013_32980,2011,2200,3,beautiful
pre2013_84428,2006,1500,3,beautiful
pre2013_62339,2012,1400,3,beautiful
pre2013_80404,2007,1600,3,beautiful
pre2013_63512,2012,1500,3,beautiful
pre2013_59935,2012,1450,3,beautiful
pre2013_104409,2004,2100,3,beautiful
pre2013_47196,2011,1795,1,beautiful
pre2013_53920,2012,1845,1,beautiful
pre2013_142397,2005,2275,3,beautiful
pre2013_41324,2011,2450,3,beautiful
pre2013_128671,2004,2200,3,beautiful
pre2013_109951,2004,2750,3,beautiful
pre2013_136531,2005,2200,3,beautiful
pre2013_157957,2006,2250,2,beautiful
pre2013_136698,2005,2200,3,beautiful
pre2013_145742,2006,4800,3,beautiful
pre2013_97704,2004,2300,3,beautiful
pre2013_98555,2004,2300,3,beautiful
pre2013_91276,2004,2750,3,beautiful
pre2013_134220,2005,2400,2,beautiful
pre2013_92339,2004,3000,3,beautiful
pre2013_122018,2004,3000,3,beautiful
pre2013_136797,2005,2695,4,beautiful
pre2013_92660,2004,3000,3,beautiful
pre2013_92754,2004,1950,1,beautiful
pre2013_139545,2005,4900,3,beautiful
pre2013_93913,2004,1395,1,beautiful
pre2013_26401,2007,2200,2,beautiful
pre2013_95825,2004,2600,2,beautiful
pre2013_145144,2006,4800,3,beautiful
pre2013_97102,2004,2500,3,beautiful
pre2013_22293,2012,2350,1,beautiful
pre2013_146636,2006,1250,1,beautiful
pre2013_9572,2011,4300,3,beautiful
pre2013_52432,2012,6000,4,beautiful
pre2013_9666,2011,4300,3,beautiful
pre2013_130193,2004,1450,1,beautiful
pre2013_146108,2006,1295,0,beautiful
4845786084,2015,3750,2,beautiful
pre2013_153585,2007,1480,1,beautiful
pre2013_153976,2007,3987,4,beautiful
pre2013_61618,2012,3900,2,beautiful
pre2013_25392,2007,3300,NA,beautiful
pre2013_33570,2011,605,3,beautiful
pre2013_67954,2012,3100,2,beautiful
pre2013_39841,2011,1675,NA,beautiful
5419000890,2016,4000,1,beautiful
5851220138,2016,3850,1,beautiful
4649526325,2014,3700,1,beautiful
5830802650,2016,3300,1,beautiful
pre2013_154007,2007,1499,1,beautiful
5536684454,2016,3950,2,beautiful
5955726766,2017,7500,3,beautiful
pre2013_47789,2012,1750,3,beautiful
5247472816,2015,1695,2,beautiful
5408165801,2016,2800,3,beautiful
pre2013_153226,2006,1000,NA,beautiful
pre2013_133756,2005,1595,2,beautiful
pre2013_60910,2012,2500,4,beautiful
pre2013_11873,2011,1485,2,beautiful
5156856096,2015,1995,2,beautiful
pre2013_19045,2012,2500,4,beautiful
5763427804,2016,2385,3,beautiful
pre2013_159321,2006,1800,3,beautiful
pre2013_47817,2012,2175,3,beautiful
4966920287,2015,2178,2,beautiful
4257013574,2013,2504,2,beautiful
5247492711,2015,1750,2,beautiful
pre2013_86724,2003,1350,2,beautiful
pre2013_5728,2008,1950,3,beautiful
pre2013_6673,2009,1445,2,beautiful
pre2013_119595,2004,1595,3,beautiful
pre2013_131658,2004,1100,2,beautiful
pre2013_119379,2004,1300,2,beautiful
pre2013_82527,2006,3500,5,beautiful
4651166526,2014,2700,4,beautiful
5763549326,2016,2300,3,beautiful
5616670818,2016,1695,1,beautiful
pre2013_39588,2011,1300,2,beautiful
pre2013_34267,2011,1400,2,beautiful
4845193339,2015,1696,2,beautiful
pre2013_138882,2005,1700,3,beautiful
pre2013_117962,2004,1550,3,beautiful
pre2013_53879,2012,2100,2,beautiful
pre2013_137245,2005,750,NA,beautiful
pre2013_117107,2002,1175,2,beautiful
pre2013_25167,2007,1250,2,beautiful
6569629990,2018,1845,1,beautiful
pre2013_118101,2004,2200,4,beautiful
pre2013_121743,2004,1700,3,beautiful
pre2013_71478,2012,2200,3,beautiful
pre2013_66257,2012,2200,4,beautiful
pre2013_61755,2012,2195,3,beautiful
pre2013_2231,2008,2100,3,beautiful
pre2013_142137,2005,900,1,beautiful
5799916839,2016,2275,2,beautiful
pre2013_23601,2012,1600,3,beautiful
pre2013_117163,2002,500,NA,beautiful
pre2013_79291,2008,1698,2,beautiful
pre2013_133467,2005,1850,3,beautiful
pre2013_151851,2006,2000,3,beautiful
pre2013_47495,2012,1500,2,beautiful
pre2013_6978,2008,1250,2,beautiful
pre2013_48177,2012,1250,2,beautiful
pre2013_119708,2004,1300,2,beautiful
pre2013_14229,2012,5000,5,beautiful
pre2013_38843,2011,1800,3,beautiful
pre2013_150793,2006,2100,4,beautiful
pre2013_63739,2012,1990,3,beautiful
pre2013_43778,2011,1375,2,beautiful
5616704301,2016,2195,2,beautiful
pre2013_32812,2011,870,1,beautiful
pre2013_152166,2006,1275,2,beautiful
pre2013_22969,2012,1250,2,beautiful
pre2013_38786,2011,2350,4,beautiful
pre2013_78048,2008,2500,4,beautiful
pre2013_31129,2011,2275,4,beautiful
pre2013_2184,2008,1995,4,beautiful
pre2013_33797,2011,2088,3,beautiful
pre2013_132438,2004,1900,4,beautiful
5481472782,2016,3100,3,beautiful
pre2013_1271,2006,1695,4,beautiful
4393795815,2014,1665,2,beautiful
pre2013_24273,2012,550,1,beautiful
4977666495,2015,1647,1,beautiful
pre2013_4759,2007,2700,5,beautiful
pre2013_45241,2011,1300,2,beautiful
5525665409,2016,1200,4,beautiful
pre2013_7640,2010,900,2,beautiful
5830644792,2016,1895,2,beautiful
pre2013_16575,2012,1035,3,beautiful
pre2013_116255,2001,1400,1,beautiful
pre2013_23054,2012,1447,2,beautiful
pre2013_129273,2004,1950,4,beautiful
pre2013_158986,2006,2195,3,beautiful
pre2013_17741,2012,1395,2,beautiful
pre2013_4984,2007,2750,4,beautiful
6584904301,2018,2495,2,beautiful
pre2013_47534,2012,1900,3,beautiful
pre2013_11704,2011,1195,1,beautiful
pre2013_45215,2011,2100,3,beautiful
pre2013_36878,2011,2500,3,beautiful
pre2013_83339,2006,1595,2,beautiful
pre2013_122321,2004,1195,2,beautiful
5439940376,2016,2135,2,beautiful
6627370552,2018,2750,2,beautiful
pre2013_60150,2012,1195,2,beautiful
5422725144,2016,2500,3,beautiful
pre2013_11050,2012,950,1,beautiful
4611969486,2014,2250,3,beautiful
pre2013_81643,2007,2595,3,beautiful
pre2013_57454,2012,1150,2,beautiful
pre2013_45222,2011,1900,3,beautiful
pre2013_152932,2006,1995,3,beautiful
pre2013_129328,2004,1875,3,beautiful
pre2013_12274,2011,850,0,beautiful
pre2013_130600,2004,2100,3,beautiful
pre2013_36048,2011,3000,4,beautiful
pre2013_14016,2012,2395,3,beautiful
pre2013_57822,2012,1905,2,beautiful
pre2013_152439,2006,2250,4,beautiful
pre2013_42555,2011,2250,4,beautiful
pre2013_42888,2011,2600,3,beautiful
pre2013_59321,2012,2100,3,beautiful
pre2013_152187,2006,1900,3,beautiful
pre2013_121546,2004,1275,2,beautiful
pre2013_152365,2006,2395,4,beautiful
pre2013_77530,2009,1100,4,beautiful
pre2013_83367,2006,2150,3,beautiful
pre2013_6160,2009,1700,3,beautiful
pre2013_35626,2011,2300,4,beautiful
5728726643,2016,2400,4,beautiful
4634364185,2014,1750,2,beautiful
5433674575,2016,1050,0,beautiful
pre2013_41226,2011,2100,NA,beautiful
pre2013_14969,2012,1800,3,beautiful
pre2013_34224,2011,2150,3,beautiful
pre2013_34223,2011,2150,2,beautiful
4595468577,2014,1850,3,beautiful
pre2013_31562,2011,2000,3,beautiful
pre2013_158594,2006,1095,2,beautiful
pre2013_36444,2011,2100,3,beautiful
pre2013_23894,2012,1600,3,beautiful
5439927288,2016,3100,3,beautiful
5460156490,2016,1050,0,beautiful
pre2013_10522,2012,925,1,beautiful
5722750891,2016,2400,4,beautiful
pre2013_159565,2006,2100,3,beautiful
pre2013_55551,2012,2395,4,beautiful
pre2013_152706,2006,850,2,beautiful
pre2013_64199,2012,900,2,beautiful
pre2013_50579,2012,950,3,beautiful
5437185914,2016,2600,3,beautiful
5734767461,2016,2169,2,beautiful
pre2013_72021,2012,1800,3,beautiful
pre2013_21202,2012,850,0,beautiful
pre2013_152711,2006,895,2,beautiful
pre2013_60142,2012,2000,2,beautiful
pre2013_41269,2011,2150,4,beautiful
pre2013_152996,2006,1900,3,beautiful
pre2013_135662,2005,1300,2,beautiful
pre2013_152713,2006,1250,2,beautiful
pre2013_152701,2006,795,1,beautiful
pre2013_23189,2012,2500,3,beautiful
5819622225,2016,2033,2,beautiful
pre2013_15393,2012,945,1,beautiful
pre2013_152698,2006,1950,4,beautiful
5660280998,2016,2002,2,beautiful
5741199348,2016,3000,3,beautiful
pre2013_70533,2012,2400,3,beautiful
pre2013_71991,2012,2390,3,beautiful
pre2013_22251,2012,2050,2,beautiful
5660259431,2016,2698,2,beautiful
pre2013_123194,2004,432,1,beautiful
pre2013_65852,2012,2650,4,beautiful
5810258745,2016,2100,0,beautiful
pre2013_134614,2005,2000,4,beautiful
pre2013_15403,2012,1045,3,beautiful
pre2013_49681,2012,2195,3,beautiful
pre2013_22294,2012,2150,3,beautiful
4618037373,2014,2925,4,beautiful
pre2013_13440,2012,925,1,beautiful
pre2013_4389,2008,1145,2,beautiful
pre2013_18863,2012,1650,3,beautiful
5570990839,2016,3165,2,beautiful
5437120242,2016,2600,3,beautiful
pre2013_14052,2012,800,1,beautiful
5418862830,2016,2250,3,beautiful
4137839638,2013,1476,1,beautiful
6635220272,2018,1925,2,beautiful
5524046239,2016,3500,5,beautiful
3868514355,2013,3200,3,beautiful
5417444196,2016,3445,3,beautiful
5451856775,2016,3500,4,beautiful
4633413378,2014,1475,1,beautiful
5439188219,2016,3445,3,beautiful
5457941945,2016,3445,3,beautiful
5388261416,2016,3500,4,beautiful
4162944574,2013,2100,2,beautiful
5494243406,2016,2900,3,beautiful
4846653179,2015,3500,4,beautiful
4145775193,2013,1395,0,beautiful
pre2013_16429,2012,1550,2,beautiful
5280329921,2015,3245,3,beautiful
5782100080,2016,3600,3,beautiful
5170816159,2015,2250,1,beautiful
5741964655,2016,4100,3,beautiful
5530876836,2016,3275,3,beautiful
4621582301,2014,1475,1,beautiful
4568713951,2014,2950,3,beautiful
4834131619,2015,2400,2,beautiful
5533946680,2016,3275,3,beautiful
5401750659,2016,3500,4,beautiful
5524330246,2016,3445,3,beautiful
5817624525,2016,3950,3,beautiful
5530875872,2016,3445,3,beautiful
5520462210,2016,2650,3,beautiful
4994469578,2015,3495,3,beautiful
pre2013_25072,2007,2500,3,beautiful
4646613262,2014,1200,0,beautiful
5449065298,2016,3445,3,beautiful
5158982590,2015,2850,3,beautiful
5403163696,2016,2000,1,beautiful
5513684490,2016,3445,3,beautiful
pre2013_14426,2012,2100,1,beautiful
4131999515,2013,1395,0,beautiful
5818780354,2016,2300,2,beautiful
5470525465,2016,3445,3,beautiful
pre2013_131999,2004,1385,1,beautiful
5133556298,2015,2600,2,beautiful
5133805074,2015,2600,2,beautiful
3877324129,2013,3950,3,beautiful
pre2013_25908,2007,2800,3,beautiful
3811907095,2013,3575,3,beautiful
4258049579,2013,2995,2,beautiful
5048546079,2015,3950,4,beautiful
4961651578,2015,2700,3,beautiful
5413355549,2016,3500,4,beautiful
5413245847,2016,3445,3,beautiful
5402782830,2016,3445,3,beautiful
pre2013_26158,2007,2500,3,beautiful
5071570872,2015,2650,2,beautiful
5782344713,2016,2600,2,beautiful
5470010615,2016,3900,3,beautiful
pre2013_136503,2005,1475,1,beautiful
3876497544,2013,3950,3,beautiful
4864435220,2015,2550,3,beautiful
5190976181,2015,2900,2,beautiful
4638206152,2014,2700,2,beautiful
5409421644,2016,3300,3,beautiful
pre2013_6677,2009,2600,3,beautiful
pre2013_87341,2003,2800,3,beautiful
5825878139,2016,2500,1,beautiful
pre2013_80783,2007,2075,2,beautiful
pre2013_35813,2011,2015,2,beautiful
4966827585,2015,2188,1,beautiful
4644200565,2014,4975,3,beautiful
pre2013_6481,2009,1825,2,beautiful
pre2013_164516,2006,990,0,beautiful
5066233489,2015,2248,1,beautiful
pre2013_60726,2012,2425,3,beautiful
4914264813,2015,3000,2,beautiful
5796293854,2016,4400,3,beautiful
5413970876,2016,7950,4,beautiful
pre2013_48535,2012,1875,2,beautiful
4257047766,2013,4100,3,beautiful
4270038847,2014,4100,3,beautiful
pre2013_35378,2011,1510,1,beautiful
pre2013_46541,2011,2015,2,beautiful
5439758350,2016,2393,1,beautiful
pre2013_3363,2006,2375,3,beautiful
pre2013_79725,2006,2375,3,beautiful
5829250404,2016,4200,4,beautiful
5672483414,2016,6400,4,beautiful
4600600429,2014,875,1,beautiful
pre2013_29652,2011,1662,2,beautiful
5419056108,2016,4700,4,beautiful
pre2013_77042,2010,1799,2,beautiful
5525443485,2016,3575,2,beautiful
pre2013_11684,2011,2900,3,beautiful
pre2013_10902,2012,2450,2,beautiful
pre2013_27895,2008,2500,3,beautiful
pre2013_52759,2012,6850,5,beautiful
pre2013_127682,2004,2200,2,beautiful
pre2013_24980,2006,1995,2,beautiful
pre2013_2003,2006,2450,3,beautiful
pre2013_54498,2012,1975,1,beautiful
pre2013_142948,2005,2650,4,beautiful
6287966071,2017,3886,2,beautiful
pre2013_86040,2003,1900,3,beautiful
4129140243,2013,3150,3,beautiful
pre2013_53729,2012,2670,2,beautiful
pre2013_122106,2004,2000,3,beautiful
pre2013_86095,2003,1795,2,beautiful
pre2013_28721,2010,1500,4,beautiful
pre2013_52786,2012,900,1,beautiful
pre2013_17695,2012,4000,4,beautiful
5395954986,2016,5200,5,beautiful
pre2013_35983,2011,1900,2,beautiful
pre2013_125539,2004,2275,3,beautiful
pre2013_16615,2012,2195,2,beautiful
5043484320,2015,2228,1,beautiful
pre2013_140445,2005,1750,3,beautiful
pre2013_27129,2007,4500,5,beautiful
pre2013_13717,2012,2800,3,beautiful
4689185833,2014,1865,0,beautiful
pre2013_21238,2012,2350,2,beautiful
5392959037,2016,1988,NA,beautiful
pre2013_119801,2004,3200,4,beautiful
pre2013_44394,2011,4995,4,beautiful
pre2013_28725,2010,700,1,beautiful
pre2013_39904,2011,4995,4,beautiful
pre2013_160407,2006,1200,NA,beautiful
5417158585,2016,3950,3,beautiful
pre2013_114691,2004,2550,3,beautiful
pre2013_68624,2012,3750,3,beautiful
pre2013_40781,2011,2300,2,beautiful
5785506770,2016,3850,3,beautiful
5419002108,2016,3800,3,beautiful
pre2013_67139,2012,2700,3,beautiful
4442067869,2014,3230,2,beautiful
4634089716,2014,3360,2,beautiful
pre2013_35060,2011,4995,4,beautiful
5525678646,2016,2754,1,beautiful
5628029312,2016,2733,1,beautiful
5503890601,2016,2423,1,beautiful
pre2013_128348,2004,2200,2,beautiful
5066185639,2015,2646,1,beautiful
pre2013_62871,2012,2950,2,beautiful
4571109602,2014,2383,1,beautiful
6508728163,2018,3600,3,beautiful
pre2013_113341,2004,2300,3,beautiful
pre2013_47069,2011,2670,2,beautiful
pre2013_8814,2011,2200,2,beautiful
4956700659,2015,2643,1,beautiful
pre2013_161976,2006,2600,3,beautiful
6566627085,2018,4150,3,beautiful
pre2013_161506,2006,1490,1,beautiful
pre2013_26269,2007,3990,5,beautiful
4634349403,2014,4500,4,beautiful
5525465560,2016,2398,1,beautiful
pre2013_159145,2006,1403,1,beautiful
5404498748,2016,3600,1,beautiful
4030507050,2013,3150,2,beautiful
pre2013_115847,2004,2400,3,beautiful
pre2013_63285,2012,1585,3,beautiful
pre2013_61644,2012,2400,2,beautiful
4815634762,2014,3195,3,beautiful
pre2013_39501,2011,3790,4,beautiful
4678238316,2014,3950,4,beautiful
pre2013_44769,2011,5000,4,beautiful
5729785109,2016,2515,1,beautiful
pre2013_12995,2012,3400,4,beautiful
pre2013_4905,2007,2600,3,beautiful
6645943784,2018,2624,NA,beautiful
pre2013_115732,2004,2250,3,beautiful
4865829093,2015,3000,2,beautiful
5796464493,2016,4500,4,beautiful
5419024234,2016,2495,1,beautiful
5439489762,2016,2145,1,beautiful
pre2013_81177,2007,2300,3,beautiful
5752411675,2016,2195,2,beautiful
pre2013_142973,2005,1695,2,beautiful
5729804556,2016,3552,2,beautiful
pre2013_141091,2005,1750,3,beautiful
5819611308,2016,2652,1,beautiful
pre2013_160410,2006,1600,2,beautiful
4855451406,2015,3000,2,beautiful
4956742857,2015,3377,2,beautiful
pre2013_17516,2012,1528,1,beautiful
5756706314,2016,3795,3,beautiful
pre2013_16926,2012,4000,4,beautiful
pre2013_160855,2006,2200,2,beautiful
pre2013_42480,2011,3000,3,beautiful
6546037749,2018,2870,1,beautiful
pre2013_46323,2011,4800,4,beautiful
pre2013_114329,2004,3200,4,beautiful
5457112450,2016,3600,1,beautiful
5439524635,2016,2150,1,beautiful
4935190703,2015,600,1,beautiful
5419043539,2016,2375,1,beautiful
6305942393,2017,2221,1,beautiful
pre2013_124332,2004,2200,3,beautiful
5741292110,2016,2350,2,beautiful
5439501366,2016,2150,1,beautiful
pre2013_10582,2012,2350,2,beautiful
5741131686,2016,2323,1,beautiful
pre2013_156727,2006,1475,2,beautiful
pre2013_113866,2004,2200,3,beautiful
5672568689,2016,2700,1,beautiful
pre2013_59254,2012,4000,4,beautiful
4974310768,2015,3972,3,beautiful
pre2013_79137,2008,1450,1,beautiful
pre2013_115735,2004,1880,3,beautiful
pre2013_39105,2011,3850,5,beautiful
pre2013_158895,2006,2200,3,beautiful
4611661386,2014,2108,1,beautiful
4815644530,2014,3195,3,beautiful
5429305843,2016,3544,2,beautiful
pre2013_10992,2012,3500,3,beautiful
5774661608,2016,1994,0,beautiful
pre2013_65703,2012,3100,3,beautiful
5626468887,2016,4157,3,beautiful
pre2013_157266,2006,1475,2,beautiful
pre2013_79140,2008,3150,4,beautiful
pre2013_53427,2012,2950,4,beautiful
pre2013_7322,2008,3480,4,beautiful
4254827941,2013,4800,4,beautiful
5373352485,2016,3500,3,beautiful
pre2013_79155,2008,2195,4,beautiful
pre2013_108655,2004,1466,2,beautiful
pre2013_31977,2011,2095,2,beautiful
pre2013_44232,2011,2100,3,beautiful
pre2013_59851,2012,2550,3,beautiful
pre2013_43800,2011,1600,2,beautiful
pre2013_109676,2004,1750,3,beautiful
pre2013_71183,2012,3000,3,beautiful
pre2013_108642,2004,1750,3,beautiful
4677879154,2014,3310,2,beautiful
pre2013_30519,2011,1765,1,beautiful
5966680563,2017,2075,1,beautiful
pre2013_104969,2004,2000,3,beautiful
pre2013_58197,2012,2895,3,beautiful
pre2013_59857,2012,2550,3,beautiful
pre2013_43148,2011,2450,2,beautiful
pre2013_59808,2012,1800,4,beautiful
pre2013_52581,2012,2495,3,beautiful
pre2013_108658,2004,999,0,beautiful
pre2013_52882,2012,2495,3,beautiful
pre2013_48623,2012,2375,2,beautiful
pre2013_35218,2011,2049,2,beautiful
pre2013_71148,2012,2620,1,beautiful
5313197951,2015,2399,1,beautiful
pre2013_38236,2011,1700,2,beautiful
pre2013_104928,2004,2100,3,beautiful
pre2013_69700,2012,2495,2,beautiful
pre2013_59848,2012,2550,3,beautiful
pre2013_83871,2006,3200,3,beautiful
pre2013_109502,2004,1895,2,beautiful
pre2013_36955,2011,1704,1,beautiful
pre2013_111372,2004,1550,2,beautiful
4956604723,2015,3038,2,beautiful
pre2013_43840,2011,2225,1,beautiful
pre2013_49361,2012,2500,4,beautiful
pre2013_21847,2012,2500,3,beautiful
pre2013_48474,2012,2100,3,beautiful
pre2013_108473,2004,1900,2,beautiful
pre2013_13692,2012,2600,4,beautiful
pre2013_150467,2006,1800,2,beautiful
3610354766,2013,1690,2,beautiful
pre2013_108112,2004,1800,3,beautiful
pre2013_154321,2007,1900,3,beautiful
pre2013_17632,2012,1250,0,beautiful
pre2013_8905,2011,3800,5,beautiful
4956676288,2015,1995,0,beautiful
pre2013_35234,2011,975,1,beautiful
pre2013_52586,2012,1950,2,beautiful
pre2013_127502,2004,1750,3,beautiful
pre2013_126414,2004,1800,2,beautiful
pre2013_109144,2004,1800,2,beautiful
pre2013_52879,2012,2495,3,beautiful
pre2013_49393,2012,1800,2,beautiful
4935247151,2015,3500,2,beautiful
4834944498,2015,3800,4,beautiful
4655968488,2014,3154,2,beautiful
pre2013_107822,2004,1000,1,beautiful
pre2013_107877,2004,1800,3,beautiful
pre2013_22554,2012,2410,1,beautiful
pre2013_109352,2004,1165,1,beautiful
pre2013_109321,2004,1895,2,beautiful
pre2013_154225,2007,2980,4,beautiful
pre2013_61475,2012,2550,3,beautiful
4766305526,2014,1700,1,beautiful
pre2013_106807,2004,949,0,beautiful
pre2013_58151,2012,1850,2,beautiful
pre2013_23078,2012,2550,3,beautiful
pre2013_103755,2004,2100,3,beautiful
pre2013_12936,2012,1400,2,beautiful
pre2013_23040,2012,2550,3,beautiful
pre2013_62044,2012,2100,2,beautiful
pre2013_40265,2011,2450,2,beautiful
pre2013_107705,2004,1800,3,beautiful
pre2013_105129,2004,2100,2,beautiful
pre2013_106820,2004,1095,1,beautiful
pre2013_105139,2004,1710,2,beautiful
pre2013_150337,2006,2500,3,beautiful
pre2013_105623,2004,1710,2,beautiful
pre2013_61453,2012,2650,2,beautiful
pre2013_96694,2004,1950,2,beautiful
pre2013_104850,2004,1850,3,beautiful
pre2013_137222,2005,1250,1,beautiful
pre2013_111951,2004,1560,2,beautiful
pre2013_104070,2004,2100,3,beautiful
pre2013_58596,2012,2025,3,beautiful
pre2013_83921,2006,2095,3,beautiful
4030496174,2013,1550,1,beautiful
pre2013_63475,2012,2825,2,beautiful
pre2013_121169,2004,1150,1,beautiful
pre2013_104441,2004,1950,3,beautiful
5054843468,2015,1960,0,beautiful
pre2013_62253,2012,3995,5,beautiful
pre2013_111875,2004,1560,2,beautiful
pre2013_40537,2011,2230,2,beautiful
pre2013_106464,2004,1150,1,beautiful
pre2013_70152,2012,1225,3,beautiful
pre2013_103698,2004,2000,3,beautiful
pre2013_108429,2004,1990,3,beautiful
pre2013_39258,2011,2195,3,beautiful
pre2013_103509,2004,1720,2,beautiful
pre2013_129740,2004,2400,4,beautiful
pre2013_69264,2012,2100,2,beautiful
4259844705,2013,2450,5,beautiful
pre2013_106167,2004,850,1,beautiful
5756276884,2016,3900,4,beautiful
pre2013_72106,2012,2465,2,beautiful
pre2013_54961,2012,2290,3,beautiful
pre2013_34377,2011,1800,2,beautiful
pre2013_106739,2004,2100,3,beautiful
pre2013_25035,2006,1850,2,beautiful
pre2013_38906,2011,2300,3,beautiful
pre2013_104472,2004,1720,2,beautiful
pre2013_120804,2004,1150,1,beautiful
pre2013_58973,2012,2190,2,beautiful
pre2013_105812,2004,2100,3,beautiful
pre2013_17725,2012,2495,3,beautiful
pre2013_105362,2004,1500,2,beautiful
pre2013_98169,2004,950,1,beautiful
pre2013_150158,2006,2200,3,beautiful
pre2013_127901,2004,950,1,beautiful
pre2013_106500,2004,1150,1,beautiful
pre2013_31625,2011,1200,3,beautiful
pre2013_103884,2004,1950,3,beautiful
pre2013_124839,2004,825,0,beautiful
pre2013_145081,2005,1885,3,beautiful
4865827624,2015,2200,2,beautiful
pre2013_109786,2004,1750,3,beautiful
pre2013_18802,2012,2200,3,beautiful
pre2013_108828,2004,1750,3,beautiful
pre2013_38562,2011,2220,2,beautiful
pre2013_107366,2004,1850,3,beautiful
pre2013_111180,2004,1950,3,beautiful
pre2013_104260,2004,1850,3,beautiful
pre2013_8584,2011,2500,3,beautiful
pre2013_122276,2004,1950,3,beautiful
pre2013_106283,2004,850,1,beautiful
pre2013_117595,2004,950,0,beautiful
pre2013_109728,2004,975,NA,beautiful
pre2013_149556,2006,2400,3,beautiful
pre2013_69205,2012,1650,1,beautiful
pre2013_56257,2012,2550,3,beautiful
pre2013_13960,2012,2499,4,beautiful
pre2013_30025,2011,2500,3,beautiful
pre2013_112027,2004,1230,1,beautiful
pre2013_149268,2006,2200,3,beautiful
pre2013_14006,2012,2800,3,beautiful
pre2013_13974,2012,2800,3,beautiful
pre2013_109225,2004,1750,3,beautiful
pre2013_126808,2004,1650,NA,beautiful
pre2013_148839,2006,2400,3,beautiful
pre2013_105951,2004,1600,2,beautiful
pre2013_119837,2004,1100,1,beautiful
pre2013_46438,2011,2200,3,beautiful
pre2013_104218,2004,2100,3,beautiful
6433072227,2017,3400,3,beautiful
4600452101,2014,1300,1,beautiful
pre2013_149344,2006,1950,3,beautiful
5246183766,2015,3295,3,beautiful
pre2013_105018,2004,2100,3,beautiful
pre2013_105923,2004,1800,3,beautiful
4988514050,2015,1875,0,beautiful
pre2013_127894,2004,1650,3,beautiful
pre2013_60658,2012,2400,4,beautiful
pre2013_63824,2012,1250,0,beautiful
pre2013_150040,2006,2500,3,beautiful
pre2013_106023,2004,2100,3,beautiful
pre2013_107167,2004,1950,3,beautiful
pre2013_56530,2012,3000,4,beautiful
pre2013_41301,2011,2450,3,beautiful
pre2013_53913,2012,2490,3,beautiful
6488645971,2018,2500,2,beautiful
4600398347,2014,3337,2,beautiful
pre2013_136578,2005,1250,1,beautiful
pre2013_108554,2004,1950,3,beautiful
pre2013_105700,2004,2100,3,beautiful
pre2013_23724,2012,1495,2,beautiful
pre2013_56569,2012,2500,4,beautiful
pre2013_64211,2012,1500,4,beautiful
pre2013_64250,2012,2575,4,beautiful
pre2013_112253,2004,1235,1,beautiful
5280299674,2015,1750,1,beautiful
pre2013_85176,2003,1050,1,beautiful
pre2013_158228,2006,1900,2,beautiful
pre2013_108064,2004,1800,3,beautiful
5269432214,2015,2933,1,beautiful
5077160886,2015,2165,1,beautiful
pre2013_124753,2004,1750,3,beautiful
pre2013_78451,2008,1200,1,beautiful
pre2013_68255,2012,2000,2,beautiful
pre2013_108543,2004,1750,3,beautiful
pre2013_148442,2006,2600,NA,beautiful
pre2013_112039,2004,1560,2,beautiful
pre2013_17696,2012,3200,4,beautiful
pre2013_17072,2012,2800,4,beautiful
pre2013_4786,2007,3375,5,beautiful
pre2013_155075,2007,1900,2,beautiful
pre2013_128040,2004,1195,2,beautiful
pre2013_155031,2007,1850,2,beautiful
4800728579,2014,2200,2,beautiful
4656253940,2014,1150,0,beautiful
4812159116,2014,2200,2,beautiful
pre2013_129378,2004,1650,3,beautiful
pre2013_13314,2012,1850,2,beautiful
5419550011,2016,2750,2,beautiful
pre2013_17192,2012,2200,2,beautiful
pre2013_13704,2012,630,1,beautiful
pre2013_7019,2008,3200,NA,beautiful
pre2013_44908,2011,4000,4,beautiful
pre2013_23787,2012,1345,1,beautiful
4259987137,2013,2250,2,beautiful
pre2013_129410,2004,1145,2,beautiful
4689196075,2014,4995,5,beautiful
pre2013_24622,2006,2300,3,beautiful
pre2013_140631,2005,995,1,beautiful
5445001493,2016,4190,4,beautiful
pre2013_49358,2012,2900,5,beautiful
5413894366,2016,4500,4,beautiful
pre2013_127770,2004,2500,4,beautiful
pre2013_48433,2012,2600,3,beautiful
pre2013_13100,2012,2950,4,beautiful
pre2013_153238,2006,2350,5,beautiful
pre2013_25809,2007,3500,5,beautiful
pre2013_118331,2004,1850,3,beautiful
5464861373,2016,4680,5,beautiful
pre2013_55203,2012,1695,2,beautiful
pre2013_41235,2011,3000,3,beautiful
5807494508,2016,3900,4,beautiful
5247438906,2015,2431,2,beautiful
pre2013_156147,2006,2300,3,beautiful
4656134837,2014,5700,5,beautiful
pre2013_50021,2012,1567,1,beautiful
pre2013_24540,2006,2100,3,beautiful
pre2013_39545,2011,5800,6,beautiful
6514147979,2018,4300,4,beautiful
pre2013_63393,2012,4900,5,beautiful
5523247253,2016,11000,6,beautiful
pre2013_137562,2005,2400,3,beautiful
4656051664,2014,2175,2,beautiful
pre2013_18595,2012,2700,3,beautiful
pre2013_28427,2008,1600,1,beautiful
pre2013_6722,2009,2600,4,beautiful
pre2013_124562,2004,3600,3,beautiful
pre2013_150775,2006,1750,2,beautiful
5638019697,2016,3250,3,beautiful
pre2013_153184,2006,3200,4,beautiful
pre2013_129691,2004,2500,3,beautiful
pre2013_82923,2006,2850,3,beautiful
pre2013_141428,2005,2995,4,beautiful
pre2013_81263,2007,1750,2,beautiful
pre2013_14682,2012,4495,5,beautiful
pre2013_27360,2007,1650,2,beautiful
pre2013_153301,2006,3700,4,beautiful
pre2013_10796,2011,2100,2,beautiful
pre2013_11997,2011,1620,1,beautiful
pre2013_12811,2012,2850,4,beautiful
pre2013_32871,2011,6800,4,beautiful
pre2013_42085,2011,4750,5,beautiful
pre2013_27059,2007,3200,4,beautiful
4634119483,2014,2169,2,beautiful
pre2013_153174,2006,1200,1,beautiful
pre2013_155661,2006,1950,3,beautiful
pre2013_5939,2009,1673,2,beautiful
5481601262,2016,5895,4,beautiful
pre2013_151410,2006,2050,3,beautiful
pre2013_26996,2007,2800,4,beautiful
pre2013_45266,2011,2800,3,beautiful
pre2013_4324,2008,3100,3,beautiful
5638038014,2016,4980,4,beautiful
pre2013_150833,2006,2700,3,beautiful
6369613588,2017,3600,4,beautiful
3802568623,2013,4995,3,beautiful
pre2013_42122,2011,900,1,beautiful
pre2013_24035,2012,4195,4,beautiful
pre2013_156565,2006,3250,5,beautiful
4973135029,2015,3000,3,beautiful
pre2013_56829,2012,1250,0,beautiful
pre2013_12499,2011,4200,5,beautiful
5434149703,2016,1995,1,beautiful
pre2013_86790,2003,1425,2,beautiful
5434148634,2016,2869,2,beautiful
6627379619,2018,3950,3,beautiful
5476851910,2016,5298,5,beautiful
pre2013_58115,2012,2400,2,beautiful
pre2013_33292,2011,2250,3,beautiful
5727353545,2016,3200,3,beautiful
5606212060,2016,4950,4,beautiful
pre2013_64904,2012,2595,3,beautiful
5651408067,2016,5000,4,beautiful
5672547521,2016,3200,3,beautiful
pre2013_23213,2012,1250,0,beautiful
pre2013_152250,2006,1585,2,beautiful
5749036639,2016,3200,3,beautiful
pre2013_11666,2011,4000,4,beautiful
pre2013_157632,2006,1995,3,beautiful
pre2013_128600,2004,2000,3,beautiful
pre2013_41668,2011,600,1,beautiful
4253045773,2013,1869,2,beautiful
pre2013_80027,2007,1900,3,beautiful
pre2013_132542,2004,2100,3,beautiful
pre2013_141577,2005,1350,2,beautiful
3878848486,2013,1876,1,beautiful
pre2013_12545,2011,2499,3,beautiful
4700070964,2014,1800,3,beautiful
pre2013_159625,2006,2895,5,beautiful
pre2013_82962,2006,3499,3,beautiful
6531235866,2018,2500,2,beautiful
pre2013_33815,2011,2850,3,beautiful
pre2013_58942,2012,3500,4,beautiful
5451580233,2016,4580,4,beautiful
pre2013_3630,2008,1850,2,beautiful
pre2013_25527,2007,1150,1,beautiful
pre2013_120963,2004,1667,2,beautiful
pre2013_60164,2012,4500,5,beautiful
pre2013_80310,2007,1495,1,beautiful
5818445455,2016,3800,4,beautiful
pre2013_142134,2005,4999,5,beautiful
pre2013_152376,2006,3000,4,beautiful
pre2013_65403,2012,2450,3,beautiful
pre2013_143951,2005,1900,NA,beautiful
pre2013_46721,2011,2800,3,beautiful
5460206915,2016,4000,4,beautiful
4592519075,2014,3825,4,beautiful
pre2013_11887,2011,1825,2,beautiful
pre2013_25995,2007,3195,4,beautiful
pre2013_42923,2011,2800,3,beautiful
pre2013_77277,2010,2495,4,beautiful
pre2013_51267,2012,1630,2,beautiful
pre2013_22255,2012,3749,4,beautiful
5432548669,2016,2000,1,beautiful
pre2013_37734,2011,1750,2,beautiful
pre2013_151707,2006,1995,3,beautiful
5382721618,2016,7750,4,beautiful
pre2013_152358,2006,1220,1,beautiful
pre2013_141658,2005,3200,3,beautiful
5615094993,2016,4300,3,beautiful
pre2013_47480,2012,1747,2,beautiful
pre2013_79295,2008,1450,1,beautiful
pre2013_142742,2005,2800,4,beautiful
pre2013_62172,2012,2100,3,beautiful
4565859126,2014,2522,2,beautiful
pre2013_98318,2004,1895,2,beautiful
pre2013_87930,2004,1850,2,beautiful
pre2013_98911,2004,2295,2,beautiful
pre2013_88619,2004,2095,3,beautiful
pre2013_89179,2004,1700,2,beautiful
pre2013_89203,2004,6000,5,beautiful
pre2013_89273,2004,2000,2,beautiful
pre2013_118648,2004,2000,2,beautiful
pre2013_101238,2004,2400,2,beautiful
pre2013_101255,2004,2695,3,beautiful
pre2013_31831,2011,2700,2,beautiful
pre2013_91559,2004,3200,4,beautiful
pre2013_94265,2004,1499,1,beautiful
pre2013_94675,2004,1350,1,beautiful
pre2013_96038,2004,2015,2,beautiful
pre2013_96823,2004,1895,2,beautiful
pre2013_96921,2004,1475,1,beautiful
pre2013_145785,2006,2995,4,beautiful
pre2013_99734,2004,1395,1,beautiful
pre2013_79764,2007,2295,2,beautiful
pre2013_100622,2004,2015,2,beautiful
pre2013_130255,2004,2015,2,beautiful
pre2013_100654,2004,3400,3,beautiful
pre2013_130321,2004,3400,3,beautiful
pre2013_101436,2004,2695,3,beautiful
pre2013_101562,2004,2350,3,beautiful
pre2013_84048,2006,2395,2,beautiful
pre2013_2923,2006,1999,2,beautiful
pre2013_141314,2005,1200,1,beautiful
pre2013_154162,2007,2100,NA,beautiful
pre2013_77150,2010,4175,4,beautiful
pre2013_67517,2012,2980,2,beautiful
pre2013_34548,2011,2900,3,beautiful
pre2013_67451,2012,2850,2,beautiful
3562454214,2013,2750,2,beautiful
pre2013_116515,2001,1550,3,beautiful
pre2013_95801,2004,2299,1,beautiful
pre2013_70358,2012,30000,3,beautiful
4252960793,2013,3570,2,beautiful
pre2013_100148,2004,3900,2,beautiful
pre2013_68426,2012,1275,0,beautiful
pre2013_60607,2012,2300,2,beautiful
5258247059,2015,3600,1,beautiful
pre2013_28833,2006,995,0,beautiful
5672632853,2016,2050,0,beautiful
pre2013_12077,2011,1200,0,beautiful
pre2013_68502,2012,2000,1,beautiful
pre2013_41973,2011,1225,NA,beautiful
pre2013_43739,2011,2200,3,beautiful
5628180283,2016,3300,3,beautiful
4845215984,2015,1999,2,beautiful
pre2013_155107,2007,1340,2,beautiful
pre2013_5436,2007,2200,3,beautiful
pre2013_9624,2011,1250,1,beautiful
pre2013_26346,2007,1800,NA,beautiful
pre2013_144143,2005,2100,4,beautiful
pre2013_144162,2005,2300,3,beautiful
pre2013_5831,2008,2650,3,beautiful
5523735696,2016,2186,2,beautiful
pre2013_33758,2011,1895,3,beautiful
6287955809,2017,2120,2,beautiful
pre2013_9720,2011,1250,1,beautiful
pre2013_84235,2006,875,0,beautiful
4030447734,2013,2100,4,beautiful
pre2013_54221,2012,1485,1,beautiful
pre2013_151282,2006,2350,3,beautiful
4245803617,2013,2700,5,beautiful
4963592589,2015,3089,0,beautiful
5729878550,2016,2450,2,beautiful
5807504265,2016,3700,4,beautiful
6546040101,2018,3425,3,beautiful
pre2013_55199,2012,2100,4,beautiful
pre2013_38147,2011,2800,3,beautiful
pre2013_124149,2004,1300,3,beautiful
pre2013_135698,2005,2100,4,beautiful
5549025008,2016,2675,2,beautiful
pre2013_160126,2010,2950,4,beautiful
5419562968,2016,950,2,beautiful
pre2013_1716,2006,1727,2,beautiful
pre2013_50344,2012,1780,1,beautiful
4966906099,2015,1999,1,beautiful
pre2013_25270,2007,2000,3,beautiful
pre2013_24086,2012,1350,1,beautiful
pre2013_1648,2006,1280,1,beautiful
3532834931,2013,2050,4,beautiful
pre2013_32394,2011,1270,1,beautiful
pre2013_14296,2012,1950,5,beautiful
pre2013_10866,2012,1376,1,beautiful
pre2013_13577,2012,2950,4,beautiful
pre2013_33301,2011,1995,4,beautiful
pre2013_26,2006,1800,3,beautiful
pre2013_127435,2004,1800,NA,beautiful
5171347189,2015,2081,2,beautiful
pre2013_127030,2004,1695,3,beautiful
pre2013_72444,2012,4000,5,beautiful
pre2013_138541,2005,1800,3,beautiful
6506683160,2018,3300,3,beautiful
pre2013_22591,2012,1750,4,beautiful
pre2013_6009,2009,2495,3,beautiful
5729828450,2016,2389,2,beautiful
6305942078,2017,2645,3,beautiful
pre2013_55531,2012,2100,3,beautiful
pre2013_19656,2012,2134,2,beautiful
pre2013_64949,2012,2200,3,beautiful
pre2013_129765,2004,2500,4,beautiful
pre2013_62587,2012,1750,4,beautiful
6415427330,2017,3384,3,beautiful
pre2013_28272,2008,2400,3,beautiful
5664899186,2016,4500,4,beautiful
pre2013_47539,2012,2995,4,beautiful
5637878525,2016,2906,2,beautiful
5626661124,2016,4700,5,beautiful
pre2013_138396,2005,3000,4,beautiful
pre2013_19592,2012,2250,3,beautiful
4924652120,2015,2143,1,beautiful
pre2013_12880,2012,2375,3,beautiful
5525695798,2016,2490,4,beautiful
5626578119,2016,1100,0,beautiful
5410762018,2016,2507,1,beautiful
pre2013_62175,2012,2050,2,beautiful
pre2013_51575,2012,1675,2,beautiful
pre2013_7081,2008,3495,4,beautiful
pre2013_53191,2012,1995,3,beautiful
5660214432,2016,2705,2,beautiful
4865960158,2015,1996,1,beautiful
pre2013_15918,2012,1845,2,beautiful
pre2013_42936,2011,1450,2,beautiful
5429264548,2016,2653,2,beautiful
pre2013_151129,2006,1670,2,beautiful
pre2013_121469,2004,1195,2,beautiful
5660247466,2016,2415,1,beautiful
pre2013_55224,2012,1675,2,beautiful
pre2013_70526,2012,1698,2,beautiful
pre2013_48439,2012,4495,6,beautiful
5729873157,2016,1750,1,beautiful
4264251719,2013,900,NA,beautiful
pre2013_154949,2007,1695,3,beautiful
pre2013_70614,2012,1456,1,beautiful
5434144973,2016,3250,3,beautiful
pre2013_70609,2012,1537,1,beautiful
pre2013_47502,2012,1404,1,beautiful
pre2013_155537,2006,1200,1,beautiful
pre2013_50977,2012,2000,2,beautiful
pre2013_125818,2004,3500,NA,beautiful
pre2013_14919,2012,1216,2,beautiful
4574714368,2014,2700,3,beautiful
pre2013_142993,2005,2000,3,beautiful
pre2013_14788,2012,3000,3,beautiful
pre2013_19069,2012,2100,2,beautiful
pre2013_124632,2004,2200,3,beautiful
pre2013_41249,2011,2650,3,beautiful
6433071502,2017,3540,3,beautiful
pre2013_57793,2012,1875,2,beautiful
pre2013_57793,2012,1875,2,beautiful
pre2013_11896,2011,1700,6,beautiful
5815263418,2016,4200,4,beautiful
pre2013_55516,2012,1500,1,beautiful
5637932270,2016,1970,0,beautiful
5965371112,2017,3600,3,beautiful
pre2013_152366,2006,2200,4,beautiful
pre2013_118121,2004,1750,3,beautiful
3802513054,2013,2150,2,beautiful
5429321668,2016,3000,3,beautiful
5419065377,2016,2060,1,beautiful
pre2013_25803,2007,1600,2,beautiful
pre2013_23918,2012,2040,2,beautiful
pre2013_78052,2008,1700,5,beautiful
pre2013_70071,2012,1449,1,beautiful
pre2013_70072,2012,1688,2,beautiful
5547594551,2016,1950,1,beautiful
pre2013_137827,2005,2300,4,beautiful
pre2013_138665,2005,1750,4,beautiful
pre2013_80642,2007,2850,5,beautiful
pre2013_63781,2012,1785,4,beautiful
6539207873,2018,2900,3,beautiful
pre2013_30916,2011,2600,5,beautiful
pre2013_72450,2012,4000,5,beautiful
pre2013_63788,2012,1699,2,beautiful
pre2013_63792,2012,1750,4,beautiful
pre2013_151446,2006,2000,2,beautiful
4081794062,2013,3000,4,beautiful
pre2013_65832,2012,1655,1,beautiful
pre2013_18203,2012,2650,3,beautiful
pre2013_41667,2011,2450,2,beautiful
pre2013_46042,2011,1895,4,beautiful
6539203955,2018,2450,4,beautiful
5562888954,2016,2149,1,beautiful
pre2013_23855,2012,1400,1,beautiful
pre2013_140923,2005,1995,3,beautiful
4642819481,2014,2350,2,beautiful
pre2013_2962,2006,1850,4,beautiful
pre2013_135590,2005,1850,3,beautiful
pre2013_42153,2011,3100,4,beautiful
4651216647,2014,2190,1,beautiful
pre2013_81266,2007,2750,4,beautiful
pre2013_61776,2012,2195,4,beautiful
pre2013_50595,2012,1950,5,beautiful
pre2013_63779,2012,2750,3,beautiful
pre2013_21599,2012,1035,3,beautiful
pre2013_67641,2012,2200,3,beautiful
pre2013_72011,2012,3400,3,beautiful
5448358808,2016,2350,1,beautiful
pre2013_160090,2008,4500,5,beautiful
5156900015,2015,3500,4,beautiful
pre2013_68700,2012,1401,1,beautiful
pre2013_132841,2004,2300,3,beautiful
pre2013_18000,2012,1375,1,beautiful
pre2013_10752,2011,2200,2,beautiful
pre2013_58880,2012,1750,2,beautiful
pre2013_79989,2007,1650,5,beautiful
5393055996,2016,1050,1,beautiful
pre2013_129726,2004,1550,2,beautiful
4615835980,2014,2800,3,beautiful
pre2013_130070,2004,2000,3,beautiful
pre2013_123148,2004,1309,2,beautiful
6397329559,2017,2118,2,beautiful
pre2013_71988,2012,7500,5,beautiful
5536674175,2016,2500,2,beautiful
pre2013_128459,2004,1525,3,beautiful
pre2013_24478,2006,2000,4,beautiful
pre2013_36464,2011,1500,4,beautiful
5570969727,2016,2195,2,beautiful
pre2013_57472,2012,1534,2,beautiful
5536764900,2016,2950,5,beautiful
pre2013_9363,2011,2250,3,beautiful
4809563908,2014,2500,2,beautiful
5171354654,2015,2732,2,beautiful
pre2013_19427,2012,1805,2,beautiful
pre2013_7983,2010,1750,3,beautiful
5536759146,2016,2300,4,beautiful
5429699893,2016,2575,4,beautiful
5796562098,2016,2600,2,beautiful
6488638680,2018,2700,5,beautiful
pre2013_36505,2011,1750,2,beautiful
5454527307,2016,5990,6,beautiful
3873763322,2013,2950,5,beautiful
pre2013_2973,2006,1850,NA,beautiful
pre2013_3686,2008,1895,2,beautiful
5495404848,2016,2100,2,beautiful
5493038969,2016,1998,1,beautiful
pre2013_155960,2006,1750,4,beautiful
pre2013_22249,2012,1700,5,beautiful
pre2013_78337,2008,2200,3,beautiful
5752357549,2016,1200,3,beautiful
pre2013_27738,2007,1124,1,beautiful
pre2013_10926,2012,1790,2,beautiful
5429726255,2016,3200,3,beautiful
4645088041,2014,2412,2,beautiful
4645306240,2014,2100,2,beautiful
pre2013_15453,2012,1216,2,beautiful
pre2013_54205,2012,2500,3,beautiful
pre2013_16997,2012,2500,4,beautiful
5739653635,2016,4280,4,beautiful
pre2013_18891,2012,2300,3,beautiful
pre2013_16548,2012,1995,4,beautiful
pre2013_1562,2006,2350,4,beautiful
pre2013_116539,2001,1650,NA,beautiful
pre2013_49081,2012,3495,4,beautiful
pre2013_141937,2005,2500,5,beautiful
pre2013_129360,2004,1100,1,beautiful
pre2013_42954,2011,800,3,beautiful
pre2013_142776,2005,2400,NA,beautiful
4966891312,2015,3021,1,beautiful
pre2013_19030,2012,2595,2,beautiful
pre2013_4668,2007,750,2,beautiful
5527119738,2016,2714,1,beautiful
pre2013_25695,2007,1450,1,beautiful
pre2013_152471,2006,1200,1,beautiful
6296817645,2017,2695,1,beautiful
pre2013_153255,2006,2495,2,beautiful
pre2013_41641,2011,2150,3,beautiful
pre2013_21797,2012,1750,4,beautiful
5672509835,2016,3600,2,beautiful
pre2013_21490,2012,1875,1,beautiful
5525650001,2016,2200,1,beautiful
pre2013_125432,2004,1200,1,beautiful
pre2013_43755,2011,1000,1,beautiful
pre2013_15990,2012,2695,2,beautiful
4684835442,2014,3100,3,beautiful
pre2013_2195,2008,2370,1,beautiful
pre2013_43774,2011,1450,1,beautiful
pre2013_63394,2012,1600,1,beautiful
6369821916,2017,2835,1,beautiful
pre2013_11145,2011,1500,2,beautiful
pre2013_15603,2012,2005,1,beautiful
5591753458,2016,2899,4,beautiful
pre2013_50651,2012,1100,0,beautiful
pre2013_21538,2012,2260,2,beautiful
pre2013_3476,2006,1600,1,beautiful
5752439374,2016,3281,1,beautiful
pre2013_23679,2012,1650,2,beautiful
pre2013_135164,2005,1500,2,beautiful
pre2013_139754,2005,1250,3,beautiful
pre2013_58884,2012,1180,3,beautiful
pre2013_44482,2011,2150,2,beautiful
pre2013_17064,2012,1850,1,beautiful
pre2013_129646,2004,1300,1,beautiful
pre2013_140365,2005,1250,3,beautiful
5171356478,2015,2650,1,beautiful
6287970521,2017,2650,1,beautiful
pre2013_20742,2012,2545,2,beautiful
pre2013_25938,2007,2100,1,beautiful
5615259495,2016,2798,0,beautiful
pre2013_9553,2011,1900,3,beautiful
5456058042,2016,2395,1,beautiful
pre2013_97203,2004,2375,4,beautiful
pre2013_91273,2004,1800,3,beautiful
pre2013_88623,2004,1200,1,beautiful
pre2013_118270,2004,1900,3,beautiful
pre2013_89024,2004,1900,3,beautiful
pre2013_89215,2004,2500,3,beautiful
pre2013_89673,2004,1500,2,beautiful
pre2013_89697,2004,2195,3,beautiful
pre2013_90391,2004,2600,5,beautiful
pre2013_120498,2004,1000,1,beautiful
pre2013_91425,2004,2600,5,beautiful
pre2013_91426,2004,1600,2,beautiful
pre2013_91676,2004,2600,5,beautiful
pre2013_92103,2004,1595,2,beautiful
pre2013_92030,2004,2300,3,beautiful
pre2013_92549,2004,2300,3,beautiful
pre2013_93197,2004,1400,2,beautiful
pre2013_95004,2004,1295,1,beautiful
pre2013_142362,2005,1700,NA,beautiful
pre2013_65185,2012,2070,2,beautiful
pre2013_65174,2012,2350,2,beautiful
pre2013_145436,2006,2500,3,beautiful
pre2013_97028,2004,2000,3,beautiful
pre2013_126563,2004,2000,3,beautiful
pre2013_49851,2012,2100,3,beautiful
5422686400,2016,3900,3,beautiful
pre2013_98533,2004,1195,1,beautiful
pre2013_98670,2004,1100,1,beautiful
pre2013_133795,2005,1800,2,beautiful
pre2013_23150,2012,2200,2,beautiful
pre2013_147130,2006,3000,4,beautiful
pre2013_33562,2011,2800,3,beautiful
pre2013_83221,2006,1400,2,beautiful
pre2013_143044,2005,1500,3,beautiful
pre2013_143042,2005,2600,4,beautiful
pre2013_77151,2010,2700,3,beautiful
pre2013_64780,2012,2200,2,beautiful
4030500995,2013,1550,1,beautiful
pre2013_9829,2011,695,3,beautiful
pre2013_60791,2012,2250,3,beautiful
5608985074,2016,3660,3,beautiful
5429579279,2016,2500,2,beautiful
pre2013_77840,2008,3500,2,beautiful
pre2013_56083,2012,1500,1,beautiful
5403168128,2016,3200,3,beautiful
pre2013_39011,2011,2800,4,beautiful
6491509669,2018,5800,4,beautiful
5525437681,2016,2500,1,beautiful
pre2013_56383,2012,2300,2,beautiful
pre2013_46994,2011,2000,2,beautiful
pre2013_53059,2012,2600,2,beautiful
pre2013_8153,2011,1395,2,beautiful
pre2013_159390,2006,3750,5,beautiful
pre2013_135783,2005,925,1,beautiful
pre2013_164950,2006,1475,2,beautiful
pre2013_160055,2007,2250,3,beautiful
pre2013_138363,2005,1900,2,beautiful
5525540192,2016,850,1,beautiful
pre2013_144727,2005,1800,2,beautiful
pre2013_67396,2012,3500,3,beautiful
pre2013_119193,2004,3000,3,beautiful
5382755978,2016,5500,5,beautiful
pre2013_121525,2004,1750,2,beautiful
pre2013_163222,2006,2200,2,beautiful
5819606997,2016,1675,1,beautiful
3547106269,2013,3430,4,beautiful
pre2013_162891,2006,3500,3,beautiful
pre2013_116720,2001,5200,NA,beautiful
pre2013_163906,2006,925,1,beautiful
pre2013_164560,2006,3875,4,beautiful
pre2013_66927,2012,3650,3,beautiful
pre2013_44666,2011,1650,2,beautiful
pre2013_164687,2006,3550,4,beautiful
pre2013_72627,2012,2800,3,beautiful
pre2013_66876,2012,2400,2,beautiful
pre2013_51433,2012,3750,3,beautiful
pre2013_82701,2006,3875,4,beautiful
pre2013_70584,2012,1595,3,beautiful
pre2013_55910,2012,1600,4,beautiful
pre2013_164928,2006,1750,3,beautiful
pre2013_49359,2012,1200,2,beautiful
pre2013_124957,2004,1200,NA,beautiful
5538118765,2016,1607,2,beautiful
pre2013_127061,2004,1700,4,beautiful
pre2013_117020,2001,1995,NA,beautiful
pre2013_53176,2012,1159,1,beautiful
pre2013_1847,2006,1700,4,beautiful
5628097042,2016,1606,1,beautiful
pre2013_21132,2012,925,2,beautiful
4678269316,2014,1050,2,beautiful
pre2013_64541,2012,1890,4,beautiful
pre2013_45645,2011,2250,3,beautiful
pre2013_129208,2004,980,1,beautiful
4834918382,2015,1100,2,beautiful
pre2013_69633,2012,2245,4,beautiful
pre2013_22667,2012,1150,2,beautiful
pre2013_134626,2005,2100,4,beautiful
pre2013_1250,2006,1105,2,beautiful
pre2013_71488,2012,1080,1,beautiful
pre2013_11935,2011,2300,4,beautiful
pre2013_13274,2012,1700,4,beautiful
pre2013_7431,2008,2150,4,beautiful
pre2013_8127,2011,990,2,beautiful
pre2013_60528,2012,1050,1,beautiful
pre2013_156628,2006,1950,4,beautiful
pre2013_11541,2011,1130,2,beautiful
pre2013_11279,2011,1210,2,beautiful
3812494946,2013,1900,4,beautiful
pre2013_54190,2012,1795,4,beautiful
pre2013_10118,2011,1650,3,beautiful
5096241903,2015,1100,3,beautiful
3553290218,2013,1650,4,beautiful
pre2013_18357,2012,1300,2,beautiful
pre2013_53862,2012,1159,1,beautiful
pre2013_27568,2007,1400,2,beautiful
pre2013_155185,2007,3000,5,beautiful
pre2013_140947,2005,2200,4,beautiful
4653141820,2014,2450,3,beautiful
pre2013_949,2006,750,1,beautiful
pre2013_157915,2006,1395,2,beautiful
3768411902,2013,1325,2,beautiful
pre2013_57507,2012,1600,3,beautiful
pre2013_48415,2012,2300,4,beautiful
pre2013_54512,2012,1839,3,beautiful
5538059175,2016,1454,1,beautiful
pre2013_143441,2005,1700,3,beautiful
pre2013_14100,2012,1130,2,beautiful
pre2013_16887,2012,2200,4,beautiful
4090659579,2013,1450,4,beautiful
3552988823,2013,1425,3,beautiful
pre2013_68148,2012,999,2,beautiful
pre2013_18320,2012,1750,4,beautiful
pre2013_10898,2012,1899,4,beautiful
pre2013_15955,2012,925,2,beautiful
pre2013_44834,2011,1400,3,beautiful
pre2013_9990,2011,1575,3,beautiful
pre2013_58618,2012,1200,2,beautiful
pre2013_151133,2006,775,0,beautiful
pre2013_86684,2003,1650,3,beautiful
4571134536,2014,1800,4,beautiful
pre2013_81315,2007,1195,2,beautiful
pre2013_38424,2011,1800,4,beautiful
pre2013_18969,2012,2300,4,beautiful
pre2013_61742,2012,1695,NA,beautiful
pre2013_24580,2006,995,2,beautiful
5763484397,2016,1896,2,beautiful
pre2013_122993,2004,1475,3,beautiful
3768406633,2013,2150,NA,beautiful
pre2013_2342,2010,1679,3,beautiful
pre2013_132683,2004,2200,5,beautiful
pre2013_65411,2012,1799,4,beautiful
pre2013_159073,2006,1145,2,beautiful
pre2013_144333,2005,1750,3,beautiful
pre2013_133884,2005,1300,1,beautiful
6305942959,2017,1645,1,beautiful
pre2013_16544,2012,905,2,beautiful
pre2013_37755,2011,1250,3,beautiful
5570981427,2016,1800,2,beautiful
pre2013_129747,2004,950,2,beautiful
pre2013_8267,2010,400,2,beautiful
pre2013_16897,2012,2200,4,beautiful
pre2013_151978,2006,1050,2,beautiful
pre2013_81294,2007,1540,1,beautiful
pre2013_4349,2008,2800,4,beautiful
pre2013_26575,2007,2700,3,beautiful
pre2013_156795,2006,800,1,beautiful
pre2013_157934,2006,2700,4,beautiful
5426757158,2016,1300,1,beautiful
pre2013_152971,2006,1355,3,beautiful
pre2013_49675,2012,1329,2,beautiful
pre2013_276,2006,1900,3,beautiful
pre2013_136158,2005,1650,2,beautiful
pre2013_87255,2003,1700,0,beautiful
4571145672,2014,1900,4,beautiful
pre2013_130619,2004,795,1,beautiful
4651212136,2014,1598,2,beautiful
pre2013_15436,2012,1900,4,beautiful
pre2013_151320,2006,775,0,beautiful
pre2013_24390,2006,1200,2,beautiful
pre2013_152337,2006,1550,NA,beautiful
pre2013_142196,2005,1200,2,beautiful
pre2013_158741,2006,1395,2,beautiful
pre2013_151800,2006,1950,3,beautiful
pre2013_79996,2007,1850,3,beautiful
pre2013_151682,2006,1800,4,beautiful
pre2013_159895,2007,1400,3,beautiful
pre2013_151444,2006,875,1,beautiful
4402733362,2014,1395,3,beautiful
4977673066,2015,2390,0,beautiful
pre2013_159254,2006,925,1,beautiful
pre2013_18230,2012,1600,3,beautiful
5770510916,2016,2450,1,beautiful
5165554438,2015,3700,4,beautiful
pre2013_91281,2004,1500,1,beautiful
4645328395,2014,1695,0,beautiful
pre2013_91375,2004,1500,1,beautiful
pre2013_91490,2004,1500,1,beautiful
4855490741,2015,4495,2,beautiful
pre2013_35900,2011,4295,2,beautiful
pre2013_91546,2004,1500,1,beautiful
5403341469,2016,4100,0,beautiful
pre2013_11837,2011,998,1,beautiful
pre2013_31292,2011,3715,2,beautiful
5741219082,2016,3414,0,beautiful
4947699275,2015,5630,2,beautiful
pre2013_31787,2011,2925,0,beautiful
4656019165,2014,2800,0,beautiful
pre2013_78591,2008,2795,1,beautiful
4678028217,2014,3635,1,beautiful
4935216174,2015,4280,2,beautiful
4817233943,2014,800,1,beautiful
5291306098,2015,3115,0,beautiful
5302175344,2015,3115,0,beautiful
4534904840,2014,4300,1,beautiful
pre2013_65179,2012,3695,1,beautiful
5419603592,2016,750,1,beautiful
pre2013_48340,2012,4375,2,beautiful
5077293711,2015,5160,2,beautiful
pre2013_49694,2012,2073,2,beautiful
pre2013_46836,2011,1725,1,beautiful
pre2013_47911,2012,2926,2,beautiful
pre2013_108634,2004,3000,4,beautiful
pre2013_30475,2011,587,3,beautiful
pre2013_37814,2011,1954,1,beautiful
pre2013_14315,2012,3200,3,beautiful
pre2013_103745,2004,2350,3,beautiful
pre2013_44976,2011,1695,1,beautiful
pre2013_16094,2012,2485,2,beautiful
pre2013_53243,2012,4200,5,beautiful
pre2013_109110,2004,1875,2,beautiful
pre2013_105179,2004,1900,2,beautiful
pre2013_104139,2004,2600,3,beautiful
4600369692,2014,3722,1,beautiful
pre2013_55270,2012,1858,1,beautiful
3610337553,2013,1993,1,beautiful
pre2013_30524,2011,2450,2,beautiful
pre2013_149346,2006,2690,3,beautiful
pre2013_148732,2006,3700,4,beautiful
4766279824,2014,3395,2,beautiful
pre2013_83081,2006,1460,1,beautiful
pre2013_34790,2011,1651,1,beautiful
pre2013_62281,2012,2412,1,beautiful
pre2013_139655,2005,2400,3,beautiful
pre2013_51057,2012,3600,4,beautiful
pre2013_49170,2012,2510,2,beautiful
pre2013_54285,2012,2283,2,beautiful
pre2013_472,2006,2350,2,beautiful
pre2013_46466,2011,1970,1,beautiful
pre2013_15218,2012,2512,2,beautiful
pre2013_83093,2006,1685,2,beautiful
pre2013_49720,2012,2298,2,beautiful
pre2013_134749,2005,975,1,beautiful
pre2013_81718,2007,1950,2,beautiful
3868429789,2013,2225,1,beautiful
pre2013_127153,2004,1025,1,beautiful
4966892715,2015,2936,1,beautiful
pre2013_69231,2012,1948,1,beautiful
4924534652,2015,2495,1,beautiful
pre2013_43811,2011,1115,1,beautiful
pre2013_140335,2005,2700,2,beautiful
pre2013_150250,2006,1425,1,beautiful
pre2013_33876,2011,1954,1,beautiful
4645059601,2014,3781,2,beautiful
4656230490,2014,1700,1,beautiful
pre2013_78393,2008,2215,NA,beautiful
pre2013_67302,2012,2698,2,beautiful
pre2013_150199,2006,1325,1,beautiful
pre2013_51365,2012,1623,1,beautiful
pre2013_78097,2008,1657,1,beautiful
pre2013_68753,2012,3450,3,beautiful
pre2013_80076,2007,1375,1,beautiful
4855571768,2015,2150,1,beautiful
pre2013_106267,2004,2300,2,beautiful
pre2013_103621,2004,2500,4,beautiful
pre2013_71166,2012,1848,1,beautiful
pre2013_84296,2006,1645,1,beautiful
pre2013_3297,2006,1999,2,beautiful
pre2013_66833,2012,2618,2,beautiful
pre2013_84266,2006,1490,1,beautiful
pre2013_52940,2012,2500,2,beautiful
pre2013_5170,2008,2025,1,beautiful
pre2013_150499,2006,500,2,beautiful
pre2013_71642,2012,2627,2,beautiful
pre2013_44204,2011,1603,1,beautiful
pre2013_150617,2006,1465,1,beautiful
pre2013_53263,2012,2800,2,beautiful
pre2013_48525,2012,1608,1,beautiful
pre2013_35669,2011,3600,3,beautiful
pre2013_150742,2006,1755,2,beautiful
pre2013_150724,2006,1550,1,beautiful
pre2013_85834,2003,2500,3,beautiful
pre2013_60221,2012,3900,3,beautiful
pre2013_84284,2006,1525,1,beautiful
pre2013_110401,2004,1600,2,beautiful
pre2013_54982,2012,2218,2,beautiful
pre2013_148243,2006,1300,1,beautiful
pre2013_77622,2009,1775,1,beautiful
pre2013_150239,2006,2800,3,beautiful
pre2013_48482,2012,5500,4,beautiful
pre2013_13019,2012,1595,1,beautiful
pre2013_37404,2011,1650,1,beautiful
pre2013_54254,2012,1768,1,beautiful
pre2013_135322,2005,1350,1,beautiful
pre2013_37418,2011,1250,1,beautiful
pre2013_149758,2006,1320,1,beautiful
pre2013_148312,2006,2900,4,beautiful
pre2013_137529,2005,1315,1,beautiful
pre2013_47193,2011,1878,1,beautiful
pre2013_5961,2009,1450,1,beautiful
pre2013_4860,2007,2900,2,beautiful
pre2013_53942,2012,1808,1,beautiful
pre2013_6807,2009,2200,2,beautiful
pre2013_36111,2011,2890,3,beautiful
pre2013_78093,2008,2790,3,beautiful
pre2013_148639,2006,3100,3,beautiful
pre2013_156108,2006,3400,4,beautiful
pre2013_11192,2011,2700,2,beautiful
pre2013_68757,2012,2395,2,beautiful
pre2013_68210,2012,2250,2,beautiful
pre2013_104524,2004,1975,3,beautiful
pre2013_154233,2007,2395,3,beautiful
pre2013_111264,2004,2300,2,beautiful
pre2013_81353,2007,3800,3,beautiful
pre2013_55977,2012,2722,2,beautiful
pre2013_55274,2012,2564,2,beautiful
pre2013_12061,2011,1758,1,beautiful
4988412768,2015,2990,2,beautiful
4988412768,2015,2990,2,beautiful
pre2013_67738,2012,2278,2,beautiful
pre2013_64584,2012,1824,1,beautiful
pre2013_52626,2012,2002,1,beautiful
pre2013_85259,2003,1350,1,beautiful
pre2013_106959,2004,1860,2,beautiful
pre2013_26657,2007,1865,2,beautiful
pre2013_108116,2004,1950,3,beautiful
pre2013_8198,2011,1799,2,beautiful
4645025766,2014,2623,1,beautiful
pre2013_71640,2012,2923,2,beautiful
pre2013_144101,2005,1900,2,beautiful
pre2013_150526,2006,1475,1,beautiful
5302440968,2015,2275,1,beautiful
pre2013_107567,2004,2850,4,beautiful
pre2013_64997,2012,1723,NA,beautiful
pre2013_65004,2012,2783,2,beautiful
pre2013_128834,2004,2550,4,beautiful
pre2013_118571,2004,1840,2,beautiful
pre2013_37372,2011,2364,2,beautiful
pre2013_72584,2012,3990,3,beautiful
pre2013_11502,2011,2240,2,beautiful
pre2013_40954,2011,1878,1,beautiful
5088819408,2015,2394,1,beautiful
pre2013_56895,2012,1959,1,beautiful
pre2013_50690,2012,1625,NA,beautiful
pre2013_25381,2007,1649,2,beautiful
pre2013_134544,2005,2000,2,beautiful
5513951515,2016,2995,3,beautiful
pre2013_160523,2006,2300,4,beautiful
pre2013_60053,2012,2500,3,beautiful
pre2013_160295,2006,1995,2,beautiful
pre2013_30749,2011,825,1,beautiful
pre2013_68562,2012,2300,4,beautiful
pre2013_10641,2012,2550,4,beautiful
pre2013_24343,2012,2600,3,beautiful
pre2013_66185,2012,2350,4,beautiful
pre2013_32279,2011,2750,5,beautiful
pre2013_161778,2006,850,1,beautiful
pre2013_62491,2012,2200,3,beautiful
pre2013_16362,2012,1320,1,beautiful
pre2013_62507,2012,1850,2,beautiful
pre2013_24368,2012,2600,3,beautiful
pre2013_142270,2005,1200,1,beautiful
pre2013_113919,2004,1900,3,beautiful
pre2013_57101,2012,4100,4,beautiful
6258195605,2017,3200,3,beautiful
5054800930,2015,1850,2,beautiful
pre2013_119231,2004,1900,3,beautiful
pre2013_46656,2011,1795,2,beautiful
pre2013_36755,2011,1800,2,beautiful
pre2013_61669,2012,2600,3,beautiful
pre2013_112951,2004,2900,5,beautiful
pre2013_5521,2009,2300,4,beautiful
pre2013_11974,2011,2800,4,beautiful
pre2013_64104,2012,2100,4,beautiful
pre2013_42828,2011,4900,5,beautiful
4845118586,2015,1650,2,beautiful
pre2013_14027,2012,2250,3,beautiful
pre2013_138503,2005,2000,3,beautiful
pre2013_38066,2011,2700,4,beautiful
5383975837,2016,3350,4,beautiful
pre2013_14869,2012,1280,3,beautiful
pre2013_140786,2005,1000,1,beautiful
pre2013_27482,2007,2900,4,beautiful
pre2013_119123,2004,2300,3,beautiful
pre2013_34638,2011,3400,3,beautiful
pre2013_114524,2004,900,2,beautiful
6471900492,2018,3600,3,beautiful
pre2013_76786,2010,2600,4,beautiful
pre2013_2508,2006,2100,3,beautiful
pre2013_60488,2012,1775,3,beautiful
pre2013_158014,2006,2100,3,beautiful
5626427829,2016,1795,1,beautiful
pre2013_155484,2006,1275,1,beautiful
pre2013_10013,2011,2200,4,beautiful
pre2013_4672,2007,2200,3,beautiful
pre2013_3252,2006,2200,2,beautiful
pre2013_1243,2006,1650,3,beautiful
pre2013_20797,2012,1475,NA,beautiful
4645327160,2014,2600,4,beautiful
pre2013_127654,2004,2450,2,beautiful
pre2013_98344,2004,2850,3,beautiful
pre2013_128037,2004,2850,3,beautiful
pre2013_99496,2004,3000,3,beautiful
pre2013_102236,2004,2050,3,beautiful
pre2013_24986,2006,3000,3,beautiful
pre2013_94697,2004,3000,NA,beautiful
pre2013_91372,2004,2249,2,beautiful
pre2013_1025,2006,2500,2,beautiful
pre2013_92526,2004,950,1,beautiful
pre2013_92938,2004,3250,3,beautiful
pre2013_122435,2004,3250,3,beautiful
pre2013_92944,2004,3250,3,beautiful
pre2013_122456,2004,3250,3,beautiful
pre2013_153881,2007,2500,2,beautiful
pre2013_95481,2004,3000,3,beautiful
pre2013_96554,2004,2150,2,beautiful
pre2013_96853,2004,2150,2,beautiful
pre2013_126396,2004,2150,2,beautiful
pre2013_98561,2004,2950,3,beautiful
pre2013_98690,2004,3000,3,beautiful
pre2013_98773,2004,3000,3,beautiful
pre2013_99279,2004,3000,3,beautiful
pre2013_81099,2007,1400,2,beautiful
pre2013_146817,2006,2795,2,beautiful
pre2013_147259,2006,4200,5,beautiful
pre2013_101957,2004,2050,3,beautiful
pre2013_31867,2011,3495,3,beautiful
pre2013_147630,2006,4200,5,beautiful
pre2013_146249,2006,1395,1,beautiful
pre2013_102923,2004,2050,3,beautiful
pre2013_134675,2005,1950,2,beautiful
pre2013_1655,2006,4200,5,beautiful
pre2013_142873,2005,2700,3,beautiful
pre2013_26435,2007,8500,5,beautiful
pre2013_52727,2012,4000,3,beautiful
pre2013_72333,2012,2250,1,beautiful
5763517239,2016,5790,4,beautiful
6491609281,2018,3880,2,beautiful
pre2013_72335,2012,2250,1,beautiful
3553867152,2013,2800,2,beautiful
5711446380,2016,4995,3,beautiful
pre2013_58282,2012,3695,3,beautiful
pre2013_37872,2011,2695,2,beautiful
pre2013_163039,2006,3000,3,beautiful
pre2013_162492,2006,1895,2,beautiful
pre2013_59496,2012,2295,2,beautiful
pre2013_165120,2006,2300,2,beautiful
5736711847,2016,7500,5,beautiful
pre2013_118353,2004,1200,1,beautiful
5796422498,2016,3250,2,beautiful
pre2013_82352,2006,2600,3,beautiful
pre2013_66412,2012,2395,2,beautiful
4112052744,2013,2595,2,beautiful
5394580128,2016,2595,2,beautiful
pre2013_164659,2006,2495,2,beautiful
5059672459,2015,2600,2,beautiful
pre2013_123672,2004,1600,2,beautiful
pre2013_30574,2011,650,2,beautiful
pre2013_42672,2011,2650,2,beautiful
4935066298,2015,1995,1,beautiful
pre2013_10167,2011,3000,3,beautiful
pre2013_120207,2004,1350,2,beautiful
pre2013_127145,2004,1350,2,beautiful
pre2013_135692,2005,1750,3,beautiful
pre2013_84859,2003,2700,3,beautiful
pre2013_88226,2004,1300,1,beautiful
pre2013_88139,2004,1300,1,beautiful
pre2013_118119,2004,1150,0,beautiful
pre2013_88767,2004,1150,0,beautiful
pre2013_89180,2004,1150,0,beautiful
pre2013_89231,2004,1150,0,beautiful
pre2013_89462,2004,1150,0,beautiful
pre2013_89681,2004,1150,0,beautiful
pre2013_89761,2004,1150,0,beautiful
pre2013_90127,2004,1100,0,beautiful
pre2013_102219,2004,1795,2,beautiful
pre2013_147480,2006,2050,2,beautiful
pre2013_102381,2004,2850,3,beautiful
pre2013_91387,2004,3200,2,beautiful
pre2013_91660,2004,1000,2,beautiful
pre2013_153929,2007,1900,1,beautiful
pre2013_139644,2005,2900,4,beautiful
pre2013_139653,2005,3850,5,beautiful
pre2013_95597,2004,1350,1,beautiful
pre2013_95568,2004,1975,2,beautiful
pre2013_96213,2004,1195,1,beautiful
pre2013_96527,2004,2500,2,beautiful
pre2013_126063,2004,2500,2,beautiful
pre2013_96767,2004,1395,1,beautiful
pre2013_98294,2004,1400,1,beautiful
3545716868,2013,4800,4,beautiful
pre2013_146178,2006,3050,3,beautiful
pre2013_845,2006,2250,1,beautiful
pre2013_28731,2010,2500,2,beautiful
pre2013_99643,2004,1675,2,beautiful
4261316324,2013,3095,2,beautiful
pre2013_101550,2004,1995,2,beautiful
pre2013_101561,2004,1995,2,beautiful
pre2013_101727,2004,1295,NA,beautiful
pre2013_102780,2004,1750,1,beautiful
pre2013_132823,2004,1250,NA,beautiful
pre2013_15548,2012,4600,4,beautiful
pre2013_135799,2005,1000,1,beautiful
6492136264,2018,6400,4,beautiful
pre2013_147379,2006,1325,1,beautiful
5028999109,2015,3100,1,beautiful
pre2013_5013,2007,4200,3,beautiful
pre2013_6337,2009,2600,1,beautiful
pre2013_50645,2012,2400,2,beautiful
pre2013_7833,2010,2145,1,beautiful
5060219020,2015,2200,1,beautiful
pre2013_15994,2012,2475,1,beautiful
4260262559,2014,4575,3,beautiful
5832189125,2016,1000,1,beautiful
4802830292,2014,5850,3,beautiful
pre2013_66502,2012,2050,1,beautiful
4108482061,2013,2850,2,beautiful
5814087396,2016,3475,2,beautiful
4634034419,2014,2400,2,beautiful
pre2013_19013,2012,3950,4,beautiful
pre2013_61412,2012,3900,4,beautiful
pre2013_60606,2012,3900,4,beautiful
pre2013_142190,2005,3500,3,beautiful
pre2013_40491,2011,2250,2,beautiful
pre2013_13111,2012,3950,4,beautiful
pre2013_70641,2012,3400,3,beautiful
pre2013_70646,2012,3850,4,beautiful
pre2013_55934,2012,3750,4,beautiful
5088738571,2015,3500,4,beautiful
pre2013_97031,2004,1000,0,beautiful
pre2013_97557,2004,795,0,beautiful
pre2013_127157,2004,795,0,beautiful
pre2013_77366,2009,2928,3,beautiful
pre2013_88254,2004,1850,3,beautiful
pre2013_100581,2004,900,0,beautiful
pre2013_100841,2004,900,0,beautiful
pre2013_100924,2004,1695,2,beautiful
pre2013_102210,2004,2550,2,beautiful
pre2013_131980,2004,1595,1,beautiful
pre2013_1100,2006,3700,4,beautiful
pre2013_92974,2004,1025,0,beautiful
pre2013_96993,2004,2700,2,beautiful
pre2013_126570,2004,1000,0,beautiful
pre2013_99332,2004,800,0,beautiful
pre2013_99804,2004,1595,2,beautiful
pre2013_129476,2004,1595,2,beautiful
pre2013_17386,2012,3600,2,beautiful
4600559115,2014,2295,1,beautiful
pre2013_1737,2006,2700,2,beautiful
pre2013_154183,2007,5000,3,beautiful
pre2013_144971,2005,2300,2,beautiful
5382606503,2016,3650,1,beautiful
pre2013_145612,2006,1650,2,beautiful
pre2013_153807,2007,1050,1,beautiful
4556875471,2014,3700,1,beautiful
4231012292,2013,3195,2,beautiful
4797161263,2014,3200,2,beautiful
6269394728,2017,4893,3,beautiful
5663277921,2016,2050,0,beautiful
5079748945,2015,3800,1,beautiful
5609237625,2016,2999,NA,beautiful
pre2013_150836,2006,2100,4,beautiful
pre2013_80636,2007,1080,1,beautiful
pre2013_139156,2005,1145,2,beautiful
4865955520,2015,2400,3,beautiful
pre2013_78045,2008,1455,2,beautiful
5481618353,2016,3700,4,beautiful
pre2013_130900,2004,2000,3,beautiful
pre2013_57777,2012,1191,1,beautiful
pre2013_130886,2004,1150,2,beautiful
pre2013_27406,2007,1350,2,beautiful
pre2013_136754,2005,925,1,beautiful
pre2013_62200,2012,2100,3,beautiful
pre2013_17955,2012,2400,3,beautiful
pre2013_51295,2012,1668,1,beautiful
pre2013_143316,2005,1150,2,beautiful
pre2013_142474,2005,2200,3,beautiful
pre2013_67626,2012,1300,0,beautiful
5481504173,2016,3800,NA,beautiful
pre2013_57518,2012,1475,2,beautiful
pre2013_21899,2012,927,1,beautiful
pre2013_12952,2012,1300,2,beautiful
pre2013_49350,2012,1750,3,beautiful
pre2013_79277,2008,2250,3,beautiful
5514735088,2016,3450,4,beautiful
pre2013_128879,2004,2500,4,beautiful
pre2013_45218,2011,1250,1,beautiful
pre2013_9038,2011,3300,4,beautiful
pre2013_77524,2009,1600,3,beautiful
pre2013_16257,2012,2275,3,beautiful
pre2013_46403,2011,3000,4,beautiful
pre2013_26135,2007,1450,2,beautiful
pre2013_16153,2012,1250,2,beautiful
pre2013_68135,2012,1315,2,beautiful
4030504331,2013,3495,5,beautiful
pre2013_45997,2011,3400,5,beautiful
pre2013_10603,2012,2190,2,beautiful
4952403255,2015,2850,3,beautiful
pre2013_14796,2012,1850,2,beautiful
5606213707,2016,2500,4,beautiful
5420662387,2016,3250,3,beautiful
pre2013_67709,2012,2000,1,beautiful
pre2013_39618,2011,1000,2,beautiful
pre2013_17596,2012,1825,2,beautiful
pre2013_50919,2012,2200,4,beautiful
pre2013_139352,2005,2050,4,beautiful
pre2013_66775,2012,1780,NA,beautiful
pre2013_60969,2012,2350,3,beautiful
pre2013_80262,2007,1350,2,beautiful
pre2013_136273,2005,950,1,beautiful
pre2013_7523,2009,1082,6,beautiful
pre2013_36039,2011,2795,4,beautiful
pre2013_79294,2008,2100,3,beautiful
pre2013_68113,2012,2500,4,beautiful
5829378614,2016,4600,4,beautiful
5829378614,2016,4600,4,beautiful
pre2013_152044,2006,2250,NA,beautiful
pre2013_16549,2012,1395,2,beautiful
pre2013_36918,2011,3000,4,beautiful
pre2013_143519,2005,1800,4,beautiful
pre2013_71069,2012,1415,2,beautiful
3511965619,2013,1790,2,beautiful
pre2013_156042,2006,1350,2,beautiful
pre2013_35160,2011,2500,3,beautiful
pre2013_9042,2011,1995,4,beautiful
pre2013_67676,2012,1295,2,beautiful
pre2013_67706,2012,1700,3,beautiful
pre2013_157119,2006,1650,3,beautiful
pre2013_58089,2012,1700,3,beautiful
pre2013_155196,2007,1500,2,beautiful
6370786847,2017,1895,2,beautiful
pre2013_42520,2011,1100,1,beautiful
pre2013_78328,2008,2500,NA,beautiful
pre2013_67708,2012,1850,3,beautiful
6553707870,2018,2300,2,beautiful
pre2013_123320,2004,1900,3,beautiful
pre2013_16465,2012,2300,4,beautiful
pre2013_137019,2005,1200,2,beautiful
pre2013_927,2006,2800,4,beautiful
pre2013_10678,2011,1015,1,beautiful
5419034122,2016,1825,1,beautiful
pre2013_152103,2006,1900,3,beautiful
pre2013_81638,2007,2295,4,beautiful
pre2013_86696,2003,895,1,beautiful
pre2013_70364,2012,2000,1,beautiful
pre2013_53531,2012,1800,5,beautiful
pre2013_8555,2011,1950,3,beautiful
pre2013_34216,2011,1500,2,beautiful
pre2013_25756,2007,1125,2,beautiful
5582413757,2016,3095,4,beautiful
pre2013_157569,2006,1800,3,beautiful
5615256681,2016,3850,3,beautiful
pre2013_1189,2006,1300,2,beautiful
5739698389,2016,2650,3,beautiful
pre2013_127368,2004,1800,2,beautiful
4667174127,2014,3500,4,beautiful
pre2013_156987,2006,1100,2,beautiful
pre2013_53846,2012,1185,1,beautiful
pre2013_151911,2006,1300,2,beautiful
pre2013_141161,2005,1900,3,beautiful
pre2013_154793,2007,1695,3,beautiful
pre2013_50635,2012,1345,2,beautiful
6558768926,2018,2595,2,beautiful
pre2013_130560,2004,1675,3,beautiful
pre2013_77331,2010,1795,3,beautiful
pre2013_38429,2011,1000,2,beautiful
pre2013_138407,2005,2500,3,beautiful
6440658780,2018,2695,3,beautiful
pre2013_15804,2012,1800,3,beautiful
pre2013_40031,2011,1550,2,beautiful
pre2013_152676,2006,1325,2,beautiful
6438471193,2018,2695,3,beautiful
pre2013_53475,2012,1650,3,beautiful
pre2013_58434,2012,1995,4,beautiful
6589087869,2018,2200,2,beautiful
pre2013_121810,2004,1300,2,beautiful
pre2013_56224,2012,1795,2,beautiful
4265877896,2013,2200,3,beautiful
pre2013_123520,2004,950,2,beautiful
pre2013_33799,2011,1150,1,beautiful
pre2013_72441,2012,2400,4,beautiful
pre2013_39180,2011,2795,3,beautiful
pre2013_127976,2004,1700,2,beautiful
pre2013_59718,2012,2090,2,beautiful
pre2013_123519,2004,775,1,beautiful
4611838107,2014,2350,3,beautiful
pre2013_30364,2011,650,2,beautiful
pre2013_150978,2006,1600,2,beautiful
4815577272,2014,2800,3,beautiful
pre2013_58943,2012,1850,3,beautiful
pre2013_54207,2012,1550,3,beautiful
pre2013_19464,2012,2000,3,beautiful
pre2013_9463,2011,2000,3,beautiful
5536738076,2016,2900,3,beautiful
pre2013_27989,2008,1900,3,beautiful
pre2013_11071,2012,1600,2,beautiful
pre2013_13393,2012,2745,3,beautiful
pre2013_58891,2012,1200,1,beautiful
pre2013_4333,2008,1800,2,beautiful
pre2013_2260,2010,1745,3,beautiful
pre2013_33780,2011,1280,2,beautiful
pre2013_2914,2006,2850,4,beautiful
pre2013_139967,2005,1795,3,beautiful
pre2013_55193,2012,1375,2,beautiful
4656159945,2014,1850,2,beautiful
5752358750,2016,2205,4,beautiful
5615262978,2016,2185,2,beautiful
5793159455,2016,2950,3,beautiful
pre2013_31096,2011,1790,2,beautiful
5796573821,2016,3450,4,beautiful
pre2013_18473,2012,2550,3,beautiful
6442726534,2018,2695,3,beautiful
pre2013_2271,2010,1950,3,beautiful
pre2013_1565,2006,1350,NA,beautiful
pre2013_53849,2012,1776,2,beautiful
pre2013_141731,2005,1950,3,beautiful
pre2013_154818,2007,2300,4,beautiful
pre2013_3185,2006,995,1,beautiful
pre2013_22950,2012,2000,4,beautiful
4797404850,2014,1300,1,beautiful
pre2013_14653,2012,1695,3,beautiful
pre2013_12415,2011,1950,2,beautiful
5419290667,2016,3000,4,beautiful
4666840993,2014,2200,3,beautiful
5291194620,2015,2600,3,beautiful
pre2013_63492,2012,2050,3,beautiful
pre2013_57954,2012,1800,3,beautiful
5475474087,2016,2600,3,beautiful
pre2013_33058,2011,2150,4,beautiful
pre2013_79412,2008,1790,3,beautiful
pre2013_33934,2011,1950,3,beautiful
pre2013_37496,2011,2000,4,beautiful
pre2013_42254,2011,2100,3,beautiful
pre2013_64676,2012,1799,3,beautiful
3812447418,2013,2100,3,beautiful
5403380398,2016,2350,3,beautiful
pre2013_59904,2012,1495,3,beautiful
pre2013_38957,2011,2700,4,beautiful
pre2013_34865,2011,2975,4,beautiful
4966824405,2015,2800,4,beautiful
5574015076,2016,1995,2,beautiful
pre2013_56608,2012,3100,4,beautiful
4834927979,2015,2350,4,beautiful
pre2013_63117,2012,1950,2,beautiful
5950063624,2017,3050,4,beautiful
pre2013_8934,2011,550,NA,beautiful
4943428492,2015,2995,4,beautiful
5525608956,2016,2600,3,beautiful
pre2013_72031,2012,1980,3,beautiful
6341147741,2017,1445,1,beautiful
pre2013_153127,2006,1650,1,beautiful
pre2013_158268,2006,2300,4,beautiful
pre2013_7707,2011,695,1,beautiful
pre2013_139172,2005,1950,3,beautiful
pre2013_127234,2004,1950,4,beautiful
pre2013_127416,2004,1950,3,beautiful
pre2013_36059,2011,1200,2,beautiful
pre2013_10411,2012,1800,3,beautiful
pre2013_24768,2006,2500,5,beautiful
pre2013_11713,2011,2350,4,beautiful
4622959738,2014,2295,3,beautiful
pre2013_54595,2012,1435,2,beautiful
pre2013_134835,2005,2450,5,beautiful
pre2013_23811,2012,1500,3,beautiful
pre2013_139084,2005,1450,2,beautiful
4623000949,2014,2800,3,beautiful
pre2013_51612,2012,1250,2,beautiful
pre2013_152585,2006,1600,3,beautiful
pre2013_158410,2006,2300,3,beautiful
5829405436,2016,1690,3,beautiful
pre2013_47093,2011,1450,2,beautiful
3768405891,2013,1095,1,beautiful
pre2013_154988,2007,1700,3,beautiful
4623047717,2014,2300,3,beautiful
pre2013_61765,2012,1150,1,beautiful
pre2013_28265,2008,1950,3,beautiful
4030504447,2013,2000,3,beautiful
5783942365,2016,3395,4,beautiful
pre2013_27649,2007,2200,4,beautiful
pre2013_151601,2006,3200,4,beautiful
4645350722,2014,980,0,beautiful
pre2013_15093,2012,1850,3,beautiful
pre2013_119045,2004,1950,4,beautiful
pre2013_137756,2005,1700,3,beautiful
pre2013_72493,2012,1300,2,beautiful
pre2013_28263,2008,1950,3,beautiful
pre2013_1552,2006,1250,2,beautiful
pre2013_3347,2006,2250,3,beautiful
5460177108,2016,1600,2,beautiful
pre2013_48737,2012,1850,3,beautiful
4988467229,2015,1450,1,beautiful
pre2013_65380,2012,1995,4,beautiful
pre2013_25560,2007,2595,4,beautiful
4787180865,2014,2150,3,beautiful
pre2013_140589,2005,1500,2,beautiful
pre2013_143504,2005,1550,2,beautiful
pre2013_23332,2012,3395,5,beautiful
pre2013_1684,2006,1595,2,beautiful
pre2013_42133,2011,1780,3,beautiful
pre2013_61783,2012,750,1,beautiful
5404294907,2016,2200,1,beautiful
5419036529,2016,2158,2,beautiful
4645281350,2014,2500,4,beautiful
pre2013_49060,2012,1375,2,beautiful
pre2013_142220,2005,1650,2,beautiful
pre2013_140145,2005,1375,2,beautiful
pre2013_126961,2004,2000,2,beautiful
pre2013_120077,2004,1800,3,beautiful
pre2013_52840,2012,2350,4,beautiful
pre2013_155805,2006,2695,4,beautiful
pre2013_133621,2005,1600,NA,beautiful
pre2013_64915,2012,2700,5,beautiful
pre2013_163961,2006,1450,2,beautiful
pre2013_24163,2012,1395,2,beautiful
pre2013_2352,2010,2400,4,beautiful
pre2013_139882,2005,1375,2,beautiful
pre2013_17961,2012,2200,3,beautiful
pre2013_65847,2012,1550,3,beautiful
4656277387,2014,2985,5,beautiful
5725866946,2016,2750,4,beautiful
5548943192,2016,2057,2,beautiful
pre2013_5984,2009,2500,4,beautiful
pre2013_60168,2012,1650,3,beautiful
pre2013_152693,2006,1850,3,beautiful
pre2013_3059,2006,2800,NA,beautiful
pre2013_137028,2005,2500,5,beautiful
pre2013_76841,2010,1450,2,beautiful
pre2013_55526,2012,2350,3,beautiful
4988418621,2015,1450,1,beautiful
pre2013_37724,2011,2100,4,beautiful
pre2013_81952,2007,1200,4,beautiful
pre2013_79592,2006,1950,3,beautiful
pre2013_40027,2011,2450,5,beautiful
pre2013_138743,2005,1150,2,beautiful
pre2013_69130,2012,1850,4,beautiful
6514162787,2018,3100,4,beautiful
pre2013_26975,2007,2300,3,beautiful
pre2013_129581,2004,1995,3,beautiful
5624206172,2016,1395,1,beautiful
pre2013_128450,2004,1400,3,beautiful
pre2013_127574,2004,2295,4,beautiful
3812395007,2013,700,1,beautiful
pre2013_43292,2011,2450,5,beautiful
pre2013_10930,2012,2350,4,beautiful
pre2013_17077,2012,1850,3,beautiful
4250585087,2013,2300,3,beautiful
pre2013_55559,2012,1800,3,beautiful
pre2013_19366,2012,2500,5,beautiful
6616827721,2018,1750,1,beautiful
pre2013_51971,2012,790,1,beautiful
pre2013_44492,2011,899,2,beautiful
pre2013_21644,2012,2500,5,beautiful
pre2013_4978,2007,2900,4,beautiful
pre2013_118501,2004,1950,3,beautiful
pre2013_27062,2007,2400,4,beautiful
pre2013_132967,2004,2550,4,beautiful
pre2013_27289,2007,1550,2,beautiful
5814751636,2016,2850,4,beautiful
pre2013_27272,2007,2250,3,beautiful
pre2013_81257,2007,1750,2,beautiful
pre2013_97596,2004,2000,3,beautiful
pre2013_84735,2003,1300,2,beautiful
pre2013_98191,2004,2550,3,beautiful
pre2013_98549,2004,2550,3,beautiful
pre2013_98765,2004,2550,3,beautiful
pre2013_128899,2004,1050,1,beautiful
pre2013_89166,2004,1000,1,beautiful
pre2013_129728,2004,1050,1,beautiful
pre2013_89590,2004,1000,1,beautiful
pre2013_89801,2004,1950,2,beautiful
pre2013_100863,2004,2195,2,beautiful
pre2013_147402,2006,2100,2,beautiful
pre2013_90171,2004,1700,2,beautiful
pre2013_101913,2004,1075,0,beautiful
pre2013_909,2006,1650,1,beautiful
pre2013_102707,2004,2900,3,beautiful
pre2013_132483,2004,2900,3,beautiful
pre2013_120996,2004,2300,3,beautiful
pre2013_36723,2011,2275,2,beautiful
pre2013_148130,2006,2750,3,beautiful
pre2013_92136,2004,950,0,beautiful
pre2013_92209,2004,1600,2,beautiful
pre2013_93294,2004,2300,3,beautiful
pre2013_25376,2007,2100,3,beautiful
pre2013_94254,2004,1000,1,beautiful
pre2013_94819,2004,1000,1,beautiful
pre2013_66089,2012,2487,2,beautiful
pre2013_96543,2004,1900,3,beautiful
pre2013_126110,2004,1900,3,beautiful
pre2013_28096,2008,2100,3,beautiful
pre2013_97389,2004,2000,NA,beautiful
pre2013_126891,2004,2000,NA,beautiful
pre2013_14166,2012,2400,2,beautiful
pre2013_98309,2004,2550,3,beautiful
pre2013_55367,2012,3500,3,beautiful
pre2013_35868,2011,2275,2,beautiful
pre2013_35856,2011,3000,3,beautiful
pre2013_47695,2012,1400,2,beautiful
pre2013_53368,2012,1900,1,beautiful
pre2013_39424,2011,2900,2,beautiful
pre2013_101216,2004,1000,2,beautiful
pre2013_147795,2006,1200,2,beautiful
pre2013_132130,2004,1075,0,beautiful
pre2013_67916,2012,2145,1,beautiful
pre2013_35026,2011,1950,1,beautiful
pre2013_65652,2012,2500,2,beautiful
pre2013_147885,2006,2175,2,beautiful
pre2013_36331,2011,2150,2,beautiful
pre2013_36330,2011,2200,2,beautiful
pre2013_47703,2012,2388,2,beautiful
pre2013_154057,2007,2400,3,beautiful
pre2013_3443,2006,3200,3,beautiful
4958621478,2015,4750,4,beautiful
pre2013_25274,2007,2150,2,beautiful
6503858729,2018,3800,1,beautiful
pre2013_79766,2007,2600,3,beautiful
pre2013_70833,2012,2630,1,beautiful
pre2013_44729,2011,2170,2,beautiful
4901648266,2015,6250,4,beautiful
pre2013_67896,2012,3216,3,beautiful
pre2013_18500,2012,2200,2,beautiful
pre2013_48935,2012,3100,3,beautiful
pre2013_40718,2011,2150,2,beautiful
pre2013_51152,2012,1860,1,beautiful
6531754355,2018,1200,1,beautiful
pre2013_51818,2012,2275,2,beautiful
4325326642,2014,5200,4,beautiful
4935137958,2015,4240,3,beautiful
pre2013_37585,2011,2250,2,beautiful
pre2013_67958,2012,1444,0,beautiful
pre2013_59570,2012,2410,2,beautiful
pre2013_67906,2012,2200,1,beautiful
pre2013_71839,2012,2482,1,beautiful
pre2013_45854,2011,2450,2,beautiful
pre2013_68514,2012,2100,1,beautiful
pre2013_23959,2012,2238,2,beautiful
pre2013_51158,2012,2750,3,beautiful
pre2013_13030,2012,2050,1,beautiful
pre2013_47682,2012,3000,3,beautiful
5785483581,2016,2700,1,beautiful
pre2013_69376,2012,1971,1,beautiful
4988554511,2015,4240,3,beautiful
4678210220,2014,2895,2,beautiful
pre2013_66516,2012,2000,1,beautiful
pre2013_70397,2012,2460,1,beautiful
5302398822,2015,2375,0,beautiful
pre2013_44376,2011,1875,1,beautiful
pre2013_71850,2012,2616,2,beautiful
pre2013_71793,2012,2811,2,beautiful
pre2013_72319,2012,3260,3,beautiful
pre2013_59151,2012,2150,1,beautiful
4988563278,2015,4915,3,beautiful
pre2013_67524,2012,2100,1,beautiful
pre2013_46608,2011,1850,1,beautiful
pre2013_58279,2012,3900,3,beautiful
pre2013_63603,2012,2195,1,beautiful
pre2013_66552,2012,2000,1,beautiful
pre2013_63600,2012,2650,2,beautiful
pre2013_69379,2012,1960,1,beautiful
pre2013_156817,2006,1700,2,beautiful
pre2013_84614,2003,1850,2,beautiful
pre2013_84917,2003,2100,3,beautiful
pre2013_97943,2004,1150,1,beautiful
pre2013_85079,2003,1450,1,beautiful
pre2013_98228,2004,1150,1,beautiful
pre2013_87796,2004,1500,1,beautiful
pre2013_98830,2004,1550,1,beautiful
pre2013_88376,2004,2395,2,beautiful
pre2013_118104,2004,1250,1,beautiful
pre2013_88535,2004,1400,1,beautiful
pre2013_28909,2011,3010,2,beautiful
pre2013_88870,2004,1250,1,beautiful
pre2013_89660,2004,2050,2,beautiful
pre2013_89800,2004,2200,3,beautiful
pre2013_30708,2011,3000,3,beautiful
pre2013_89878,2004,1200,1,beautiful
pre2013_119525,2004,995,0,beautiful
pre2013_101885,2004,1700,2,beautiful
pre2013_90393,2004,2395,2,beautiful
pre2013_90917,2004,2600,3,beautiful
pre2013_102751,2004,1500,1,beautiful
pre2013_102762,2004,1850,2,beautiful
pre2013_103344,2004,1350,1,beautiful
pre2013_91582,2004,2150,2,beautiful
pre2013_145217,2006,1800,2,beautiful
pre2013_92390,2004,1250,0,beautiful
pre2013_136899,2005,1450,1,beautiful
pre2013_92636,2004,1950,2,beautiful
pre2013_137915,2005,1500,1,beautiful
pre2013_138915,2005,1500,1,beautiful
pre2013_94270,2004,1580,1,beautiful
pre2013_94676,2004,1580,1,beautiful
pre2013_155474,2006,1800,2,beautiful
pre2013_145249,2006,1800,2,beautiful
pre2013_96118,2004,2700,3,beautiful
pre2013_125849,2004,900,0,beautiful
pre2013_156154,2006,1800,2,beautiful
pre2013_156300,2006,1800,2,beautiful
pre2013_145525,2006,1700,2,beautiful
pre2013_145651,2006,1700,2,beautiful
pre2013_145700,2006,1700,2,beautiful
pre2013_145687,2006,1750,1,beautiful
pre2013_97361,2004,1125,1,beautiful
pre2013_145830,2006,1150,1,beautiful
pre2013_97542,2004,1150,1,beautiful
pre2013_97824,2004,1150,1,beautiful
6584909963,2018,900,1,beautiful
pre2013_98316,2004,1150,1,beautiful
pre2013_98468,2004,2500,2,beautiful
pre2013_146286,2006,1425,1,beautiful
pre2013_99649,2004,1200,1,beautiful
pre2013_99614,2004,1950,2,beautiful
pre2013_158538,2006,2800,3,beautiful
4267766836,2014,2800,2,beautiful
pre2013_100673,2004,1250,1,beautiful
5608896267,2016,2975,1,beautiful
pre2013_158910,2006,2500,2,beautiful
pre2013_101521,2004,1175,0,beautiful
pre2013_131254,2004,1175,0,beautiful
pre2013_101523,2004,1375,1,beautiful
pre2013_101519,2004,1550,1,beautiful
pre2013_131252,2004,1550,1,beautiful
pre2013_102468,2004,1950,2,beautiful
pre2013_102913,2004,2600,2,beautiful
pre2013_103286,2004,2700,4,beautiful
pre2013_83584,2006,2000,1,beautiful
4938729215,2015,3985,2,beautiful
pre2013_135707,2005,1450,1,beautiful
pre2013_139149,2005,550,4,beautiful
pre2013_139379,2005,1950,2,beautiful
pre2013_50462,2012,1250,2,beautiful
pre2013_141477,2005,2550,4,beautiful
pre2013_155647,2006,1800,2,beautiful
pre2013_141817,2005,1250,1,beautiful
5302399516,2015,4200,2,beautiful
pre2013_45432,2011,1750,1,beautiful
pre2013_145105,2006,1800,2,beautiful
pre2013_145174,2006,1800,2,beautiful
pre2013_77882,2008,2200,1,beautiful
pre2013_145290,2006,1800,2,beautiful
pre2013_156428,2006,1800,2,beautiful
pre2013_145413,2006,1800,NA,beautiful
pre2013_145452,2006,1800,2,beautiful
pre2013_158657,2006,1095,0,beautiful
5729760418,2016,3000,2,beautiful
pre2013_6521,2009,2190,2,beautiful
5269608826,2015,3700,2,beautiful
pre2013_55752,2012,1900,2,beautiful
5378700331,2016,2650,2,beautiful
pre2013_8295,2010,2100,2,beautiful
pre2013_18477,2012,2900,3,beautiful
pre2013_97100,2004,2450,3,beautiful
pre2013_48930,2012,1800,2,beautiful
pre2013_84603,2003,850,0,beautiful
pre2013_97701,2004,2450,3,beautiful
pre2013_88632,2004,1895,2,beautiful
pre2013_99893,2004,1350,1,beautiful
pre2013_100222,2004,2400,3,beautiful
pre2013_100345,2004,1350,1,beautiful
pre2013_89528,2004,1895,2,beautiful
4600622302,2014,6000,6,beautiful
pre2013_30652,2011,1388,1,beautiful
pre2013_100982,2004,860,1,beautiful
pre2013_101230,2004,860,1,beautiful
pre2013_101316,2004,860,1,beautiful
pre2013_90156,2004,1200,0,beautiful
pre2013_119864,2004,1695,2,beautiful
pre2013_90385,2004,2295,2,beautiful
pre2013_132045,2004,2450,2,beautiful
pre2013_132045,2004,2450,2,beautiful
pre2013_90605,2004,2300,2,beautiful
pre2013_91571,2004,2150,2,beautiful
pre2013_92271,2004,1550,1,beautiful
pre2013_92463,2004,2300,3,beautiful
pre2013_122374,2004,4000,2,beautiful
pre2013_137893,2005,2400,4,beautiful
pre2013_153733,2007,2275,2,beautiful
pre2013_93714,2004,1425,1,beautiful
pre2013_139883,2005,1700,2,beautiful
pre2013_93761,2004,1100,0,beautiful
pre2013_94290,2004,1700,2,beautiful
pre2013_64340,2012,2750,2,beautiful
pre2013_95195,2004,2000,2,beautiful
pre2013_65605,2012,1750,NA,beautiful
pre2013_28299,2008,1600,1,beautiful
pre2013_70829,2012,5500,3,beautiful
pre2013_98127,2004,675,2,beautiful
pre2013_146310,2006,2500,3,beautiful
pre2013_99469,2004,1350,1,beautiful
4078939601,2013,3300,2,beautiful
pre2013_129737,2004,1200,1,beautiful
pre2013_101136,2004,860,1,beautiful
pre2013_101614,2004,1875,2,beautiful
pre2013_25744,2007,2900,2,beautiful
pre2013_31881,2011,1995,1,beautiful
pre2013_45855,2011,2400,2,beautiful
pre2013_37524,2011,2200,2,beautiful
pre2013_78535,2008,3000,3,beautiful
6351195755,2017,4800,3,beautiful
pre2013_79754,2007,3500,2,beautiful
5305724546,2015,4500,3,beautiful
pre2013_142442,2005,1395,1,beautiful
pre2013_3027,2006,2800,3,beautiful
pre2013_65638,2012,2580,1,beautiful
5362189847,2015,3100,1,beautiful
pre2013_10119,2011,1350,NA,beautiful
6549382219,2018,2650,2,beautiful
pre2013_54798,2012,2800,2,beautiful
4257965146,2013,2499,0,beautiful
4059867646,2013,3000,2,beautiful
pre2013_147043,2006,2300,2,beautiful
5408227966,2016,8750,5,beautiful
pre2013_71347,2012,3600,3,beautiful
4265648450,2013,4095,3,beautiful
pre2013_53717,2012,3200,2,beautiful
pre2013_147270,2006,2950,3,beautiful
pre2013_39827,2011,3250,2,beautiful
pre2013_26019,2007,2600,3,beautiful
pre2013_61998,2012,2700,2,beautiful
6480263239,2018,3000,1,beautiful
pre2013_26143,2007,2000,1,beautiful
5778283733,2016,2750,2,beautiful
5393064971,2016,4200,2,beautiful
pre2013_53044,2012,2850,2,beautiful
pre2013_126482,2004,895,1,beautiful
pre2013_162249,2006,3190,3,beautiful
pre2013_162249,2006,3190,3,beautiful
5265337855,2015,3100,2,beautiful
pre2013_82309,2006,7300,NA,beautiful
4133781556,2013,1950,2,beautiful
pre2013_130942,2004,1800,2,beautiful
4966866196,2015,2525,1,beautiful
pre2013_119860,2004,1400,2,beautiful
pre2013_164077,2006,5500,4,beautiful
pre2013_32538,2011,5900,5,beautiful
pre2013_121591,2004,4500,4,beautiful
pre2013_44308,2011,2400,2,beautiful
pre2013_30102,2011,3750,3,beautiful
pre2013_37486,2011,5900,3,beautiful
pre2013_43101,2011,5900,3,beautiful
pre2013_158772,2006,2900,3,beautiful
pre2013_125900,2004,2550,3,beautiful
4600568109,2014,5200,4,beautiful
pre2013_44865,2011,3250,4,beautiful
6610559137,2018,3950,3,beautiful
pre2013_86683,2003,1675,3,beautiful
pre2013_142326,2005,895,1,beautiful
pre2013_39558,2011,2900,3,beautiful
pre2013_140419,2005,800,NA,beautiful
pre2013_49604,2012,700,2,beautiful
pre2013_28601,2008,1250,0,beautiful
pre2013_6654,2009,2300,3,beautiful
pre2013_22322,2012,3600,4,beautiful
pre2013_72424,2012,6000,4,beautiful
pre2013_156598,2006,1600,2,beautiful
5668927683,2016,2600,2,beautiful
pre2013_128541,2004,3000,3,beautiful
5807461268,2016,3600,3,beautiful
pre2013_138140,2005,650,1,beautiful
4645161407,2014,4700,5,beautiful
pre2013_120829,2004,2850,3,beautiful
pre2013_67661,2012,5500,4,beautiful
pre2013_9458,2011,1295,2,beautiful
6517155562,2018,2550,2,beautiful
4623084171,2014,1750,2,beautiful
pre2013_66215,2012,1925,1,beautiful
pre2013_132331,2004,1000,1,beautiful
pre2013_138705,2005,1200,2,beautiful
pre2013_41257,2011,1100,1,beautiful
5771185337,2016,2650,2,beautiful
pre2013_138455,2005,595,1,beautiful
pre2013_34738,2011,1750,2,beautiful
5464866553,2016,1250,1,beautiful
pre2013_151120,2006,2300,3,beautiful
pre2013_84239,2006,2200,2,beautiful
4255574324,2013,1510,3,beautiful
pre2013_123233,2004,2750,3,beautiful
pre2013_160162,2010,1450,2,beautiful
pre2013_154874,2007,2550,3,beautiful
5547564381,2016,4150,3,beautiful
3791614320,2013,2700,3,beautiful
pre2013_48437,2012,3400,3,beautiful
pre2013_127792,2004,800,NA,beautiful
pre2013_123059,2004,2750,3,beautiful
pre2013_86963,2003,2650,3,beautiful
pre2013_42890,2011,3500,3,beautiful
6539206642,2018,6900,4,beautiful
pre2013_125655,2004,2550,3,beautiful
pre2013_155109,2007,2800,3,beautiful
pre2013_128920,2004,2195,3,beautiful
5633413011,2016,6850,3,beautiful
pre2013_27443,2007,1995,2,beautiful
pre2013_144260,2005,950,NA,beautiful
pre2013_32500,2011,1050,1,beautiful
pre2013_6791,2009,1600,2,beautiful
pre2013_162250,2006,2275,3,beautiful
pre2013_138216,2005,1250,NA,beautiful
pre2013_126530,2004,2650,3,beautiful
pre2013_116887,2001,3000,NA,beautiful
pre2013_98070,2004,2550,3,beautiful
pre2013_99303,2004,2550,3,beautiful
pre2013_118911,2004,2195,2,beautiful
pre2013_30744,2011,1975,1,beautiful
pre2013_101989,2004,1895,3,beautiful
pre2013_95877,2004,2500,3,beautiful
pre2013_96153,2004,2500,3,beautiful
pre2013_96830,2004,2500,3,beautiful
pre2013_126325,2004,2500,3,beautiful
pre2013_96987,2004,2500,3,beautiful
pre2013_97817,2004,1900,2,beautiful
pre2013_97735,2004,2550,3,beautiful
pre2013_131763,2004,1895,3,beautiful
pre2013_146430,2006,2800,3,beautiful
pre2013_99934,2004,2550,3,beautiful
pre2013_101128,2004,1850,3,beautiful
pre2013_102224,2004,1895,3,beautiful
pre2013_145467,2006,2200,2,beautiful
4945975805,2015,3300,2,beautiful
5607679548,2016,7800,3,beautiful
3812155876,2013,3275,2,beautiful
5514388159,2016,3675,2,beautiful
pre2013_118749,2004,1525,2,beautiful
pre2013_4382,2008,2050,2,beautiful
5782115326,2016,3525,2,beautiful
5538145753,2016,3675,2,beautiful
pre2013_30560,2011,2500,2,beautiful
pre2013_70319,2012,2535,2,beautiful
pre2013_155719,2006,1325,1,beautiful
pre2013_68273,2012,1995,1,beautiful
pre2013_118906,2004,4750,5,beautiful
5470697963,2016,2567,1,beautiful
5672607658,2016,3750,2,beautiful
pre2013_33036,2011,2500,2,beautiful
pre2013_23914,2012,2775,2,beautiful
pre2013_163332,2006,3400,3,beautiful
pre2013_55086,2012,2485,2,beautiful
6369816346,2017,3645,2,beautiful
pre2013_68332,2012,2385,2,beautiful
pre2013_24045,2012,1875,1,beautiful
pre2013_156289,2006,1300,2,beautiful
pre2013_155757,2006,1505,2,beautiful
pre2013_51721,2012,1950,1,beautiful
pre2013_51454,2012,2985,2,beautiful
pre2013_55083,2012,2410,2,beautiful
pre2013_64721,2012,6800,4,beautiful
pre2013_80338,2007,1900,NA,beautiful
pre2013_31508,2011,2350,2,beautiful
pre2013_34923,2011,2963,3,beautiful
pre2013_62727,2012,1600,1,beautiful
5285189690,2015,2725,1,beautiful
5449623242,2016,3375,2,beautiful
5449623242,2016,3375,2,beautiful
pre2013_29289,2011,1800,1,beautiful
5536530724,2016,3675,2,beautiful
pre2013_56596,2012,2410,2,beautiful
5280166613,2015,3025,1,beautiful
5419314694,2016,2516,1,beautiful
5752276490,2016,3495,2,beautiful
pre2013_66411,2012,6800,4,beautiful
5536536408,2016,2645,1,beautiful
pre2013_62752,2012,1995,1,beautiful
5570834831,2016,2398,1,beautiful
pre2013_12540,2011,4500,3,beautiful
5419107123,2016,3145,1,beautiful
pre2013_144915,2005,1150,1,beautiful
pre2013_162654,2006,1300,2,beautiful
pre2013_35817,2011,2550,2,beautiful
pre2013_56927,2012,1925,1,beautiful
5429511135,2016,3715,2,beautiful
pre2013_30968,2011,1799,1,beautiful
pre2013_30562,2011,1850,1,beautiful
pre2013_163388,2006,1350,2,beautiful
pre2013_17851,2012,2400,2,beautiful
pre2013_61929,2012,2745,2,beautiful
pre2013_56920,2012,2335,2,beautiful
5280164811,2015,3695,2,beautiful
pre2013_30958,2011,2399,2,beautiful
pre2013_34929,2011,1850,1,beautiful
pre2013_29241,2011,2350,2,beautiful
pre2013_30971,2011,2499,2,beautiful
4666928205,2014,1950,2,beautiful
pre2013_30582,2011,1890,1,beautiful
pre2013_151107,2006,1600,2,beautiful
pre2013_151605,2006,1800,3,beautiful
pre2013_154729,2007,1180,NA,beautiful
pre2013_159028,2006,1750,3,beautiful
pre2013_78768,2008,2695,4,beautiful
pre2013_121352,2004,1775,3,beautiful
pre2013_151428,2006,1250,2,beautiful
pre2013_137588,2005,1245,2,beautiful
pre2013_60570,2012,2100,3,beautiful
pre2013_140567,2005,2200,4,beautiful
pre2013_87011,2003,1595,2,beautiful
pre2013_13459,2012,1995,3,beautiful
pre2013_154845,2007,1995,3,beautiful
pre2013_130663,2004,1650,3,beautiful
pre2013_59345,2012,3500,4,beautiful
pre2013_16713,2012,2100,NA,beautiful
pre2013_33315,2011,2000,3,beautiful
pre2013_159682,2007,1070,1,beautiful
pre2013_139516,2005,1950,3,beautiful
pre2013_14789,2012,2275,3,beautiful
pre2013_27597,2007,2100,3,beautiful
pre2013_28042,2008,8500,5,beautiful
6513443184,2018,8600,3,beautiful
pre2013_149227,2006,3600,4,beautiful
4988371430,2015,2845,2,beautiful
4956726522,2015,7750,4,beautiful
pre2013_107144,2004,2300,2,beautiful
pre2013_14130,2012,2055,1,beautiful
pre2013_19046,2012,5000,3,beautiful
pre2013_106046,2004,2300,2,beautiful
pre2013_41316,2011,2050,2,beautiful
pre2013_36513,2011,6950,4,beautiful
pre2013_18719,2012,7250,3,beautiful
pre2013_81346,2007,4200,3,beautiful
pre2013_13617,2012,6450,4,beautiful
pre2013_14977,2012,2050,1,beautiful
pre2013_50673,2012,3400,3,beautiful
pre2013_111446,2004,1950,2,beautiful
pre2013_109818,2004,1950,2,beautiful
pre2013_40314,2011,5400,3,beautiful
pre2013_111261,2004,1950,1,beautiful
pre2013_40923,2011,5400,3,beautiful
pre2013_81333,2007,1200,NA,beautiful
pre2013_135779,2005,3600,4,beautiful
pre2013_148342,2006,2400,2,beautiful
pre2013_109523,2004,2575,3,beautiful
pre2013_56870,2012,1395,NA,beautiful
4766302721,2014,2370,1,beautiful
pre2013_124276,2004,1950,1,beautiful
pre2013_104842,2004,2300,2,beautiful
pre2013_67781,2012,5800,4,beautiful
pre2013_103864,2004,3500,3,beautiful
pre2013_107839,2004,2300,2,beautiful
pre2013_142563,2005,6500,5,beautiful
pre2013_63859,2012,6300,4,beautiful
pre2013_11112,2012,21000,8,beautiful
5291261420,2015,6500,4,beautiful
pre2013_129356,2004,1800,2,beautiful
pre2013_103482,2004,2980,4,beautiful
pre2013_34296,2011,5950,4,beautiful
4966884223,2015,7500,4,beautiful
pre2013_109974,2004,2565,3,beautiful
pre2013_111941,2004,650,0,beautiful
pre2013_127713,2004,2565,3,beautiful
pre2013_5530,2009,1700,1,beautiful
pre2013_108975,2004,1950,1,beautiful
5393121584,2016,4995,2,beautiful
pre2013_45301,2011,1950,2,beautiful
pre2013_44159,2011,6450,4,beautiful
pre2013_108176,2004,3275,4,beautiful
pre2013_135256,2005,2950,4,beautiful
pre2013_68806,2012,1400,0,beautiful
pre2013_62101,2012,5900,3,beautiful
pre2013_137454,2005,2800,4,beautiful
5794547167,2016,6600,4,beautiful
pre2013_5571,2009,3300,3,beautiful
pre2013_109681,2004,2565,3,beautiful
5054837826,2015,2785,2,beautiful
pre2013_81695,2007,4250,3,beautiful
5618687831,2016,2550,2,beautiful
pre2013_113192,2004,2000,3,beautiful
pre2013_156569,2006,2300,2,beautiful
pre2013_79858,2007,1450,2,beautiful
5729897429,2016,3950,3,beautiful
pre2013_15799,2012,700,0,beautiful
6412263735,2017,4650,3,beautiful
pre2013_11066,2012,1365,1,beautiful
pre2013_50517,2012,1575,2,beautiful
pre2013_135110,2005,3400,3,beautiful
4956713608,2015,4500,3,beautiful
pre2013_68556,2012,1755,2,beautiful
pre2013_40753,2011,10000,4,beautiful
pre2013_56758,2012,1850,2,beautiful
5737724181,2016,2895,2,beautiful
4402670532,2014,3975,2,beautiful
pre2013_32285,2011,6500,4,beautiful
pre2013_54504,2012,2350,2,beautiful
pre2013_161931,2006,2000,2,beautiful
5481573700,2016,4900,3,beautiful
pre2013_156720,2006,1100,2,beautiful
pre2013_126248,2004,1900,2,beautiful
pre2013_15174,2012,2200,2,beautiful
pre2013_19193,2012,1750,2,beautiful
pre2013_157485,2006,1100,2,beautiful
5570946077,2016,2950,2,beautiful
pre2013_114789,2004,2150,3,beautiful
pre2013_23994,2012,2195,2,beautiful
pre2013_72352,2012,5990,4,beautiful
pre2013_113036,2004,2800,3,beautiful
pre2013_17841,2012,1799,2,beautiful
pre2013_61283,2012,1850,2,beautiful
4697281757,2014,5275,5,beautiful
4645364028,2014,2850,3,beautiful
pre2013_5748,2008,3900,4,beautiful
pre2013_84090,2006,2300,3,beautiful
pre2013_69012,2012,1850,2,beautiful
pre2013_67132,2012,1695,1,beautiful
4924669630,2015,7500,4,beautiful
pre2013_77511,2009,1800,3,beautiful
pre2013_51200,2012,2000,2,beautiful
pre2013_58359,2012,590,1,beautiful
pre2013_160515,2006,1000,1,beautiful
pre2013_132814,2004,1195,2,beautiful
5397266620,2016,5995,4,beautiful
pre2013_134627,2005,1750,3,beautiful
5747084403,2016,2995,2,beautiful
pre2013_160343,2006,1100,2,beautiful
4834958523,2015,4200,2,beautiful
pre2013_48068,2012,2250,2,beautiful
6602638415,2018,3842,2,beautiful
5802697118,2016,3950,3,beautiful
pre2013_27965,2008,1750,3,beautiful
pre2013_137862,2005,3500,3,beautiful
pre2013_43628,2011,1799,2,beautiful
pre2013_82,2006,1695,2,beautiful
pre2013_64077,2012,3561,2,beautiful
pre2013_81206,2007,1495,2,beautiful
pre2013_67127,2012,5400,4,beautiful
4966895437,2015,2475,2,beautiful
5789702721,2016,1495,0,beautiful
pre2013_160692,2006,1100,2,beautiful
pre2013_130440,2004,1100,1,beautiful
5447504936,2016,3125,2,beautiful
pre2013_29463,2011,1429,1,beautiful
pre2013_114339,2004,2785,3,beautiful
pre2013_116717,2001,2995,3,beautiful
pre2013_84618,2003,1695,2,beautiful
pre2013_88007,2004,995,0,beautiful
pre2013_98673,2004,1325,1,beautiful
pre2013_98740,2004,1750,1,beautiful
pre2013_88256,2004,1675,2,beautiful
pre2013_118149,2004,600,1,beautiful
pre2013_89183,2004,1675,2,beautiful
pre2013_8161,2011,1900,1,beautiful
pre2013_90142,2004,1675,2,beautiful
pre2013_120568,2004,1675,2,beautiful
pre2013_103018,2004,1800,2,beautiful
pre2013_91174,2004,1675,2,beautiful
pre2013_94766,2004,2550,2,beautiful
pre2013_124508,2004,2550,2,beautiful
5439968325,2016,4500,2,beautiful
5390007753,2016,3585,1,beautiful
5439827844,2016,8395,4,beautiful
5726781315,2016,6795,4,beautiful
5382580834,2016,3995,2,beautiful
pre2013_158788,2006,2450,1,beautiful
5450024236,2016,2550,1,beautiful
5501311811,2016,7995,4,beautiful
4556843444,2014,4695,2,beautiful
5815807313,2016,4995,4,beautiful
5606811435,2016,8000,4,beautiful
5488904160,2016,6545,4,beautiful
5496953930,2016,7395,4,beautiful
4556801835,2014,4495,NA,beautiful
pre2013_97331,2004,1850,2,beautiful
pre2013_84870,2003,2500,2,beautiful
pre2013_97875,2004,2400,2,beautiful
pre2013_97950,2004,2400,2,beautiful
pre2013_117546,2004,1850,1,beautiful
pre2013_146130,2006,2450,2,beautiful
pre2013_87994,2004,2600,3,beautiful
pre2013_98553,2004,1995,2,beautiful
pre2013_98884,2004,700,0,beautiful
pre2013_128536,2004,1650,2,beautiful
pre2013_117935,2004,1690,3,beautiful
pre2013_88529,2004,1225,NA,beautiful
pre2013_89411,2004,1825,1,beautiful
4265638454,2014,3395,1,beautiful
pre2013_54041,2012,2750,1,beautiful
pre2013_90014,2004,1650,1,beautiful
pre2013_101508,2004,2650,2,beautiful
pre2013_131221,2004,2650,2,beautiful
pre2013_90144,2004,1650,3,beautiful
pre2013_90944,2004,3400,3,beautiful
pre2013_120631,2004,3400,3,beautiful
pre2013_91088,2004,1095,0,beautiful
pre2013_120795,2004,1095,0,beautiful
pre2013_91034,2004,3400,3,beautiful
pre2013_91480,2004,2400,2,beautiful
pre2013_83548,2006,2650,2,beautiful
pre2013_91712,2004,2400,2,beautiful
pre2013_91812,2004,2400,2,beautiful
pre2013_91875,2004,2300,3,beautiful
pre2013_135259,2005,1150,1,beautiful
pre2013_92187,2004,1729,1,beautiful
pre2013_92189,2004,2200,2,beautiful
pre2013_92520,2004,2229,2,beautiful
pre2013_93097,2004,1789,1,beautiful
pre2013_93424,2004,2350,2,beautiful
pre2013_128100,2004,1799,1,beautiful
pre2013_94572,2004,2350,3,beautiful
pre2013_95336,2004,1460,2,beautiful
pre2013_125086,2004,1460,2,beautiful
pre2013_95420,2004,1789,1,beautiful
pre2013_96342,2004,1050,0,beautiful
pre2013_96450,2004,1150,0,beautiful
pre2013_96602,2004,1050,0,beautiful
pre2013_96804,2004,1050,NA,beautiful
pre2013_97700,2004,1995,2,beautiful
pre2013_5868,2008,2776,2,beautiful
pre2013_98336,2004,2400,2,beautiful
pre2013_98357,2004,1799,1,beautiful
pre2013_50820,2012,3500,2,beautiful
4530784775,2014,6500,4,beautiful
pre2013_101664,2004,1644,1,beautiful
pre2013_34563,2011,1795,0,beautiful
4645268495,2014,7000,3,beautiful
pre2013_102264,2004,1658,1,beautiful
5716336201,2016,4702,2,beautiful
5796508570,2016,3650,2,beautiful
5418753641,2016,3664,1,beautiful
pre2013_41483,2011,1999,1,beautiful
pre2013_5192,2008,1943,1,beautiful
pre2013_47723,2012,4700,3,beautiful
pre2013_160269,2006,1100,1,beautiful
pre2013_13223,2012,1950,1,beautiful
pre2013_34089,2011,4650,2,beautiful
pre2013_9014,2011,2997,2,beautiful
5955714187,2017,3699,NA,beautiful
4556863738,2014,3500,2,beautiful
pre2013_54042,2012,1895,0,beautiful
pre2013_28852,2006,4600,3,beautiful
pre2013_154079,2007,2150,1,beautiful
5470247690,2016,3700,1,beautiful
pre2013_62015,2012,3950,2,beautiful
6486090819,2018,3950,1,beautiful
5617669391,2016,3600,2,beautiful
pre2013_69421,2012,3875,2,beautiful
4226799185,2013,3350,2,beautiful
4217247651,2013,1995,0,beautiful
pre2013_20946,2012,1300,1,beautiful
3779414362,2013,4850,NA,beautiful
pre2013_87539,2003,2495,4,beautiful
pre2013_120172,2004,2100,3,beautiful
pre2013_32983,2011,1200,1,beautiful
pre2013_159489,2006,1200,0,beautiful
4677878455,2014,5850,4,beautiful
pre2013_141833,2005,2250,3,beautiful
pre2013_135442,2005,2200,2,beautiful
pre2013_43112,2011,2000,2,beautiful
5066249255,2015,5000,3,beautiful
pre2013_40131,2011,2100,3,beautiful
pre2013_54361,2012,2500,3,beautiful
pre2013_162332,2006,1400,2,beautiful
pre2013_144102,2005,1200,NA,beautiful
pre2013_34004,2011,2500,3,beautiful
pre2013_119545,2004,1300,2,beautiful
pre2013_87306,2003,1050,1,beautiful
pre2013_116314,2001,1450,0,beautiful
pre2013_116271,2001,4200,NA,beautiful
pre2013_116905,2001,2400,2,beautiful
pre2013_145739,2006,3650,2,beautiful
pre2013_97461,2004,2300,1,beautiful
pre2013_97625,2004,1400,NA,beautiful
pre2013_79094,2008,2200,1,beautiful
pre2013_97850,2004,2200,1,beautiful
pre2013_97969,2004,3200,3,beautiful
pre2013_85046,2003,950,0,beautiful
pre2013_98704,2004,1150,0,beautiful
pre2013_88148,2004,1290,NA,beautiful
pre2013_88164,2004,1990,1,beautiful
pre2013_128494,2004,1600,0,beautiful
pre2013_98916,2004,1400,NA,beautiful
pre2013_88475,2004,1290,NA,beautiful
pre2013_88498,2004,1990,1,beautiful
pre2013_99294,2004,1800,1,beautiful
pre2013_88700,2004,1600,1,beautiful
pre2013_118182,2004,1700,3,beautiful
pre2013_89228,2004,1600,1,beautiful
pre2013_89302,2004,1800,2,beautiful
pre2013_118701,2004,1800,2,beautiful
pre2013_100213,2004,1825,1,beautiful
pre2013_100191,2004,1995,1,beautiful
pre2013_89599,2004,1025,1,beautiful
pre2013_89621,2004,1575,1,beautiful
pre2013_100834,2004,1995,1,beautiful
pre2013_130532,2004,1995,1,beautiful
pre2013_100856,2004,3100,2,beautiful
pre2013_18176,2012,3850,2,beautiful
pre2013_100950,2004,2500,2,beautiful
pre2013_100889,2004,2950,2,beautiful
pre2013_101739,2004,2000,3,beautiful
pre2013_107829,2004,1780,3,beautiful
pre2013_90413,2004,3200,2,beautiful
pre2013_90499,2004,1990,1,beautiful
pre2013_90428,2004,3200,2,beautiful
pre2013_90602,2004,1300,1,beautiful
pre2013_90534,2004,3200,2,beautiful
pre2013_94202,2004,1350,NA,beautiful
pre2013_102853,2004,2200,1,beautiful
pre2013_120918,2004,1990,1,beautiful
pre2013_91194,2004,2750,2,beautiful
pre2013_34510,2011,3600,3,beautiful
pre2013_22585,2012,2500,1,beautiful
pre2013_103212,2004,1650,1,beautiful
pre2013_103275,2004,2495,2,beautiful
pre2013_133408,2005,3950,3,beautiful
pre2013_147822,2006,3500,3,beautiful
pre2013_133938,2005,3995,NA,beautiful
pre2013_121670,2004,1600,1,beautiful
pre2013_91987,2004,1700,1,beautiful
pre2013_92177,2004,2900,2,beautiful
pre2013_121895,2004,2900,2,beautiful
pre2013_92238,2004,2800,2,beautiful
pre2013_121983,2004,2800,2,beautiful
pre2013_137010,2005,1550,1,beautiful
pre2013_122346,2004,7000,3,beautiful
pre2013_93233,2004,2000,1,beautiful
pre2013_93419,2004,2395,1,beautiful
pre2013_93417,2004,2695,2,beautiful
pre2013_93389,2004,3200,2,beautiful
pre2013_93346,2004,7000,3,beautiful
pre2013_122888,2004,7000,3,beautiful
pre2013_93472,2004,1150,0,beautiful
pre2013_139405,2005,2200,3,beautiful
pre2013_41510,2011,3200,2,beautiful
pre2013_93556,2004,2495,2,beautiful
pre2013_93733,2004,7000,3,beautiful
pre2013_140413,2005,1950,1,beautiful
pre2013_93931,2004,2495,2,beautiful
pre2013_94014,2004,2775,1,beautiful
pre2013_146005,2006,2050,1,beautiful
pre2013_94141,2004,7000,3,beautiful
pre2013_123737,2004,7000,3,beautiful
pre2013_94470,2004,3900,3,beautiful
pre2013_124254,2004,1350,NA,beautiful
pre2013_124237,2004,1990,1,beautiful
pre2013_94625,2004,1750,1,beautiful
pre2013_94680,2004,1800,1,beautiful
pre2013_94794,2004,1350,NA,beautiful
pre2013_94854,2004,1350,NA,beautiful
pre2013_124580,2004,1350,NA,beautiful
pre2013_95344,2004,2375,2,beautiful
pre2013_125110,2004,2375,2,beautiful
pre2013_95895,2004,1800,1,beautiful
pre2013_95932,2004,1475,1,beautiful
pre2013_96108,2004,1350,NA,beautiful
pre2013_96211,2004,1795,1,beautiful
pre2013_47668,2012,2575,1,beautiful
pre2013_96366,2004,4400,3,beautiful
pre2013_71349,2012,2895,1,beautiful
pre2013_102374,2004,1695,1,beautiful
pre2013_146126,2006,1475,0,beautiful
pre2013_98550,2004,3200,2,beautiful
pre2013_7856,2010,3900,3,beautiful
pre2013_99445,2004,3750,3,beautiful
pre2013_99777,2004,1375,NA,beautiful
pre2013_134557,2005,1800,1,beautiful
pre2013_29344,2011,2150,1,beautiful
pre2013_53084,2012,1550,0,beautiful
pre2013_100592,2004,1995,1,beautiful
pre2013_153390,2007,3000,1,beautiful
pre2013_11414,2011,6500,3,beautiful
pre2013_82436,2006,11900,4,beautiful
pre2013_102011,2004,2595,2,beautiful
pre2013_131857,2004,2595,2,beautiful
pre2013_102147,2004,1800,1,beautiful
pre2013_147502,2006,2900,2,beautiful
pre2013_32138,2011,2599,1,beautiful
5729763911,2016,2550,0,beautiful
pre2013_102586,2004,2850,2,beautiful
4721472694,2014,2000,0,beautiful
5280286176,2015,2994,1,beautiful
pre2013_103230,2004,2400,2,beautiful
pre2013_133647,2005,1850,1,beautiful
pre2013_159444,2006,1295,0,beautiful
pre2013_133953,2005,3950,3,beautiful
4915743746,2015,5199,2,beautiful
pre2013_155408,2012,2575,1,beautiful
pre2013_148093,2006,1600,1,beautiful
pre2013_58028,2012,3255,2,beautiful
pre2013_43164,2011,1475,0,beautiful
pre2013_43170,2011,3250,2,beautiful
5398184928,2016,2600,0,beautiful
pre2013_25352,2007,1450,0,beautiful
pre2013_139634,2005,2200,3,beautiful
pre2013_24382,2006,1595,0,beautiful
5713571700,2016,3900,2,beautiful
5716345758,2016,3995,1,beautiful
6571878528,2018,5600,2,beautiful
5171222396,2015,3300,1,beautiful
pre2013_66041,2012,3600,3,beautiful
pre2013_6354,2009,2795,2,beautiful
pre2013_77885,2008,2875,2,beautiful
pre2013_143001,2005,4700,2,beautiful
pre2013_144094,2005,1850,1,beautiful
5536670586,2016,3345,1,beautiful
5536664470,2016,3395,1,beautiful
pre2013_145342,2006,2595,1,beautiful
pre2013_68946,2012,3495,2,beautiful
6584903344,2018,5750,3,beautiful
pre2013_13870,2012,4500,2,beautiful
6433076684,2017,9500,3,beautiful
4656328885,2014,4400,2,beautiful
pre2013_5551,2009,1600,0,beautiful
pre2013_1728,2006,3300,3,beautiful
3562811640,2013,1900,0,beautiful
pre2013_18985,2012,4200,2,beautiful
pre2013_77136,2010,4800,2,beautiful
pre2013_64796,2012,2800,1,beautiful
pre2013_29731,2011,1949,1,beautiful
pre2013_81861,2007,2600,1,beautiful
pre2013_57024,2012,3900,2,beautiful
6480256856,2018,2895,0,beautiful
pre2013_53025,2012,4500,2,beautiful
4237905552,2013,5350,2,beautiful
4834777592,2015,8750,3,beautiful
3544480491,2013,925,3,beautiful
pre2013_82809,2006,1395,NA,beautiful
4900775008,2015,7500,2,beautiful
pre2013_60794,2012,5600,2,beautiful
6597616757,2018,5600,2,beautiful
4257021057,2013,2795,1,beautiful
5507795049,2016,3500,1,beautiful
5503121824,2016,4600,2,beautiful
5449961517,2016,4795,2,beautiful
5159914392,2015,6500,2,beautiful
pre2013_43161,2011,6950,4,beautiful
pre2013_59534,2012,10000,3,beautiful
pre2013_21198,2012,1995,2,beautiful
pre2013_54636,2012,1645,1,beautiful
pre2013_21266,2012,1755,1,beautiful
pre2013_149095,2006,1650,3,beautiful
pre2013_108945,2004,1625,2,beautiful
pre2013_111260,2004,1350,2,beautiful
pre2013_56579,2012,6000,5,beautiful
pre2013_111463,2004,3800,4,beautiful
pre2013_148344,2006,1450,2,beautiful
pre2013_41329,2011,2550,2,beautiful
pre2013_59003,2012,1760,1,beautiful
pre2013_54987,2012,2365,2,beautiful
pre2013_59002,2012,2295,2,beautiful
pre2013_50687,2012,1685,2,beautiful
pre2013_105293,2004,1300,2,beautiful
5252760929,2015,6350,3,beautiful
pre2013_148246,2006,1695,2,beautiful
pre2013_148911,2006,4300,3,beautiful
pre2013_106074,2004,1450,2,beautiful
pre2013_104903,2004,675,1,beautiful
pre2013_156293,2006,1950,1,beautiful
pre2013_158216,2006,4300,4,beautiful
pre2013_121792,2004,1995,3,beautiful
5265318960,2015,6350,3,beautiful
pre2013_124272,2004,1495,2,beautiful
pre2013_148873,2006,10000,5,beautiful
pre2013_33421,2011,3100,3,beautiful
pre2013_64230,2012,3350,3,beautiful
pre2013_109211,2004,4250,4,beautiful
pre2013_15056,2012,1950,2,beautiful
pre2013_36540,2011,2450,3,beautiful
pre2013_139219,2005,1500,2,beautiful
4677941274,2014,2852,1,beautiful
pre2013_108973,2004,1400,2,beautiful
pre2013_63820,2012,6500,3,beautiful
pre2013_33437,2011,1695,1,beautiful
pre2013_63477,2012,1695,1,beautiful
5302441886,2015,3095,2,beautiful
pre2013_78436,2008,1200,0,beautiful
pre2013_78423,2008,1495,1,beautiful
pre2013_148928,2006,2190,2,beautiful
5302266432,2015,5700,3,beautiful
pre2013_149950,2006,1400,1,beautiful
pre2013_148470,2006,1280,1,beautiful
pre2013_78090,2008,2295,2,beautiful
pre2013_57204,2012,1755,1,beautiful
pre2013_135450,2005,1200,1,beautiful
pre2013_138537,2005,1575,2,beautiful
pre2013_80060,2007,1100,1,beautiful
6488613513,2018,2700,1,beautiful
pre2013_108094,2004,1500,2,beautiful
5066111886,2015,2695,1,beautiful
pre2013_52020,2012,1675,1,beautiful
pre2013_13031,2012,1685,2,beautiful
pre2013_58574,2012,1760,1,beautiful
4704132830,2014,1200,1,beautiful
4898206937,2015,15950,5,beautiful
5066076507,2015,4750,5,beautiful
pre2013_1947,2006,1150,1,beautiful
pre2013_58573,2012,2295,2,beautiful
pre2013_60612,2012,4250,2,beautiful
pre2013_126490,2004,2100,3,beautiful
pre2013_57203,2012,2275,2,beautiful
pre2013_108318,2004,1600,3,beautiful
3562798036,2013,2700,2,beautiful
pre2013_149791,2006,995,1,beautiful
pre2013_149377,2006,1200,1,beautiful
pre2013_130897,2004,900,1,beautiful
pre2013_123453,2004,1500,2,beautiful
pre2013_150744,2006,1375,1,beautiful
pre2013_82234,2006,3200,3,beautiful
5303892708,2015,14000,5,beautiful
pre2013_4528,2008,3195,3,beautiful
pre2013_24639,2006,2350,3,beautiful
pre2013_112011,2004,900,2,beautiful
pre2013_154303,2007,1350,1,beautiful
pre2013_103788,2004,2550,2,beautiful
pre2013_109347,2004,2100,2,beautiful
pre2013_78810,2008,1500,1,beautiful
4132994438,2013,2195,2,beautiful
pre2013_156807,2006,1325,1,beautiful
pre2013_63833,2012,1450,1,beautiful
pre2013_132303,2004,2600,3,beautiful
4977611980,2015,2295,1,beautiful
4846196994,2015,2895,1,beautiful
pre2013_149491,2006,4300,4,beautiful
pre2013_140967,2005,1700,2,beautiful
pre2013_111329,2004,900,2,beautiful
pre2013_106748,2004,2500,2,beautiful
pre2013_140965,2005,1175,2,beautiful
pre2013_46863,2011,1895,1,beautiful
pre2013_109127,2004,2100,3,beautiful
pre2013_83028,2006,2000,2,beautiful
4926994729,2015,15950,5,beautiful
4634311232,2014,1700,1,beautiful
pre2013_39704,2011,3950,4,beautiful
pre2013_44932,2011,1925,1,beautiful
pre2013_106139,2004,1473,2,beautiful
6580695262,2018,1500,1,beautiful
pre2013_2838,2006,1730,2,beautiful
pre2013_14979,2012,5150,4,beautiful
pre2013_41461,2011,3200,3,beautiful
pre2013_56589,2012,2000,1,beautiful
5946098396,2017,2295,0,beautiful
pre2013_162431,2006,3850,3,beautiful
pre2013_165008,2006,2250,2,beautiful
pre2013_137112,2005,1900,2,beautiful
pre2013_32979,2011,3150,3,beautiful
5302238938,2015,4700,3,beautiful
pre2013_156379,2006,1800,2,beautiful
5414534649,2016,2200,2,beautiful
pre2013_163171,2006,1100,1,beautiful
5579391768,2016,15000,4,beautiful
pre2013_144870,2005,1250,1,beautiful
5449406165,2016,2943,2,beautiful
pre2013_133416,2005,2600,3,beautiful
5506132051,2016,2150,1,beautiful
pre2013_30127,2011,7500,4,beautiful
5536753058,2016,4200,3,beautiful
5570904407,2016,5000,3,beautiful
pre2013_3711,2008,8500,4,beautiful
pre2013_87267,2003,2500,2,beautiful
pre2013_80139,2007,2100,2,beautiful
pre2013_164417,2006,1525,2,beautiful
5439542212,2016,2495,2,beautiful
pre2013_164759,2006,1800,2,beautiful
pre2013_135454,2005,1950,2,beautiful
5406205665,2016,2200,2,beautiful
pre2013_162392,2006,1325,2,beautiful
pre2013_125446,2004,3900,4,beautiful
5741048991,2016,2625,1,beautiful
5451062231,2016,4750,3,beautiful
5492945929,2016,3200,2,beautiful
pre2013_47922,2012,4800,3,beautiful
4835014465,2015,2600,2,beautiful
5382465375,2016,2285,1,beautiful
5460235122,2016,2475,1,beautiful
pre2013_61545,2012,3600,2,beautiful
3877642699,2013,7850,4,beautiful
pre2013_81772,2007,2200,1,beautiful
6526208298,2018,4500,3,beautiful
pre2013_34389,2011,1625,1,beautiful
pre2013_80343,2007,2600,3,beautiful
5413869469,2016,3800,3,beautiful
pre2013_142564,2005,1200,1,beautiful
5482879495,2016,2935,2,beautiful
pre2013_38613,2011,3100,3,beautiful
pre2013_80345,2007,900,NA,beautiful
pre2013_128451,2004,1350,1,beautiful
pre2013_163083,2006,4000,3,beautiful
pre2013_35315,2011,5850,5,beautiful
5785309198,2016,2425,1,beautiful
5406197471,2016,2200,2,beautiful
pre2013_49827,2012,1195,1,beautiful
5538000904,2016,2425,1,beautiful
pre2013_87236,2003,3400,4,beautiful
pre2013_38323,2011,3000,2,beautiful
4932642794,2015,2875,2,beautiful
pre2013_164839,2006,4500,3,beautiful
pre2013_13451,2012,7000,3,beautiful
5391512921,2016,2450,2,beautiful
pre2013_66410,2012,4000,3,beautiful
4623047125,2014,4100,2,beautiful
pre2013_44641,2011,5850,5,beautiful
pre2013_82051,2007,5300,4,beautiful
pre2013_84013,2006,1150,1,beautiful
pre2013_87294,2003,3450,3,beautiful
pre2013_55670,2012,1800,1,beautiful
pre2013_52671,2012,2850,3,beautiful
4644796158,2014,6000,3,beautiful
pre2013_28025,2008,1075,NA,beautiful
pre2013_66403,2012,1500,1,beautiful
pre2013_66931,2012,900,0,beautiful
pre2013_82062,2007,1850,2,beautiful
pre2013_46522,2011,1745,2,beautiful
pre2013_70740,2012,7400,4,beautiful
pre2013_162528,2006,1500,2,beautiful
pre2013_35305,2011,1475,1,beautiful
pre2013_162833,2006,2250,2,beautiful
5503793158,2016,2800,1,beautiful
pre2013_87427,2003,3500,3,beautiful
pre2013_26444,2007,1750,1,beautiful
5500478152,2016,2400,2,beautiful
pre2013_43472,2011,3100,2,beautiful
pre2013_8133,2011,3700,3,beautiful
pre2013_80772,2007,1750,2,beautiful
pre2013_17930,2012,2950,2,beautiful
4320945745,2014,6500,4,beautiful
pre2013_61937,2012,1900,1,beautiful
pre2013_119083,2004,3700,3,beautiful
pre2013_162289,2006,3850,3,beautiful
pre2013_164682,2006,1200,1,beautiful
pre2013_17895,2012,3500,3,beautiful
5503831322,2016,2935,2,beautiful
pre2013_164027,2006,1100,1,beautiful
pre2013_57630,2012,1800,1,beautiful
pre2013_55988,2012,2800,2,beautiful
pre2013_144640,2005,2550,3,beautiful
5717669667,2016,1700,0,beautiful
5500461802,2016,2400,2,beautiful
pre2013_142727,2005,5000,3,beautiful
5729730928,2016,2625,NA,beautiful
4766220493,2014,2895,2,beautiful
pre2013_61415,2012,9800,4,beautiful
pre2013_112256,2004,1645,2,beautiful
pre2013_123180,2004,1000,1,beautiful
pre2013_64224,2012,9800,4,beautiful
5066204277,2015,2680,2,beautiful
pre2013_132562,2004,1050,1,beautiful
pre2013_107887,2004,1000,1,beautiful
pre2013_150067,2006,4500,4,beautiful
5280351068,2015,5800,3,beautiful
pre2013_54245,2012,3500,3,beautiful
pre2013_110445,2004,2775,5,beautiful
pre2013_141603,2005,2500,3,beautiful
pre2013_40532,2011,4300,4,beautiful
6514179029,2018,2500,2,beautiful
pre2013_149914,2006,3700,4,beautiful
pre2013_38901,2011,3600,4,beautiful
pre2013_158797,2006,2650,4,beautiful
pre2013_130426,2004,1645,2,beautiful
pre2013_36119,2011,1900,2,beautiful
pre2013_78794,2008,4950,3,beautiful
pre2013_106698,2004,945,0,beautiful
pre2013_80956,2007,3000,3,beautiful
pre2013_149879,2006,3700,NA,beautiful
pre2013_110940,2004,1645,2,beautiful
pre2013_85642,2003,900,1,beautiful
pre2013_149286,2006,1450,1,beautiful
4865848727,2015,2355,1,beautiful
pre2013_36171,2011,2750,2,beautiful
pre2013_110786,2004,1645,2,beautiful
pre2013_128358,2004,2500,NA,beautiful
pre2013_110374,2004,1250,2,beautiful
pre2013_131096,2004,2350,3,beautiful
pre2013_44175,2011,3020,3,beautiful
pre2013_109600,2004,1850,2,beautiful
pre2013_44550,2011,1500,1,beautiful
5974339047,2017,3198,2,beautiful
pre2013_112482,2004,1645,2,beautiful
pre2013_111870,2004,1645,2,beautiful
6379114774,2017,5700,3,beautiful
pre2013_117371,2002,2700,3,beautiful
pre2013_135065,2005,1625,2,beautiful
pre2013_148602,2006,1200,1,beautiful
pre2013_33432,2011,2448,2,beautiful
5313342517,2015,2450,1,beautiful
pre2013_48219,2012,3500,4,beautiful
pre2013_148603,2006,1050,1,beautiful
pre2013_127288,2004,1850,2,beautiful
pre2013_62627,2012,9800,4,beautiful
pre2013_150270,2006,1100,1,beautiful
4935202330,2015,600,1,beautiful
4898212073,2015,4295,3,beautiful
pre2013_110050,2004,2500,3,beautiful
5745031850,2016,3350,2,beautiful
pre2013_111231,2004,875,1,beautiful
4619880385,2014,2800,4,beautiful
pre2013_81932,2007,2300,3,beautiful
pre2013_20990,2012,2200,3,beautiful
pre2013_81814,2007,3100,4,beautiful
pre2013_10045,2011,1399,1,beautiful
pre2013_54871,2012,1995,2,beautiful
pre2013_56117,2012,1995,2,beautiful
pre2013_59634,2012,2395,4,beautiful
pre2013_23824,2012,1900,2,beautiful
pre2013_42476,2011,1752,2,beautiful
5796493288,2016,3150,2,beautiful
pre2013_29806,2011,1975,2,beautiful
5662125489,2016,3400,3,beautiful
pre2013_112843,2004,2000,3,beautiful
pre2013_56435,2012,2100,3,beautiful
pre2013_63644,2012,2035,2,beautiful
4634187484,2014,2700,3,beautiful
pre2013_40357,2011,1680,1,beautiful
pre2013_16673,2012,2195,3,beautiful
5774771126,2016,4500,4,beautiful
pre2013_70934,2012,1585,3,beautiful
4256075051,2013,2000,2,beautiful
pre2013_30782,2011,2095,2,beautiful
pre2013_2741,2006,2100,3,beautiful
pre2013_137445,2005,2500,3,beautiful
pre2013_82448,2006,1795,3,beautiful
pre2013_9980,2011,2150,3,beautiful
pre2013_53127,2012,1645,1,beautiful
pre2013_82494,2006,1500,2,beautiful
5637971564,2016,3300,3,beautiful
pre2013_54109,2012,2295,3,beautiful
pre2013_21270,2012,1995,2,beautiful
pre2013_10762,2011,2390,3,beautiful
4977702151,2015,2465,0,beautiful
pre2013_16464,2012,1900,2,beautiful
5302354904,2015,3840,3,beautiful
pre2013_63674,2012,2035,2,beautiful
pre2013_30762,2011,1980,3,beautiful
pre2013_23108,2012,1895,2,beautiful
pre2013_28679,2008,2250,2,beautiful
5627453101,2016,3400,3,beautiful
pre2013_2333,2010,1765,2,beautiful
pre2013_71888,2012,3200,4,beautiful
pre2013_43625,2011,1900,2,beautiful
pre2013_131244,2004,2400,3,beautiful
4808920491,2014,2595,3,beautiful
pre2013_17460,2012,2450,3,beautiful
3798102011,2013,1400,0,beautiful
pre2013_56120,2012,1995,2,beautiful
5785527628,2016,1175,1,beautiful
pre2013_38778,2011,2500,4,beautiful
pre2013_161745,2006,1695,2,beautiful
pre2013_161604,2006,1795,3,beautiful
pre2013_16090,2012,2300,3,beautiful
pre2013_113297,2004,1800,3,beautiful
pre2013_69081,2012,2095,2,beautiful
pre2013_63651,2012,2035,2,beautiful
pre2013_154708,2007,1700,2,beautiful
pre2013_43265,2011,1945,2,beautiful
pre2013_49304,2012,2300,3,beautiful
pre2013_42837,2011,800,3,beautiful
3562897764,2013,2950,4,beautiful
pre2013_43641,2011,2395,4,beautiful
pre2013_63301,2012,2035,2,beautiful
pre2013_157745,2006,2900,4,beautiful
pre2013_5890,2009,2250,3,beautiful
pre2013_31378,2011,1595,2,beautiful
pre2013_2543,2006,1595,2,beautiful
pre2013_24842,2006,1695,2,beautiful
pre2013_154694,2007,1900,2,beautiful
pre2013_54837,2012,2000,3,beautiful
pre2013_35077,2011,2600,4,beautiful
pre2013_22666,2012,2295,3,beautiful
pre2013_41186,2011,1895,3,beautiful
pre2013_33232,2011,2250,3,beautiful
pre2013_19233,2012,2200,3,beautiful
pre2013_6492,2009,3450,4,beautiful
pre2013_158312,2006,3100,4,beautiful
pre2013_86346,2003,1895,3,beautiful
5606163429,2016,2890,2,beautiful
4924550596,2015,2280,1,beautiful
pre2013_137,2006,2150,3,beautiful
5606495006,2016,3400,3,beautiful
4678101802,2014,2750,3,beautiful
4879174275,2015,3600,3,beautiful
5800748271,2016,2950,2,beautiful
pre2013_36784,2011,1775,1,beautiful
pre2013_19202,2012,2650,4,beautiful
5313308678,2015,2231,1,beautiful
pre2013_159082,2006,1695,2,beautiful
5729775386,2016,1200,3,beautiful
pre2013_84609,2003,1200,1,beautiful
pre2013_87950,2004,2690,3,beautiful
pre2013_88143,2004,850,0,beautiful
pre2013_88589,2004,1995,2,beautiful
pre2013_146626,2006,2200,1,beautiful
pre2013_100375,2004,1350,1,beautiful
pre2013_100417,2004,2400,4,beautiful
pre2013_130072,2004,2400,4,beautiful
pre2013_89691,2004,1700,2,beautiful
pre2013_100999,2004,1350,1,beautiful
pre2013_101190,2004,1700,3,beautiful
pre2013_130950,2004,1700,3,beautiful
pre2013_101897,2004,2400,4,beautiful
pre2013_102101,2004,2400,4,beautiful
pre2013_102131,2004,2600,NA,beautiful
pre2013_102293,2004,2400,4,beautiful
pre2013_102403,2004,2400,4,beautiful
pre2013_90693,2004,2200,3,beautiful
pre2013_90626,2004,2249,2,beautiful
pre2013_120366,2004,2249,2,beautiful
pre2013_33150,2011,4600,2,beautiful
pre2013_91103,2004,1575,2,beautiful
pre2013_103326,2004,2400,2,beautiful
pre2013_133130,2004,2400,2,beautiful
pre2013_91461,2004,1075,0,beautiful
4855556196,2015,2885,0,beautiful
pre2013_91698,2004,2100,2,beautiful
4924634402,2015,2450,0,beautiful
4924664423,2015,3450,3,beautiful
pre2013_91786,2004,2100,2,beautiful
pre2013_121759,2004,1200,0,beautiful
pre2013_92342,2004,2400,3,beautiful
pre2013_122022,2004,2400,3,beautiful
pre2013_137015,2005,890,0,beautiful
pre2013_93366,2004,2000,3,beautiful
pre2013_139365,2005,3600,3,beautiful
pre2013_93860,2004,1725,2,beautiful
pre2013_123455,2004,1725,2,beautiful
pre2013_94459,2004,1825,2,beautiful
pre2013_94732,2004,1250,1,beautiful
pre2013_95479,2004,1500,1,beautiful
pre2013_3651,2008,1600,1,beautiful
pre2013_71174,2012,2795,3,beautiful
pre2013_7278,2008,1700,1,beautiful
6481012718,2018,3495,1,beautiful
pre2013_1101,2006,1800,1,beautiful
pre2013_19922,2012,4250,2,beautiful
pre2013_145988,2006,1050,0,beautiful
pre2013_145989,2006,1195,1,beautiful
pre2013_43149,2011,3175,2,beautiful
pre2013_146149,2006,1275,1,beautiful
pre2013_98439,2004,2700,2,beautiful
pre2013_99786,2004,1025,2,beautiful
pre2013_100065,2004,2400,4,beautiful
pre2013_129801,2004,2400,4,beautiful
4265861052,2013,2550,2,beautiful
pre2013_100750,2004,1650,3,beautiful
pre2013_101458,2004,2600,3,beautiful
pre2013_131281,2004,2550,2,beautiful
pre2013_28824,2006,1800,2,beautiful
pre2013_152997,2006,3200,4,beautiful
pre2013_139799,2005,1500,1,beautiful
pre2013_34027,2011,4000,2,beautiful
4775651605,2014,2195,2,beautiful
pre2013_34699,2011,2795,4,beautiful
pre2013_35880,2011,3200,2,beautiful
pre2013_135735,2005,1375,1,beautiful
4956759799,2015,3300,1,beautiful
pre2013_1571,2006,2850,4,beautiful
6571878155,2018,4000,1,beautiful
5171224317,2015,4750,2,beautiful
5269338821,2015,5800,3,beautiful
pre2013_155108,2007,2399,3,beautiful
pre2013_11047,2012,2750,2,beautiful
5829346666,2016,2500,1,beautiful
pre2013_67485,2012,3435,2,beautiful
pre2013_68481,2012,2275,3,beautiful
pre2013_28201,2008,1400,1,beautiful
pre2013_69912,2012,2950,1,beautiful
pre2013_51138,2012,4200,2,beautiful
pre2013_61176,2012,1150,0,beautiful
4247461725,2013,2850,2,beautiful
pre2013_15426,2012,2000,3,beautiful
5946094852,2017,2300,2,beautiful
5752376279,2016,7500,3,beautiful
5785505321,2016,5900,2,beautiful
5732069216,2016,3200,4,beautiful
4640744062,2014,5400,3,beautiful
5732070413,2016,3200,4,beautiful
5709141542,2016,5495,2,beautiful
5514675033,2016,3900,2,beautiful
6597616233,2018,4000,1,beautiful
5766220879,2016,4500,3,beautiful
6604065901,2018,3495,1,beautiful
4834930203,2015,1650,2,beautiful
4834894916,2015,4000,1,beautiful
5439935179,2016,6795,3,beautiful
5927742177,2017,4900,2,beautiful
4956586447,2015,3350,2,beautiful
pre2013_15015,2012,1500,0,beautiful
5824139497,2016,4500,3,beautiful
5674037678,2016,4200,5,beautiful
6316472670,2017,2695,0,beautiful
6315139222,2017,3595,1,beautiful
4710720752,2014,3150,1,beautiful
5598991095,2016,4380,4,beautiful
pre2013_34662,2011,2750,3,beautiful
5393031086,2016,3995,4,beautiful
pre2013_28503,2008,3800,3,beautiful
pre2013_55178,2012,3200,4,beautiful
pre2013_6131,2009,2750,NA,beautiful
pre2013_63675,2012,3300,4,beautiful
pre2013_5397,2007,2595,4,beautiful
pre2013_52475,2012,3800,5,beautiful
pre2013_26309,2007,2500,3,beautiful
pre2013_6769,2009,2295,3,beautiful
pre2013_24033,2012,2600,3,beautiful
pre2013_60067,2012,5000,5,beautiful
pre2013_38780,2011,2900,NA,beautiful
pre2013_13578,2012,695,NA,beautiful
3791142221,2013,2050,2,beautiful
pre2013_37646,2011,2900,4,beautiful
pre2013_27499,2007,2695,5,beautiful
pre2013_2687,2006,2600,4,beautiful
pre2013_23543,2012,2700,3,beautiful
pre2013_71866,2012,2500,4,beautiful
pre2013_54447,2012,3600,5,beautiful
pre2013_1257,2006,1650,3,beautiful
pre2013_28673,2008,3100,4,beautiful
pre2013_9935,2011,2050,3,beautiful
pre2013_40764,2011,2925,5,beautiful
pre2013_33667,2011,1850,2,beautiful
pre2013_63892,2012,1705,1,beautiful
pre2013_76788,2010,1295,1,beautiful
pre2013_106659,2004,1295,2,beautiful
5969930073,2017,2995,1,beautiful
pre2013_107375,2004,1395,2,beautiful
pre2013_107375,2004,1395,2,beautiful
pre2013_30013,2011,1404,1,beautiful
pre2013_107373,2004,1200,2,beautiful
pre2013_157137,2006,1525,2,beautiful
pre2013_142061,2005,1050,2,beautiful
pre2013_64632,2012,3250,1,beautiful
6323935434,2017,1850,1,beautiful
pre2013_108877,2004,1650,2,beautiful
pre2013_107052,2004,890,1,beautiful
4634024650,2014,2195,NA,beautiful
pre2013_136375,2005,700,0,beautiful
pre2013_64627,2012,3250,1,beautiful
pre2013_38876,2011,1200,1,beautiful
pre2013_108790,2004,895,1,beautiful
5423263425,2016,2875,2,beautiful
pre2013_138765,2005,1295,2,beautiful
5423266867,2016,2450,1,beautiful
6278247257,2017,1975,1,beautiful
6447122202,2018,3020,2,beautiful
4634352729,2014,2900,2,beautiful
pre2013_48830,2012,2045,2,beautiful
pre2013_111979,2004,925,1,beautiful
pre2013_138790,2005,995,1,beautiful
pre2013_129209,2004,1550,3,beautiful
5047360353,2015,3895,2,beautiful
5423264458,2016,2100,NA,beautiful
4126111958,2013,4000,3,beautiful
pre2013_104741,2004,995,1,beautiful
pre2013_69199,2012,1295,1,beautiful
4611944463,2014,5690,4,beautiful
pre2013_7298,2008,2500,4,beautiful
6480264328,2018,2895,2,beautiful
5958277580,2017,2912,0,beautiful
5765088866,2016,2895,2,beautiful
pre2013_115810,2004,2200,2,beautiful
pre2013_71155,2012,1625,1,beautiful
pre2013_55433,2012,5700,4,beautiful
pre2013_131845,2004,2475,3,beautiful
pre2013_14685,2012,1675,2,beautiful
pre2013_50350,2012,1610,1,beautiful
5672530208,2016,1600,1,beautiful
4835234486,2015,5295,4,beautiful
pre2013_35251,2011,2255,2,beautiful
4655938895,2014,2095,NA,beautiful
5171197032,2015,2578,1,beautiful
5077277160,2015,3510,0,beautiful
5765042685,2016,2195,1,beautiful
pre2013_70905,2012,1510,3,beautiful
pre2013_71638,2012,1790,1,beautiful
5587581817,2016,3307,1,beautiful
pre2013_130861,2004,1550,2,beautiful
5014163166,2015,2598,2,beautiful
pre2013_27506,2007,2500,2,beautiful
pre2013_112793,2004,1075,1,beautiful
pre2013_161616,2006,1583,2,beautiful
pre2013_80909,2007,750,2,beautiful
4945844537,2015,4245,2,beautiful
4966917231,2015,3037,2,beautiful
pre2013_60874,2012,2795,2,beautiful
pre2013_53235,2012,1545,1,beautiful
pre2013_9126,2011,1715,2,beautiful
pre2013_127632,2004,895,1,beautiful
4845181215,2015,2248,1,beautiful
pre2013_66386,2012,1475,1,beautiful
pre2013_60861,2012,3950,3,beautiful
pre2013_60224,2012,2200,1,beautiful
pre2013_125972,2004,1475,2,beautiful
pre2013_144777,2005,1400,2,beautiful
5420172384,2016,4395,3,beautiful
pre2013_115790,2004,1195,2,beautiful
5393057800,2016,4550,2,beautiful
5043454253,2015,4021,2,beautiful
pre2013_66357,2012,1660,1,beautiful
pre2013_120627,2004,2400,2,beautiful
4945980222,2015,2987,1,beautiful
4945886213,2015,4799,3,beautiful
pre2013_55468,2012,2237,2,beautiful
pre2013_161618,2006,1425,1,beautiful
pre2013_69369,2012,1350,3,beautiful
5615288208,2016,3675,3,beautiful
pre2013_60051,2012,2475,2,beautiful
pre2013_135609,2005,2800,2,beautiful
4106257709,2013,3700,3,beautiful
pre2013_148580,2006,1675,2,beautiful
4591390859,2014,3195,2,beautiful
5171384739,2015,3345,NA,beautiful
pre2013_35664,2011,1395,1,beautiful
pre2013_81394,2007,1678,1,beautiful
pre2013_45219,2011,899,1,beautiful
pre2013_69500,2012,2280,2,beautiful
6597500233,2018,4950,3,beautiful
4600322858,2014,5070,2,beautiful
pre2013_112196,2004,1295,2,beautiful
pre2013_27333,2007,1425,1,beautiful
pre2013_62113,2012,1695,2,beautiful
pre2013_50380,2012,1475,1,beautiful
pre2013_51659,2012,1695,1,beautiful
pre2013_9102,2011,1505,1,beautiful
pre2013_28177,2008,2400,3,beautiful
4648156853,2014,5400,4,beautiful
5509784930,2016,1995,1,beautiful
5014164298,2015,2598,2,beautiful
pre2013_57205,2012,1595,1,beautiful
5790899971,2016,2850,2,beautiful
pre2013_48218,2012,1855,2,beautiful
pre2013_160658,2006,1719,2,beautiful
4600253037,2014,2195,NA,beautiful
pre2013_46807,2011,2400,2,beautiful
pre2013_21997,2012,900,2,beautiful
6350416779,2017,5800,4,beautiful
pre2013_58153,2012,1870,2,beautiful
5077319023,2015,1825,0,beautiful
pre2013_26246,2007,1495,1,beautiful
5752404844,2016,3510,2,beautiful
5171180314,2015,3050,0,beautiful
pre2013_106443,2004,1875,3,beautiful
pre2013_41807,2011,1950,2,beautiful
pre2013_9687,2011,1550,1,beautiful
pre2013_36150,2011,2290,2,beautiful
5031033114,2015,2098,0,beautiful
pre2013_128269,2004,2375,3,beautiful
pre2013_65460,2012,2929,2,beautiful
pre2013_3796,2008,3050,3,beautiful
pre2013_142215,2005,875,1,beautiful
4865894147,2015,2188,1,beautiful
pre2013_149314,2006,3400,3,beautiful
6455331504,2018,2595,2,beautiful
pre2013_9593,2011,1550,1,beautiful
5673934851,2016,3600,1,beautiful
pre2013_79665,2006,1200,1,beautiful
pre2013_5046,2007,3950,3,beautiful
pre2013_139070,2005,995,1,beautiful
pre2013_53907,2012,1440,NA,beautiful
pre2013_70686,2012,1300,NA,beautiful
4855563402,2015,1750,0,beautiful
pre2013_110980,2004,1295,2,beautiful
pre2013_53883,2012,1400,1,beautiful
pre2013_51630,2012,2025,2,beautiful
pre2013_137936,2005,1195,2,beautiful
pre2013_46844,2011,1775,2,beautiful
pre2013_48824,2012,1600,1,beautiful
5780811273,2016,5000,3,beautiful
pre2013_32914,2011,1800,1,beautiful
pre2013_138873,2005,710,0,beautiful
6370361128,2017,2995,2,beautiful
5672525245,2016,4100,3,beautiful
5450854507,2016,2395,1,beautiful
5031104226,2015,2598,2,beautiful
pre2013_36130,2011,1895,2,beautiful
pre2013_115022,2004,2400,2,beautiful
pre2013_32246,2011,1450,1,beautiful
pre2013_18868,2012,1820,2,beautiful
pre2013_9129,2011,1275,2,beautiful
pre2013_114983,2004,1995,2,beautiful
6505657245,2018,4000,2,beautiful
pre2013_46333,2011,1900,2,beautiful
4645247426,2014,3900,2,beautiful
pre2013_17987,2012,4900,5,beautiful
pre2013_31026,2011,650,2,beautiful
pre2013_85838,2003,1125,1,beautiful
pre2013_52349,2012,1605,1,beautiful
6287051297,2017,3600,2,beautiful
5763197164,2016,3280,2,beautiful
pre2013_30808,2011,3450,3,beautiful
4865904329,2015,2125,1,beautiful
pre2013_9121,2011,1380,1,beautiful
pre2013_121833,2004,995,1,beautiful
pre2013_161230,2006,1095,1,beautiful
pre2013_41350,2011,3100,2,beautiful
5504081134,2016,1700,2,beautiful
pre2013_39233,2011,2900,2,beautiful
pre2013_105215,2004,975,1,beautiful
4622776836,2014,4795,2,beautiful
pre2013_58196,2012,1600,2,beautiful
pre2013_108581,2004,1225,2,beautiful
pre2013_106118,2004,1345,2,beautiful
pre2013_111492,2004,1295,2,beautiful
4651504170,2014,5500,4,beautiful
4571147141,2014,3108,2,beautiful
pre2013_46447,2011,1885,2,beautiful
4633541488,2014,2625,1,beautiful
6514166491,2018,4940,2,beautiful
pre2013_54979,2012,1545,1,beautiful
6287046725,2017,1995,0,beautiful
pre2013_83051,2006,1050,1,beautiful
pre2013_8372,2011,3995,4,beautiful
pre2013_40503,2011,2495,3,beautiful
pre2013_85248,2003,1300,2,beautiful
5011349341,2015,2598,0,beautiful
pre2013_117340,2002,900,1,beautiful
pre2013_6797,2009,5500,4,beautiful
4666904306,2014,1995,NA,beautiful
pre2013_104306,2004,995,1,beautiful
pre2013_86159,2003,1945,2,beautiful
pre2013_57552,2012,2275,3,beautiful
pre2013_8438,2011,1498,1,beautiful
pre2013_103524,2004,1095,2,beautiful
pre2013_8329,2011,1150,1,beautiful
4957748306,2015,3200,3,beautiful
5982976664,2017,2695,1,beautiful
pre2013_114272,2004,1325,2,beautiful
pre2013_114166,2004,1150,3,beautiful
pre2013_104358,2004,875,1,beautiful
pre2013_149985,2006,950,0,beautiful
4015131338,2013,4000,3,beautiful
pre2013_50691,2012,1350,0,beautiful
pre2013_115591,2004,1650,2,beautiful
pre2013_31943,2011,1745,2,beautiful
4678240809,2014,1995,1,beautiful
pre2013_85435,2003,1050,2,beautiful
pre2013_161237,2006,1389,1,beautiful
5609213850,2016,4250,3,beautiful
pre2013_137938,2005,995,1,beautiful
pre2013_31942,2011,1725,2,beautiful
pre2013_154333,2007,1995,3,beautiful
pre2013_104133,2004,1225,2,beautiful
5291312493,2015,2750,2,beautiful
pre2013_31939,2011,1580,1,beautiful
pre2013_149591,2006,3400,3,beautiful
pre2013_72081,2012,2500,2,beautiful
5302401609,2015,2750,1,beautiful
pre2013_54621,2012,1665,1,beautiful
pre2013_149256,2006,3995,4,beautiful
pre2013_160119,2010,598,3,beautiful
pre2013_133197,2005,2000,3,beautiful
4137880847,2013,2995,2,beautiful
pre2013_115825,2004,1650,2,beautiful
pre2013_134244,2005,2500,3,beautiful
5302360438,2015,2870,2,beautiful
pre2013_124749,2004,1695,3,beautiful
pre2013_68755,2012,3450,1,beautiful
6645946964,2018,5045,1,beautiful
pre2013_130575,2004,1950,2,beautiful
5785465325,2016,3950,3,beautiful
pre2013_103967,2004,875,1,beautiful
pre2013_11007,2012,1650,2,beautiful
pre2013_131385,2004,1195,2,beautiful
pre2013_109228,2004,1295,2,beautiful
pre2013_105508,2004,1195,2,beautiful
pre2013_51662,2012,1795,2,beautiful
pre2013_25288,2007,1450,2,beautiful
pre2013_157551,2006,1295,2,beautiful
pre2013_131386,2004,995,1,beautiful
pre2013_63874,2012,3600,4,beautiful
pre2013_161974,2006,2950,2,beautiful
4243257548,2013,5850,5,beautiful
pre2013_54013,2012,1500,2,beautiful
pre2013_11111,2012,3250,3,beautiful
pre2013_68902,2012,2300,3,beautiful
5525545431,2016,3500,3,beautiful
5439706673,2016,2208,2,beautiful
pre2013_34900,2011,1263,1,beautiful
pre2013_47988,2012,1500,3,beautiful
pre2013_34904,2011,1600,2,beautiful
4977683157,2015,1650,2,beautiful
4133821036,2013,2650,4,beautiful
pre2013_83934,2006,2000,3,beautiful
pre2013_47977,2012,1245,2,beautiful
pre2013_21086,2012,1495,1,beautiful
pre2013_80198,2007,2500,3,beautiful
5503863768,2016,2199,2,beautiful
pre2013_47642,2012,1515,2,beautiful
pre2013_123860,2004,1800,3,beautiful
pre2013_80202,2007,2500,0,beautiful
5382716301,2016,2800,5,beautiful
pre2013_39724,2011,900,1,beautiful
pre2013_12335,2011,1100,NA,beautiful
pre2013_87584,2003,1400,2,beautiful
pre2013_58673,2012,4500,4,beautiful
pre2013_47990,2012,2000,4,beautiful
4611536907,2014,2895,4,beautiful
pre2013_63550,2012,1500,2,beautiful
pre2013_42676,2011,3000,3,beautiful
pre2013_59042,2012,2850,3,beautiful
5171446464,2015,4300,4,beautiful
pre2013_15805,2012,2200,2,beautiful
pre2013_163410,2006,1500,2,beautiful
pre2013_48572,2012,935,2,beautiful
3783126134,2013,1175,2,beautiful
pre2013_337,2006,3000,3,beautiful
5430517858,2016,3600,3,beautiful
4834516192,2015,1750,4,beautiful
5382450824,2016,2045,2,beautiful
pre2013_31513,2011,1600,3,beautiful
pre2013_41882,2011,1606,2,beautiful
pre2013_82363,2006,1650,3,beautiful
pre2013_339,2006,3200,2,beautiful
pre2013_8029,2010,2500,3,beautiful
pre2013_54341,2012,3100,4,beautiful
5729761311,2016,1800,NA,beautiful
5805122398,2016,2515,2,beautiful
5132447252,2015,1550,2,beautiful
pre2013_16758,2012,2200,3,beautiful
pre2013_53301,2012,2300,4,beautiful
4907644945,2015,1495,NA,beautiful
pre2013_82287,2006,2250,2,beautiful
pre2013_46184,2011,2900,4,beautiful
3865975688,2013,1600,4,beautiful
pre2013_41041,2011,2300,3,beautiful
pre2013_6134,2009,1750,3,beautiful
pre2013_49802,2012,1970,2,beautiful
5413210690,2016,2000,2,beautiful
5313206321,2015,2104,1,beautiful
5514477010,2016,4500,3,beautiful
pre2013_136348,2005,1900,3,beautiful
pre2013_131066,2004,980,1,beautiful
pre2013_47972,2012,2900,3,beautiful
5807129447,2016,2688,2,beautiful
pre2013_33470,2011,1000,3,beautiful
pre2013_16938,2012,850,1,beautiful
pre2013_2313,2010,1310,1,beautiful
5514352216,2016,5500,2,beautiful
pre2013_60315,2012,1218,1,beautiful
pre2013_164553,2006,1200,2,beautiful
pre2013_81794,2007,3000,3,beautiful
pre2013_79422,2008,2050,2,beautiful
pre2013_59107,2012,2400,4,beautiful
pre2013_32507,2011,2700,3,beautiful
pre2013_36630,2011,2250,3,beautiful
pre2013_56953,2012,1304,1,beautiful
pre2013_155216,2007,2050,2,beautiful
4988431945,2015,1791,1,beautiful
3877607336,2013,2100,2,beautiful
4666891188,2014,2000,2,beautiful
pre2013_164263,2006,3000,3,beautiful
pre2013_67865,2012,1150,1,beautiful
pre2013_65555,2012,550,1,beautiful
5637693455,2016,2300,2,beautiful
pre2013_34426,2011,1650,3,beautiful
pre2013_63532,2012,1200,1,beautiful
pre2013_52116,2012,1179,1,beautiful
4600284018,2014,1780,1,beautiful
5387584615,2016,1695,3,beautiful
pre2013_156931,2006,1180,1,beautiful
pre2013_57621,2012,1150,2,beautiful
5514672436,2016,2950,2,beautiful
pre2013_10534,2012,1150,2,beautiful
pre2013_80769,2007,5500,3,beautiful
4836720477,2015,2490,4,beautiful
pre2013_4743,2007,1000,1,beautiful
pre2013_56341,2012,1200,NA,beautiful
5481481902,2016,4600,2,beautiful
pre2013_59075,2012,1225,1,beautiful
5132445876,2015,1550,NA,beautiful
pre2013_53300,2012,2600,5,beautiful
4942673600,2015,1990,2,beautiful
pre2013_27609,2007,850,0,beautiful
5482880604,2016,1960,1,beautiful
5735234818,2016,1500,1,beautiful
5421737679,2016,2167,2,beautiful
pre2013_51090,2012,1300,3,beautiful
pre2013_134318,2005,650,4,beautiful
5785288619,2016,2364,2,beautiful
pre2013_49180,2012,1450,3,beautiful
pre2013_66950,2012,1150,2,beautiful
5449423285,2016,2232,2,beautiful
pre2013_49204,2012,1875,2,beautiful
pre2013_40179,2011,1149,1,beautiful
4956552167,2015,1661,1,beautiful
pre2013_81791,2007,3500,3,beautiful
pre2013_81744,2007,1575,2,beautiful
pre2013_60676,2012,2090,3,beautiful
pre2013_163464,2006,3800,4,beautiful
pre2013_122865,2004,1400,3,beautiful
pre2013_163459,2006,2600,3,beautiful
pre2013_162244,2006,950,1,beautiful
pre2013_56979,2012,2600,5,beautiful
pre2013_17545,2012,2650,5,beautiful
pre2013_163463,2006,3000,3,beautiful
pre2013_36228,2011,1400,1,beautiful
5429385879,2016,2255,2,beautiful
pre2013_164501,2006,3100,3,beautiful
5514436085,2016,2599,3,beautiful
pre2013_81788,2007,2900,3,beautiful
5088450360,2015,1825,1,beautiful
pre2013_78922,2008,1800,3,beautiful
5818252435,2016,3000,3,beautiful
4571071390,2014,1723,1,beautiful
4622740469,2014,2895,4,beautiful
pre2013_49473,2012,2400,3,beautiful
pre2013_124424,2004,1900,2,beautiful
pre2013_10528,2012,1150,2,beautiful
5404308126,2016,3200,4,beautiful
pre2013_53004,2012,1508,2,beautiful
pre2013_164495,2006,3000,3,beautiful
pre2013_117096,2002,2695,3,beautiful
pre2013_97438,2004,1000,0,beautiful
pre2013_84785,2003,1150,1,beautiful
pre2013_97727,2004,1550,1,beautiful
pre2013_97802,2004,1250,1,beautiful
pre2013_127513,2004,1250,1,beautiful
pre2013_97906,2004,1350,1,beautiful
pre2013_97878,2004,1775,1,beautiful
pre2013_117932,2004,1090,1,beautiful
pre2013_99338,2004,1350,1,beautiful
pre2013_88820,2004,1090,2,beautiful
pre2013_99711,2004,1550,1,beautiful
pre2013_88949,2004,1950,2,beautiful
pre2013_89266,2004,1500,1,beautiful
pre2013_100193,2004,1000,0,beautiful
pre2013_100354,2004,1495,1,beautiful
pre2013_100467,2004,1350,1,beautiful
pre2013_89609,2004,1725,2,beautiful
pre2013_89729,2004,1875,2,beautiful
pre2013_100911,2004,950,0,beautiful
pre2013_100946,2004,2400,3,beautiful
pre2013_101039,2004,2000,2,beautiful
pre2013_89868,2004,900,0,beautiful
pre2013_326,2006,1395,1,beautiful
pre2013_90618,2004,1050,0,beautiful
pre2013_102471,2004,900,0,beautiful
pre2013_90673,2004,1200,0,beautiful
pre2013_102726,2004,2400,3,beautiful
pre2013_102786,2004,1395,1,beautiful
pre2013_102801,2004,2200,1,beautiful
pre2013_102804,2004,3300,2,beautiful
5785470563,2016,1895,0,beautiful
pre2013_35408,2011,1995,1,beautiful
pre2013_35400,2011,2495,1,beautiful
pre2013_56669,2012,1900,1,beautiful
pre2013_135274,2005,2400,1,beautiful
pre2013_135270,2005,3300,2,beautiful
pre2013_92108,2004,1895,2,beautiful
pre2013_92839,2004,2400,2,beautiful
pre2013_126719,2004,950,1,beautiful
pre2013_93386,2004,1600,2,beautiful
pre2013_139085,2005,2100,2,beautiful
pre2013_140040,2005,2000,2,beautiful
pre2013_140927,2005,1900,1,beautiful
5159655826,2015,4800,1,beautiful
pre2013_141507,2005,1395,1,beautiful
pre2013_27096,2007,10500,3,beautiful
pre2013_51505,2012,1250,1,beautiful
pre2013_125277,2004,1500,0,beautiful
pre2013_155385,2012,2495,2,beautiful
pre2013_95890,2004,1400,1,beautiful
pre2013_96580,2004,1975,2,beautiful
4325283261,2014,3900,1,beautiful
pre2013_3727,2008,6900,2,beautiful
pre2013_96799,2004,4000,1,beautiful
pre2013_13424,2012,1695,1,beautiful
pre2013_97261,2004,950,1,beautiful
5413975054,2016,2095,0,beautiful
pre2013_28575,2008,1200,0,beautiful
pre2013_28604,2008,1300,0,beautiful
4634302182,2014,2095,0,beautiful
pre2013_157073,2006,1550,1,beautiful
pre2013_5577,2008,2600,1,beautiful
pre2013_98514,2004,1550,1,beautiful
pre2013_128316,2004,1925,2,beautiful
pre2013_103078,2004,3500,1,beautiful
pre2013_99000,2004,2200,1,beautiful
5481570366,2016,3300,1,beautiful
pre2013_99337,2004,925,0,beautiful
pre2013_35029,2011,1595,NA,beautiful
pre2013_146518,2006,2300,1,beautiful
pre2013_28948,2011,2749,1,beautiful
pre2013_99910,2004,925,0,beautiful
4255625911,2013,4500,1,beautiful
4227350802,2013,1695,0,beautiful
4261370629,2013,1850,0,beautiful
4261370629,2013,1850,0,beautiful
4261405720,2013,2395,1,beautiful
5538035946,2016,3225,0,beautiful
pre2013_100473,2004,1580,1,beautiful
pre2013_147065,2006,2975,2,beautiful
pre2013_158580,2006,3500,2,beautiful
pre2013_32162,2011,1750,0,beautiful
pre2013_11601,2011,3106,2,beautiful
pre2013_41078,2011,2595,1,beautiful
pre2013_159644,2007,1350,0,beautiful
pre2013_102021,2004,2200,1,beautiful
pre2013_32153,2011,2175,1,beautiful
5723375358,2016,2395,0,beautiful
pre2013_21820,2012,6500,3,beautiful
pre2013_147628,2006,1450,1,beautiful
pre2013_132554,2004,2400,3,beautiful
pre2013_33628,2011,2095,1,beautiful
pre2013_142360,2005,1600,1,beautiful
5273058356,2015,2195,0,beautiful
pre2013_37959,2011,2695,1,beautiful
pre2013_103299,2004,1600,1,beautiful
pre2013_34991,2011,1850,0,beautiful
pre2013_133268,2005,2200,1,beautiful
pre2013_133266,2005,3300,2,beautiful
pre2013_36284,2011,2495,1,beautiful
pre2013_5187,2008,1525,0,beautiful
pre2013_136113,2005,3300,2,beautiful
pre2013_12918,2012,2795,1,beautiful
pre2013_4222,2008,1295,0,beautiful
pre2013_59123,2012,6900,3,beautiful
pre2013_39818,2011,1650,0,beautiful
pre2013_138169,2005,1550,1,beautiful
6381620205,2017,3100,1,beautiful
pre2013_40257,2011,1495,0,beautiful
pre2013_138645,2005,1150,0,beautiful
pre2013_40682,2011,2500,1,beautiful
5054813774,2015,2200,0,beautiful
5045821812,2015,2400,0,beautiful
5045823473,2015,2600,1,beautiful
pre2013_41085,2011,2400,1,beautiful
pre2013_140120,2005,1395,1,beautiful
5161323051,2015,3300,0,beautiful
pre2013_33156,2011,2475,1,beautiful
5269283026,2015,2661,0,beautiful
3812462906,2013,2350,1,beautiful
pre2013_77156,2010,1695,1,beautiful
pre2013_142815,2005,2200,2,beautiful
pre2013_146454,2006,1550,2,beautiful
pre2013_64788,2012,6900,3,beautiful
pre2013_9917,2011,4500,3,beautiful
pre2013_144471,2005,1495,1,beautiful
pre2013_144546,2005,1100,0,beautiful
pre2013_1409,2006,2195,1,beautiful
5819588137,2016,3195,1,beautiful
pre2013_5324,2007,10500,3,beautiful
pre2013_68922,2012,1750,0,beautiful
pre2013_4183,2008,1425,0,beautiful
3562772986,2013,2995,1,beautiful
pre2013_28240,2008,1320,NA,beautiful
pre2013_19434,2012,7500,3,beautiful
pre2013_70878,2012,1650,0,beautiful
3844769053,2013,2700,1,beautiful
4920370577,2015,1795,0,beautiful
pre2013_145985,2006,1325,0,beautiful
pre2013_146271,2006,3250,2,beautiful
pre2013_53664,2012,1695,0,beautiful
pre2013_34040,2011,2150,1,beautiful
pre2013_39810,2011,2100,1,beautiful
pre2013_39809,2011,2600,1,beautiful
4257011607,2013,5395,2,beautiful
5747347037,2016,3095,1,beautiful
5752417157,2016,3695,2,beautiful
pre2013_5388,2007,1300,0,beautiful
pre2013_37125,2011,2500,1,beautiful
4242698805,2013,3050,1,beautiful
4556891203,2014,1675,0,beautiful
5547513285,2016,2450,0,beautiful
pre2013_39053,2011,2295,1,beautiful
4851341146,2015,3425,1,beautiful
5432874133,2016,2220,0,beautiful
pre2013_18767,2012,1950,1,beautiful
pre2013_33580,2011,1850,0,beautiful
pre2013_28671,2008,1450,0,beautiful
5756459601,2016,3195,0,beautiful
6505647157,2018,2150,0,beautiful
5058082758,2015,1795,0,beautiful
pre2013_68479,2012,2195,1,beautiful
4836882657,2015,1575,1,beautiful
pre2013_21571,2012,2995,2,beautiful
pre2013_159940,2007,2175,1,beautiful
pre2013_23414,2012,1895,1,beautiful
4947918629,2015,2050,0,beautiful
4940842428,2015,1895,0,beautiful
4325228879,2014,2215,0,beautiful
4845843200,2015,6700,3,beautiful
pre2013_40290,2011,2495,1,beautiful
4945726402,2015,2595,1,beautiful
pre2013_28541,2008,1695,1,beautiful
pre2013_66056,2012,1500,3,beautiful
6251130767,2017,2195,0,beautiful
6296815627,2017,3750,1,beautiful
6341185834,2017,2995,1,beautiful
4940077573,2015,3195,1,beautiful
6522712535,2018,3000,1,beautiful
5450060156,2016,3200,1,beautiful
5302411311,2015,2300,0,beautiful
5439929974,2016,1945,0,beautiful
6397332207,2017,3195,1,beautiful
4252979407,2013,3150,1,beautiful
4865797681,2015,2573,NA,beautiful
pre2013_11696,2011,4500,1,beautiful
4945711514,2015,4495,1,beautiful
4966890466,2015,3042,1,beautiful
4248755681,2013,1625,0,beautiful
5829339872,2016,2100,0,beautiful
4977696629,2015,2650,NA,beautiful
pre2013_116295,2001,3400,3,beautiful
pre2013_116297,2001,10000,3,beautiful
pre2013_97532,2004,2495,2,beautiful
pre2013_84790,2003,1900,2,beautiful
pre2013_85075,2003,1800,2,beautiful
pre2013_87975,2004,2400,3,beautiful
pre2013_88122,2004,2300,3,beautiful
pre2013_117728,2004,2300,3,beautiful
pre2013_117907,2004,2150,2,beautiful
pre2013_88425,2004,2400,2,beautiful
pre2013_88467,2004,3500,3,beautiful
pre2013_99159,2004,1525,1,beautiful
pre2013_128932,2004,1525,1,beautiful
pre2013_146705,2006,3295,3,beautiful
pre2013_100369,2004,2400,2,beautiful
5529468079,2016,4600,3,beautiful
pre2013_89536,2004,2900,2,beautiful
pre2013_119303,2004,2249,2,beautiful
pre2013_30690,2011,3300,2,beautiful
pre2013_101201,2004,2495,2,beautiful
pre2013_101948,2004,1100,1,beautiful
pre2013_90830,2004,2150,1,beautiful
pre2013_90856,2004,2650,2,beautiful
pre2013_133631,2005,1200,0,beautiful
pre2013_83555,2006,2700,2,beautiful
pre2013_91542,2004,2100,2,beautiful
pre2013_91723,2004,2650,2,beautiful
pre2013_91773,2004,2650,2,beautiful
pre2013_92072,2004,3000,2,beautiful
pre2013_136066,2005,1595,2,beautiful
pre2013_92421,2004,2850,2,beautiful
pre2013_93253,2004,850,2,beautiful
pre2013_122724,2004,850,2,beautiful
pre2013_93926,2004,1800,2,beautiful
pre2013_94218,2004,1600,1,beautiful
pre2013_94312,2004,1975,2,beautiful
pre2013_94440,2004,1950,2,beautiful
pre2013_124279,2004,1295,0,beautiful
pre2013_94802,2004,1950,2,beautiful
pre2013_144647,2005,2100,2,beautiful
pre2013_95748,2004,2600,3,beautiful
pre2013_96123,2004,2750,3,beautiful
pre2013_4134,2008,4350,3,beautiful
pre2013_126191,2004,1600,1,beautiful
pre2013_96808,2004,1890,1,beautiful
5383858937,2016,3100,1,beautiful
pre2013_97117,2004,2650,3,beautiful
pre2013_97132,2004,1350,1,beautiful
pre2013_31759,2011,5500,3,beautiful
pre2013_76704,2009,6000,5,beautiful
pre2013_8532,2011,2700,2,beautiful
pre2013_148069,2006,2395,2,beautiful
pre2013_8879,2011,2999,2,beautiful
4261319650,2013,4095,2,beautiful
4308846754,2014,4600,2,beautiful
5604145999,2016,5200,2,beautiful
5604153684,2016,5200,2,beautiful
pre2013_32635,2011,4685,3,beautiful
pre2013_24895,2006,3750,3,beautiful
pre2013_147685,2006,3295,3,beautiful
pre2013_135872,2005,1595,2,beautiful
pre2013_159317,2006,1750,1,beautiful
pre2013_56103,2012,3100,1,beautiful
pre2013_1312,2006,2650,2,beautiful
pre2013_145088,2006,2850,2,beautiful
pre2013_138144,2005,1495,1,beautiful
pre2013_153859,2007,2450,2,beautiful
5248186307,2015,6600,4,beautiful
4973210289,2015,3200,2,beautiful
pre2013_80512,2007,5450,3,beautiful
3844639192,2013,4300,2,beautiful
pre2013_81542,2007,3825,3,beautiful
4551842904,2014,3995,2,beautiful
pre2013_3871,2008,2395,1,beautiful
5376320926,2016,2800,1,beautiful
pre2013_48616,2012,4200,2,beautiful
4973212486,2015,2900,1,beautiful
pre2013_58,2006,2250,1,beautiful
4108368553,2013,4500,2,beautiful
pre2013_56076,2012,3750,2,beautiful
4375370640,2014,3300,2,beautiful
pre2013_58707,2012,2200,2,beautiful
pre2013_146769,2006,1850,1,beautiful
4252832423,2013,4095,2,beautiful
4265640304,2013,4095,2,beautiful
pre2013_153348,2007,2950,1,beautiful
pre2013_147291,2006,2850,3,beautiful
4017867475,2013,3200,1,beautiful
5171255224,2015,5280,2,beautiful
5774725959,2016,3200,2,beautiful
pre2013_79747,2007,3988,3,beautiful
5785479575,2016,3750,2,beautiful
6382821950,2017,3300,1,beautiful
5796440143,2016,3200,2,beautiful
5077218464,2015,3490,2,beautiful
5065825864,2015,4250,2,beautiful
pre2013_89393,2004,1450,1,beautiful
pre2013_100862,2004,2600,2,beautiful
5514683368,2016,5700,3,beautiful
pre2013_71778,2012,3995,3,beautiful
4253567700,2013,2995,2,beautiful
4253567152,2013,2995,2,beautiful
pre2013_13125,2012,3900,2,beautiful
4265801964,2013,3495,2,beautiful
4108159417,2013,2600,1,beautiful
pre2013_27707,2007,2200,2,beautiful
5449974717,2016,4275,2,beautiful
5602002837,2016,6595,3,beautiful
5785457352,2016,3150,1,beautiful
pre2013_125462,2004,3800,3,beautiful
pre2013_136408,2005,1375,2,beautiful
pre2013_58225,2012,900,2,beautiful
pre2013_84648,2003,1495,1,beautiful
pre2013_88746,2004,1950,1,beautiful
pre2013_89144,2004,1850,1,beautiful
pre2013_89293,2004,1850,1,beautiful
pre2013_118684,2004,1850,1,beautiful
pre2013_30671,2011,2300,1,beautiful
pre2013_90403,2004,30000,2,beautiful
pre2013_102134,2004,2150,2,beautiful
pre2013_102938,2004,1150,2,beautiful
pre2013_56403,2012,3000,1,beautiful
4915802628,2015,6950,2,beautiful
pre2013_92609,2004,1400,1,beautiful
pre2013_153786,2007,3650,2,beautiful
pre2013_25211,2007,2175,1,beautiful
pre2013_124084,2004,1750,1,beautiful
pre2013_95400,2004,1100,2,beautiful
pre2013_125615,2004,1495,1,beautiful
pre2013_96460,2004,3000,NA,beautiful
pre2013_96538,2004,1495,1,beautiful
pre2013_126100,2004,1495,1,beautiful
pre2013_97340,2004,1325,NA,beautiful
pre2013_145993,2006,2995,2,beautiful
pre2013_147913,2006,2725,2,beautiful
pre2013_10103,2011,3299,2,beautiful
pre2013_10082,2011,3299,2,beautiful
pre2013_100701,2004,2900,2,beautiful
pre2013_101245,2004,2300,2,beautiful
pre2013_101309,2004,2900,2,beautiful
pre2013_5171,2008,1575,0,beautiful
pre2013_41101,2011,4895,2,beautiful
5439523047,2016,4200,2,beautiful
pre2013_84023,2006,2200,2,beautiful
4261340644,2013,2295,0,beautiful
5602665683,2016,3195,1,beautiful
6591563002,2018,3390,1,beautiful
3562897593,2013,5100,2,beautiful
3812243501,2013,1995,1,beautiful
4935187704,2015,600,1,beautiful
pre2013_1478,2006,1925,1,beautiful
4921891237,2015,4495,2,beautiful
6315658428,2017,3950,1,beautiful
6536830551,2018,2750,1,beautiful
5448443859,2016,3295,1,beautiful
5752370045,2016,2995,1,beautiful
5796455857,2016,1800,2,beautiful
4822449952,2015,2950,1,beautiful
6637575615,2018,3999,2,beautiful
5611084770,2016,4500,2,beautiful
5626554780,2016,4500,2,beautiful
6359718066,2017,2995,1,beautiful
5752372713,2016,4295,1,beautiful
3553901754,2013,5100,2,beautiful
5458386973,2016,4200,1,beautiful
pre2013_53048,2012,5500,1,beautiful
pre2013_53050,2012,5500,1,beautiful
4834931657,2015,3299,1,beautiful
5429345590,2016,2700,2,beautiful
pre2013_37501,2011,1425,2,beautiful
pre2013_1063,2006,1595,2,beautiful
pre2013_15504,2012,1095,NA,beautiful
4594876222,2014,3500,3,beautiful
pre2013_50174,2012,1425,2,beautiful
pre2013_51443,2012,1400,1,beautiful
4926266493,2015,1525,1,beautiful
pre2013_78186,2008,2795,3,beautiful
pre2013_80200,2007,1600,2,beautiful
pre2013_82657,2006,2350,3,beautiful
5493055655,2016,8700,4,beautiful
pre2013_37472,2011,1550,2,beautiful
pre2013_163717,2006,1350,2,beautiful
4600310305,2014,2390,1,beautiful
4855527775,2015,3400,2,beautiful
pre2013_32978,2011,1950,2,beautiful
pre2013_164481,2006,2850,4,beautiful
4855538974,2015,3400,3,beautiful
pre2013_66436,2012,1500,2,beautiful
pre2013_26665,2007,2250,2,beautiful
pre2013_133717,2005,2025,4,beautiful
pre2013_21128,2012,1395,2,beautiful
pre2013_37449,2011,1295,1,beautiful
5066082826,2015,3401,2,beautiful
4811036220,2015,2050,2,beautiful
5514510764,2016,3400,3,beautiful
pre2013_81058,2007,1625,2,beautiful
pre2013_80390,2007,1630,2,beautiful
pre2013_163247,2006,2250,3,beautiful
pre2013_78506,2008,3395,4,beautiful
pre2013_21105,2012,1850,2,beautiful
5459714964,2016,3200,3,beautiful
pre2013_34439,2011,1950,2,beautiful
pre2013_51078,2012,2500,3,beautiful
pre2013_127958,2004,2495,5,beautiful
pre2013_41457,2011,1195,NA,beautiful
5797694800,2016,2915,2,beautiful
pre2013_7429,2008,1700,NA,beautiful
pre2013_69292,2012,2375,2,beautiful
pre2013_163243,2006,2395,3,beautiful
6388387824,2017,4200,4,beautiful
pre2013_163296,2006,1495,2,beautiful
5088580754,2015,3700,2,beautiful
pre2013_65958,2012,1500,2,beautiful
pre2013_35763,2011,3250,4,beautiful
pre2013_77778,2009,1425,2,beautiful
pre2013_32499,2011,1950,2,beautiful
pre2013_22421,2012,1250,NA,beautiful
pre2013_82316,2006,3100,4,beautiful
pre2013_62371,2012,3850,5,beautiful
pre2013_631,2006,1800,2,beautiful
pre2013_163348,2006,2395,3,beautiful
pre2013_163344,2006,2250,3,beautiful
pre2013_56019,2012,3995,4,beautiful
5615121691,2016,2818,1,beautiful
5456955999,2016,4650,4,beautiful
pre2013_163209,2006,3200,NA,beautiful
pre2013_163582,2006,2395,3,beautiful
pre2013_87385,2003,2595,3,beautiful
pre2013_35787,2011,2700,3,beautiful
pre2013_2225,2008,3480,5,beautiful
pre2013_15674,2012,1985,2,beautiful
pre2013_47287,2011,1500,2,beautiful
pre2013_72634,2012,2000,2,beautiful
pre2013_53631,2012,3995,4,beautiful
pre2013_80763,2007,3250,3,beautiful
pre2013_35788,2011,1800,2,beautiful
5054774994,2015,3428,2,beautiful
pre2013_81734,2007,1350,2,beautiful
pre2013_72161,2012,2850,4,beautiful
pre2013_80792,2007,1700,2,beautiful
pre2013_64327,2012,2100,3,beautiful
5729712596,2016,3574,2,beautiful
pre2013_32068,2011,1395,2,beautiful
pre2013_163885,2006,1350,2,beautiful
pre2013_80790,2007,1100,1,beautiful
pre2013_29250,2011,1555,2,beautiful
pre2013_27564,2007,3600,5,beautiful
pre2013_32054,2011,1575,2,beautiful
4988438334,2015,2430,2,beautiful
4988384185,2015,3000,3,beautiful
pre2013_135280,2005,1125,2,beautiful
pre2013_131524,2004,3000,3,beautiful
4634057566,2014,2440,1,beautiful
pre2013_37442,2011,2695,4,beautiful
pre2013_164056,2006,2250,3,beautiful
pre2013_30135,2011,1835,2,beautiful
pre2013_29249,2011,2350,4,beautiful
pre2013_68345,2012,1525,2,beautiful
3877910811,2013,2200,3,beautiful
5607555524,2016,2818,1,beautiful
pre2013_65576,2012,1575,2,beautiful
pre2013_163084,2006,3000,4,beautiful
pre2013_28302,2008,3295,4,beautiful
pre2013_144588,2005,2750,3,beautiful
pre2013_162863,2006,1495,2,beautiful
pre2013_53974,2012,2850,4,beautiful
pre2013_164817,2006,2250,3,beautiful
pre2013_37023,2011,1625,2,beautiful
pre2013_163585,2006,2250,3,beautiful
pre2013_47297,2011,1575,2,beautiful
pre2013_39732,2011,1200,1,beautiful
pre2013_129695,2004,2675,3,beautiful
5570826431,2016,3000,3,beautiful
pre2013_2708,2006,2475,4,beautiful
pre2013_48896,2012,2850,4,beautiful
pre2013_37024,2011,1700,2,beautiful
pre2013_47282,2011,1850,2,beautiful
5768983975,2016,2495,2,beautiful
pre2013_155215,2007,2800,4,beautiful
pre2013_165017,2006,2595,3,beautiful
pre2013_47300,2011,1595,2,beautiful
pre2013_157399,2006,1495,2,beautiful
5460197733,2016,2875,2,beautiful
5439561578,2016,2325,1,beautiful
pre2013_7036,2008,2100,3,beautiful
pre2013_11670,2011,1750,2,beautiful
pre2013_162864,2006,1895,3,beautiful
pre2013_121057,2004,1200,1,beautiful
pre2013_132904,2004,3000,3,beautiful
pre2013_81419,2007,1750,2,beautiful
pre2013_12376,2011,2999,5,beautiful
6597627906,2018,1999,1,beautiful
pre2013_162567,2006,1376,3,beautiful
pre2013_63924,2012,1650,2,beautiful
pre2013_38968,2011,1195,1,beautiful
5777344487,2016,2495,2,beautiful
pre2013_43081,2011,2850,4,beautiful
pre2013_540,2006,1900,3,beautiful
5259404060,2015,1500,1,beautiful
pre2013_38634,2011,3000,3,beautiful
5429526224,2016,3200,3,beautiful
pre2013_163056,2006,2250,3,beautiful
pre2013_38971,2011,2500,3,beautiful
pre2013_83113,2006,2250,3,beautiful
pre2013_29656,2011,2350,4,beautiful
pre2013_118044,2004,2300,3,beautiful
5741253503,2016,4250,3,beautiful
pre2013_126968,2004,695,1,beautiful
pre2013_151181,2006,750,1,beautiful
pre2013_82177,2006,2800,2,beautiful
pre2013_20865,2012,1600,3,beautiful
5525582179,2016,3700,3,beautiful
pre2013_5601,2008,1200,1,beautiful
pre2013_7396,2008,1300,4,beautiful
pre2013_151241,2006,1100,2,beautiful
5429751958,2016,1633,1,beautiful
pre2013_152398,2006,995,1,beautiful
pre2013_131480,2004,1385,2,beautiful
pre2013_122111,2004,950,2,beautiful
pre2013_61395,2012,2000,4,beautiful
pre2013_123313,2004,985,2,beautiful
pre2013_42577,2011,1099,2,beautiful
pre2013_80307,2007,1700,3,beautiful
pre2013_62141,2012,1400,2,beautiful
pre2013_62966,2012,1600,3,beautiful
pre2013_141676,2005,1095,2,beautiful
pre2013_16149,2012,750,1,beautiful
pre2013_81955,2007,1800,4,beautiful
5830636795,2016,2100,2,beautiful
pre2013_127011,2004,1125,2,beautiful
pre2013_50303,2012,880,2,beautiful
pre2013_151538,2006,3000,5,beautiful
3804734941,2013,1895,3,beautiful
pre2013_22527,2012,1100,3,beautiful
pre2013_157729,2006,3000,5,beautiful
pre2013_157826,2006,1380,2,beautiful
pre2013_135281,2005,1300,2,beautiful
pre2013_52856,2012,1590,3,beautiful
4634378730,2014,1395,2,beautiful
pre2013_6729,2009,1225,2,beautiful
pre2013_6743,2009,1450,3,beautiful
pre2013_44506,2011,1200,2,beautiful
4792196313,2014,1200,3,beautiful
pre2013_159296,2006,1900,2,beautiful
pre2013_11140,2012,1500,2,beautiful
pre2013_135947,2005,1895,4,beautiful
pre2013_48168,2012,1300,2,beautiful
pre2013_58126,2012,1500,2,beautiful
pre2013_69592,2012,800,1,beautiful
pre2013_138883,2005,2000,3,beautiful
pre2013_79252,2008,2000,3,beautiful
pre2013_61793,2012,1600,3,beautiful
3768414931,2013,1398,3,beautiful
pre2013_63740,2012,695,0,beautiful
pre2013_142597,2005,1750,1,beautiful
pre2013_26394,2007,1400,2,beautiful
pre2013_144555,2005,1400,NA,beautiful
pre2013_81958,2007,1200,2,beautiful
pre2013_81963,2007,1500,3,beautiful
pre2013_145059,2005,2000,3,beautiful
4920140889,2015,1050,1,beautiful
pre2013_77989,2008,895,1,beautiful
pre2013_53474,2012,1600,1,beautiful
pre2013_69138,2012,1500,2,beautiful
pre2013_69145,2012,2000,4,beautiful
pre2013_151060,2006,1350,2,beautiful
4667204454,2014,2000,NA,beautiful
pre2013_61787,2012,2200,5,beautiful
pre2013_151823,2006,1700,3,beautiful
pre2013_65333,2012,725,1,beautiful
pre2013_16238,2012,1970,3,beautiful
pre2013_152496,2006,1200,2,beautiful
4634378169,2014,1395,2,beautiful
pre2013_25788,2007,488,NA,beautiful
pre2013_53471,2012,2100,3,beautiful
pre2013_12568,2011,750,1,beautiful
pre2013_41689,2011,1050,2,beautiful
pre2013_68679,2012,1250,3,beautiful
pre2013_40050,2011,690,1,beautiful
5536695767,2016,1200,1,beautiful
pre2013_60953,2012,1800,4,beautiful
6583939939,2018,1950,2,beautiful
5789427070,2016,1695,1,beautiful
pre2013_18369,2012,1095,2,beautiful
pre2013_6055,2009,745,1,beautiful
4834941328,2015,1395,1,beautiful
6370786517,2017,1550,1,beautiful
5393099234,2016,2500,3,beautiful
6524369154,2018,1749,1,beautiful
pre2013_116848,2001,2300,NA,beautiful
pre2013_86782,2003,2500,2,beautiful
pre2013_86911,2003,3200,3,beautiful
pre2013_85740,2003,1595,2,beautiful
pre2013_15072,2012,1095,1,beautiful
pre2013_129887,2004,1350,2,beautiful
pre2013_119198,2004,895,0,beautiful
pre2013_130714,2004,1450,1,beautiful
pre2013_152906,2006,2700,3,beautiful
pre2013_18554,2012,2675,2,beautiful
pre2013_119980,2004,880,1,beautiful
pre2013_120180,2004,1200,0,beautiful
pre2013_120266,2004,750,0,beautiful
pre2013_22841,2012,3000,2,beautiful
pre2013_36871,2011,3800,4,beautiful
pre2013_121495,2004,1650,2,beautiful
pre2013_121662,2004,1995,3,beautiful
pre2013_135694,2005,865,0,beautiful
pre2013_58475,2012,3800,4,beautiful
pre2013_1619,2006,2100,1,beautiful
pre2013_122690,2004,1525,2,beautiful
pre2013_41255,2011,1150,0,beautiful
pre2013_123171,2004,1100,1,beautiful
pre2013_123170,2004,1100,1,beautiful
pre2013_123169,2004,4000,4,beautiful
pre2013_43721,2011,5000,4,beautiful
pre2013_27537,2007,3100,3,beautiful
pre2013_81978,2007,3000,3,beautiful
pre2013_125876,2004,1025,0,beautiful
pre2013_126164,2004,875,1,beautiful
pre2013_126168,2004,1150,2,beautiful
pre2013_156689,2006,850,1,beautiful
pre2013_28332,2008,1825,1,beautiful
pre2013_28347,2008,3800,4,beautiful
pre2013_127058,2004,1650,2,beautiful
pre2013_151314,2006,1100,1,beautiful
4656261617,2014,2400,2,beautiful
pre2013_128315,2004,880,1,beautiful
pre2013_128311,2004,1975,2,beautiful
pre2013_50915,2012,4100,3,beautiful
3812545401,2013,4350,4,beautiful
pre2013_7969,2010,890,0,beautiful
pre2013_160189,2010,1500,2,beautiful
pre2013_133753,2005,1500,1,beautiful
pre2013_135356,2005,865,0,beautiful
pre2013_138089,2005,1300,2,beautiful
pre2013_34235,2011,3800,4,beautiful
pre2013_153016,2006,1250,1,beautiful
pre2013_1725,2006,700,0,beautiful
pre2013_142422,2005,1895,2,beautiful
5753116233,2016,1300,1,beautiful
pre2013_153282,2006,1400,1,beautiful
pre2013_23694,2012,1100,0,beautiful
pre2013_135495,2005,1200,2,beautiful
pre2013_135462,2005,2000,3,beautiful
5830674380,2016,3000,1,beautiful
pre2013_136071,2005,1300,2,beautiful
pre2013_136214,2005,1250,2,beautiful
pre2013_78384,2008,1500,1,beautiful
pre2013_39153,2011,1600,1,beautiful
pre2013_137309,2005,995,1,beautiful
pre2013_138142,2005,2150,2,beautiful
pre2013_25722,2007,1295,1,beautiful
pre2013_7136,2008,4500,4,beautiful
pre2013_42129,2011,1495,1,beautiful
pre2013_72034,2012,3300,2,beautiful
pre2013_151644,2006,875,0,beautiful
pre2013_140453,2005,2000,4,beautiful
pre2013_43297,2011,1600,1,beautiful
pre2013_44529,2011,3150,3,beautiful
5419528758,2016,2800,1,beautiful
pre2013_142806,2005,1000,1,beautiful
pre2013_155587,2006,6000,NA,beautiful
pre2013_4986,2007,1850,2,beautiful
pre2013_5128,2007,2950,2,beautiful
pre2013_5125,2007,5699,2,beautiful
pre2013_67236,2012,950,2,beautiful
5411856998,2016,4500,3,beautiful
5429746381,2016,6900,4,beautiful
5352973802,2016,2295,1,beautiful
5382672309,2016,5495,0,beautiful
pre2013_78780,2008,2250,2,beautiful
pre2013_59293,2012,3000,2,beautiful
pre2013_28036,2008,900,1,beautiful
pre2013_28339,2008,1595,1,beautiful
pre2013_4533,2008,4300,3,beautiful
pre2013_165129,2008,950,0,beautiful
pre2013_14031,2012,1550,1,beautiful
pre2013_151818,2006,3600,3,beautiful
pre2013_16622,2012,4400,4,beautiful
pre2013_5986,2009,10500,4,beautiful
5454632159,2016,5200,3,beautiful
pre2013_57779,2012,1000,0,beautiful
pre2013_60913,2012,1700,1,beautiful
pre2013_152320,2006,1395,1,beautiful
pre2013_77302,2010,1550,1,beautiful
5514695259,2016,1250,1,beautiful
5521605202,2016,4500,4,beautiful
pre2013_9305,2011,2575,2,beautiful
pre2013_158328,2006,2300,2,beautiful
6495905146,2018,3075,1,beautiful
5493179386,2016,2800,0,beautiful
pre2013_4036,2008,4300,4,beautiful
pre2013_13175,2012,2700,3,beautiful
pre2013_82961,2006,950,0,beautiful
4634117186,2014,1560,0,beautiful
6464162595,2018,3250,2,beautiful
pre2013_45243,2011,3600,4,beautiful
pre2013_7875,2011,3295,4,beautiful
pre2013_63356,2012,1500,1,beautiful
pre2013_44149,2011,3600,4,beautiful
pre2013_33826,2011,1350,1,beautiful
pre2013_25474,2007,1150,1,beautiful
pre2013_39183,2011,2795,2,beautiful
pre2013_45260,2011,950,1,beautiful
6578443058,2018,3800,2,beautiful
4264231639,2013,3800,2,beautiful
5829440996,2016,2295,1,beautiful
6259921070,2017,2150,1,beautiful
6624844744,2018,2695,1,beautiful
pre2013_78719,2008,3050,3,beautiful
pre2013_67174,2012,3295,3,beautiful
6525169955,2018,3400,2,beautiful
5739776364,2016,2999,2,beautiful
pre2013_17308,2012,1500,1,beautiful
6525175647,2018,2750,1,beautiful
pre2013_116546,2001,1200,0,beautiful
pre2013_151673,2006,830,1,beautiful
pre2013_128468,2004,2650,2,beautiful
pre2013_9892,2011,2890,2,beautiful
pre2013_118718,2004,795,1,beautiful
pre2013_118700,2004,895,1,beautiful
pre2013_129955,2004,700,0,beautiful
pre2013_92,2006,2450,2,beautiful
pre2013_1821,2006,3950,3,beautiful
pre2013_83352,2006,3500,4,beautiful
pre2013_83352,2006,3500,4,beautiful
pre2013_153313,2006,3950,3,beautiful
pre2013_134893,2005,1300,1,beautiful
pre2013_60572,2012,2200,3,beautiful
pre2013_123727,2004,1850,3,beautiful
pre2013_143952,2005,800,0,beautiful
pre2013_156443,2006,1395,3,beautiful
pre2013_156566,2006,1550,3,beautiful
pre2013_151256,2006,2300,4,beautiful
pre2013_7013,2008,1200,1,beautiful
pre2013_151295,2006,2500,3,beautiful
pre2013_79228,2008,2800,4,beautiful
pre2013_5649,2008,3500,1,beautiful
pre2013_151557,2006,2200,3,beautiful
pre2013_545,2006,3950,3,beautiful
pre2013_28769,2010,1300,2,beautiful
pre2013_76892,2010,3850,5,beautiful
pre2013_8718,2011,2490,3,beautiful
pre2013_134816,2005,850,0,beautiful
pre2013_38106,2011,2500,4,beautiful
pre2013_39548,2011,950,1,beautiful
5615351066,2016,2295,2,beautiful
pre2013_131358,2004,750,0,beautiful
pre2013_54920,2012,1900,2,beautiful
pre2013_54908,2012,2000,3,beautiful
pre2013_54905,2012,2000,3,beautiful
pre2013_132255,2004,2050,3,beautiful
pre2013_32801,2011,2100,3,beautiful
pre2013_132455,2004,2050,3,beautiful
pre2013_132455,2004,2050,3,beautiful
4689193203,2014,3500,3,beautiful
pre2013_132961,2004,2395,2,beautiful
pre2013_35198,2011,1400,2,beautiful
6253831457,2017,3200,2,beautiful
pre2013_28674,2008,2395,3,beautiful
pre2013_71990,2012,8495,3,beautiful
pre2013_25412,2007,2000,2,beautiful
pre2013_54884,2012,1260,3,beautiful
pre2013_66776,2012,3960,5,beautiful
pre2013_155957,2006,950,1,beautiful
pre2013_38121,2011,1975,3,beautiful
5403582680,2016,1500,1,beautiful
pre2013_160104,2008,1890,2,beautiful
pre2013_21003,2012,1700,3,beautiful
pre2013_151616,2006,1550,3,beautiful
pre2013_159623,2006,3500,4,beautiful
5439938054,2016,2000,2,beautiful
5538056697,2016,2150,2,beautiful
pre2013_52298,2012,1440,1,beautiful
pre2013_17303,2012,1500,2,beautiful
5752395660,2016,3150,4,beautiful
pre2013_53822,2012,1295,2,beautiful
pre2013_59714,2012,1500,2,beautiful
4248360839,2013,925,0,beautiful
pre2013_153018,2006,1300,2,beautiful
pre2013_43743,2011,3500,5,beautiful
5220012076,2015,4600,4,beautiful
6370785720,2017,2595,3,beautiful
pre2013_56216,2012,1350,1,beautiful
pre2013_12834,2012,1600,3,beautiful
pre2013_77306,2010,2995,3,beautiful
6370786181,2017,2395,3,beautiful
5413926289,2016,3300,3,beautiful
pre2013_53811,2012,1250,2,beautiful
pre2013_56489,2012,1900,2,beautiful
6546046258,2018,3700,2,beautiful
6558772912,2018,3700,2,beautiful
pre2013_78718,2008,1695,NA,beautiful
6370750051,2017,1995,2,beautiful
6525169848,2018,3700,2,beautiful
pre2013_116691,2001,900,1,beautiful
pre2013_117013,2001,1000,1,beautiful
pre2013_127086,2004,2200,3,beautiful
pre2013_86652,2003,1495,1,beautiful
pre2013_86642,2003,1500,2,beautiful
pre2013_2202,2008,1625,2,beautiful
pre2013_127511,2004,1125,1,beautiful
pre2013_86873,2003,1025,1,beautiful
pre2013_86925,2003,1395,2,beautiful
pre2013_151672,2006,850,1,beautiful
pre2013_77609,2009,925,0,beautiful
pre2013_128023,2004,1695,3,beautiful
pre2013_117561,2004,1025,1,beautiful
pre2013_128097,2004,2050,1,beautiful
pre2013_117768,2004,795,1,beautiful
pre2013_117748,2004,1627,1,beautiful
pre2013_128877,2004,1300,1,beautiful
pre2013_118403,2004,925,2,beautiful
pre2013_118620,2004,1500,1,beautiful
pre2013_118717,2004,1950,2,beautiful
pre2013_118816,2004,1300,2,beautiful
pre2013_118842,2004,1395,1,beautiful
pre2013_118867,2004,1395,1,beautiful
pre2013_119160,2004,775,0,beautiful
pre2013_130630,2004,750,1,beautiful
pre2013_130592,2004,765,0,beautiful
pre2013_152806,2006,895,1,beautiful
pre2013_119404,2004,1100,1,beautiful
pre2013_122770,2004,795,0,beautiful
pre2013_119760,2004,980,1,beautiful
pre2013_150,2006,1200,1,beautiful
pre2013_132363,2004,1695,3,beautiful
pre2013_120656,2004,995,0,beautiful
pre2013_22436,2012,1300,2,beautiful
pre2013_120969,2004,775,1,beautiful
pre2013_124536,2004,1695,3,beautiful
pre2013_133123,2004,1900,2,beautiful
pre2013_153218,2006,650,0,beautiful
pre2013_36072,2011,775,0,beautiful
pre2013_37292,2011,1000,1,beautiful
pre2013_121574,2004,775,1,beautiful
pre2013_135489,2005,1550,1,beautiful
pre2013_135595,2005,1695,3,beautiful
pre2013_1009,2006,895,NA,beautiful
pre2013_121773,2004,775,1,beautiful
5966985816,2017,4200,2,beautiful
pre2013_122148,2004,775,1,beautiful
pre2013_136810,2005,825,1,beautiful
pre2013_137232,2005,1375,1,beautiful
pre2013_137280,2005,1477,1,beautiful
pre2013_137235,2005,1695,3,beautiful
pre2013_138492,2005,1350,1,beautiful
pre2013_138725,2005,795,1,beautiful
pre2013_139248,2005,1025,1,beautiful
pre2013_139231,2005,1350,1,beautiful
pre2013_42126,2011,1650,1,beautiful
pre2013_139955,2005,750,1,beautiful
pre2013_140752,2005,1075,1,beautiful
pre2013_123614,2004,1995,3,beautiful
pre2013_123993,2004,775,1,beautiful
pre2013_44489,2011,1975,2,beautiful
pre2013_26968,2007,1000,1,beautiful
pre2013_142720,2005,795,NA,beautiful
pre2013_124493,2004,975,1,beautiful
pre2013_124456,2004,1325,1,beautiful
pre2013_124946,2004,1200,1,beautiful
pre2013_124981,2004,1695,3,beautiful
pre2013_26485,2007,1095,1,beautiful
pre2013_125925,2004,1750,1,beautiful
5549035885,2016,2930,1,beautiful
pre2013_126167,2004,895,0,beautiful
5398649652,2016,1895,1,beautiful
pre2013_151073,2006,850,1,beautiful
pre2013_151233,2006,1650,2,beautiful
pre2013_126937,2004,1595,NA,beautiful
pre2013_126949,2004,2200,3,beautiful
pre2013_79217,2008,980,1,beautiful
pre2013_151420,2006,1295,2,beautiful
pre2013_159818,2007,1550,2,beautiful
pre2013_127695,2004,875,NA,beautiful
pre2013_127633,2004,2150,1,beautiful
pre2013_15036,2012,1125,1,beautiful
pre2013_141295,2005,1700,3,beautiful
pre2013_128191,2004,695,0,beautiful
pre2013_6483,2009,900,1,beautiful
pre2013_6447,2009,985,1,beautiful
pre2013_151979,2006,1350,2,beautiful
pre2013_128667,2004,2050,NA,beautiful
5774786235,2016,2695,1,beautiful
4017934032,2013,950,1,beautiful
pre2013_16003,2012,975,NA,beautiful
4106240652,2013,2300,2,beautiful
pre2013_129513,2004,775,1,beautiful
pre2013_129474,2004,1750,1,beautiful
pre2013_129619,2004,1600,1,beautiful
5519317385,2016,4295,3,beautiful
pre2013_130159,2004,895,1,beautiful
pre2013_3025,2006,1475,0,beautiful
pre2013_136817,2005,1295,2,beautiful
pre2013_137508,2005,1500,3,beautiful
pre2013_18527,2012,775,0,beautiful
pre2013_152944,2006,1275,2,beautiful
pre2013_152913,2006,1595,2,beautiful
pre2013_12359,2011,950,1,beautiful
pre2013_131311,2004,1495,1,beautiful
5622445765,2016,1995,1,beautiful
pre2013_140619,2005,1400,2,beautiful
5171358297,2015,2871,1,beautiful
pre2013_21733,2012,1800,3,beautiful
pre2013_25878,2007,5000,4,beautiful
pre2013_22031,2012,1250,1,beautiful
pre2013_33804,2011,1900,1,beautiful
pre2013_82921,2006,1250,1,beautiful
pre2013_132778,2004,695,0,beautiful
pre2013_132840,2004,700,0,beautiful
pre2013_133015,2004,1850,2,beautiful
pre2013_143559,2005,2700,4,beautiful
pre2013_133654,2005,1900,3,beautiful
pre2013_134292,2005,1550,1,beautiful
pre2013_5453,2007,850,0,beautiful
pre2013_135264,2005,1695,3,beautiful
pre2013_135374,2005,1375,1,beautiful
pre2013_154887,2007,1650,1,beautiful
pre2013_57783,2012,1760,1,beautiful
pre2013_135871,2005,750,1,beautiful
pre2013_136092,2005,1375,1,beautiful
pre2013_78014,2008,1475,1,beautiful
pre2013_136885,2005,750,1,beautiful
pre2013_136990,2005,1390,1,beautiful
6447105916,2018,3295,2,beautiful
pre2013_139043,2005,850,1,beautiful
pre2013_41691,2011,2950,3,beautiful
pre2013_42134,2011,1425,1,beautiful
pre2013_139944,2005,2050,2,beautiful
pre2013_62214,2012,1895,1,beautiful
pre2013_159859,2007,1495,1,beautiful
pre2013_140842,2005,1250,2,beautiful
pre2013_34208,2011,1050,1,beautiful
pre2013_142467,2005,1150,1,beautiful
pre2013_27015,2007,2695,3,beautiful
pre2013_27015,2007,2695,3,beautiful
pre2013_2182,2008,750,NA,beautiful
pre2013_7254,2008,1550,1,beautiful
pre2013_143179,2005,1250,2,beautiful
pre2013_27351,2007,1150,2,beautiful
pre2013_156391,2006,850,1,beautiful
pre2013_143988,2005,1075,1,beautiful
pre2013_144323,2005,960,0,beautiful
pre2013_144620,2005,2500,2,beautiful
pre2013_27641,2007,1800,2,beautiful
pre2013_4589,2008,2195,3,beautiful
pre2013_17465,2012,2495,2,beautiful
pre2013_17738,2012,930,3,beautiful
pre2013_12937,2012,1950,2,beautiful
pre2013_3672,2008,1750,2,beautiful
pre2013_68631,2012,2450,2,beautiful
5382596085,2016,2624,1,beautiful
pre2013_156357,2006,2225,2,beautiful
5434178176,2016,2450,1,beautiful
pre2013_156494,2006,900,1,beautiful
pre2013_156490,2006,1100,2,beautiful
pre2013_156533,2006,1190,2,beautiful
pre2013_25037,2006,1225,1,beautiful
pre2013_1450,2006,850,1,beautiful
5419601454,2016,2000,1,beautiful
pre2013_71515,2012,2195,2,beautiful
pre2013_151565,2006,895,0,beautiful
pre2013_77298,2010,1025,1,beautiful
pre2013_158207,2006,795,0,beautiful
pre2013_15276,2012,1250,1,beautiful
5454464481,2016,3500,2,beautiful
pre2013_28755,2010,2395,2,beautiful
pre2013_7609,2010,1500,2,beautiful
6367577764,2017,2700,1,beautiful
pre2013_15992,2012,1550,1,beautiful
5606364016,2016,3399,2,beautiful
pre2013_19489,2012,1199,2,beautiful
pre2013_16962,2012,1100,3,beautiful
pre2013_7676,2011,1075,1,beautiful
4634383524,2014,3200,2,beautiful
pre2013_18365,2012,1095,2,beautiful
6610263717,2018,2695,1,beautiful
5824584117,2016,2350,1,beautiful
pre2013_57773,2012,2500,2,beautiful
pre2013_668,2006,1095,1,beautiful
5650283104,2016,2050,1,beautiful
5091524025,2015,1795,2,beautiful
pre2013_56218,2012,1999,2,beautiful
pre2013_62567,2012,1500,0,beautiful
6331669582,2017,1670,0,beautiful
pre2013_47854,2012,1512,1,beautiful
4010724618,2013,1700,1,beautiful
pre2013_10467,2012,1100,1,beautiful
pre2013_64133,2012,1875,1,beautiful
pre2013_44152,2011,700,0,beautiful
5091522826,2015,1595,1,beautiful
5558030868,2016,1700,1,beautiful
pre2013_14615,2012,1250,2,beautiful
5674109825,2016,3000,1,beautiful
pre2013_22087,2012,1500,1,beautiful
5628089505,2016,3462,2,beautiful
pre2013_13383,2012,1500,1,beautiful
5454102203,2016,2150,1,beautiful
pre2013_18729,2012,1900,1,beautiful
pre2013_12925,2012,1250,2,beautiful
6562025988,2018,3800,2,beautiful
pre2013_49088,2012,650,0,beautiful
5369995639,2016,2850,2,beautiful
5807501635,2016,2300,3,beautiful
6517364736,2018,2550,1,beautiful
pre2013_13154,2012,1095,1,beautiful
pre2013_117041,2001,2450,3,beautiful
pre2013_13978,2012,2100,4,beautiful
pre2013_127767,2004,1950,3,beautiful
pre2013_127870,2004,1370,2,beautiful
pre2013_132241,2004,1370,2,beautiful
pre2013_120695,2004,950,1,beautiful
pre2013_121149,2004,2600,3,beautiful
pre2013_121607,2004,2300,3,beautiful
pre2013_122682,2004,750,0,beautiful
pre2013_60134,2012,1300,2,beautiful
pre2013_123251,2004,2200,3,beautiful
pre2013_140079,2005,1800,2,beautiful
pre2013_140978,2005,1600,2,beautiful
pre2013_28075,2008,1375,1,beautiful
pre2013_152303,2006,1150,2,beautiful
pre2013_130537,2004,740,0,beautiful
pre2013_138299,2005,750,0,beautiful
pre2013_218,2006,795,0,beautiful
pre2013_43776,2011,2000,3,beautiful
pre2013_132498,2004,750,0,beautiful
pre2013_159570,2006,1795,2,beautiful
pre2013_135846,2005,1500,3,beautiful
5414008505,2016,2300,1,beautiful
pre2013_155187,2007,1195,2,beautiful
pre2013_139563,2005,1500,2,beautiful
pre2013_151080,2006,950,1,beautiful
pre2013_155066,2007,1145,2,beautiful
pre2013_16196,2012,2245,1,beautiful
pre2013_78334,2008,650,1,beautiful
pre2013_49064,2012,2000,2,beautiful
4623084857,2014,2950,2,beautiful
5419584214,2016,2300,1,beautiful
pre2013_151953,2006,1150,2,beautiful
3812466170,2013,2250,2,beautiful
pre2013_8875,2011,1895,5,beautiful
5519532170,2016,3500,2,beautiful
pre2013_158928,2006,1800,1,beautiful
pre2013_48753,2012,1250,2,beautiful
5591754942,2016,2899,4,beautiful
4623091260,2014,2950,2,beautiful
pre2013_79589,2006,1200,2,beautiful
pre2013_63751,2012,1200,1,beautiful
4682530442,2014,3300,2,beautiful
5614773863,2016,3295,3,beautiful
pre2013_26872,2007,1950,3,beautiful
6483402078,2018,2785,2,beautiful
pre2013_63773,2012,1350,1,beautiful
5615364524,2016,1495,1,beautiful
5741292396,2016,2950,2,beautiful
pre2013_60541,2012,1800,2,beautiful
5517803649,2016,2498,2,beautiful
pre2013_125829,2004,2200,4,beautiful
pre2013_13984,2012,2100,4,beautiful
pre2013_151460,2006,1800,4,beautiful
pre2013_5909,2009,1500,2,beautiful
pre2013_5061,2007,2000,3,beautiful
pre2013_158490,2006,3100,3,beautiful
pre2013_30902,2011,925,1,beautiful
pre2013_41669,2011,699,0,beautiful
pre2013_32795,2011,1200,2,beautiful
pre2013_33312,2011,799,0,beautiful
pre2013_15825,2012,2195,2,beautiful
pre2013_36892,2011,1600,3,beautiful
pre2013_60161,2012,850,0,beautiful
pre2013_136349,2005,925,3,beautiful
6524368607,2018,1649,1,beautiful
pre2013_43700,2011,2000,4,beautiful
pre2013_44906,2011,1995,4,beautiful
pre2013_150810,2006,1700,3,beautiful
5626576660,2016,2495,2,beautiful
pre2013_49628,2012,1625,4,beautiful
5481537228,2016,2700,2,beautiful
pre2013_151619,2006,1950,1,beautiful
pre2013_29124,2011,1800,3,beautiful
pre2013_29098,2011,1800,3,beautiful
3878937529,2013,1200,2,beautiful
5779539533,2016,2999,2,beautiful
pre2013_17700,2012,1650,3,beautiful
pre2013_44520,2011,1400,4,beautiful
4264273741,2013,2295,3,beautiful
pre2013_31564,2011,1295,2,beautiful
6523230671,2018,2400,2,beautiful
6266900007,2017,2850,2,beautiful
5814074016,2016,2850,2,beautiful
pre2013_64189,2012,1100,1,beautiful
6524370350,2018,2395,2,beautiful
pre2013_66777,2012,1725,3,beautiful
pre2013_17246,2012,1500,2,beautiful
pre2013_4531,2008,1800,2,beautiful
pre2013_133922,2005,950,1,beautiful
pre2013_94516,2004,1100,1,beautiful
pre2013_95024,2004,2125,2,beautiful
pre2013_95741,2004,2100,2,beautiful
pre2013_125490,2004,2100,2,beautiful
pre2013_96915,2004,2100,2,beautiful
pre2013_146520,2006,1500,1,beautiful
pre2013_100538,2004,1350,2,beautiful
pre2013_65220,2012,2350,2,beautiful
5807532785,2016,5800,3,beautiful
pre2013_116912,2001,2995,3,beautiful
pre2013_97588,2004,1400,2,beautiful
pre2013_127353,2004,2600,3,beautiful
pre2013_84855,2003,2800,3,beautiful
pre2013_127508,2004,975,0,beautiful
pre2013_127860,2004,2000,2,beautiful
pre2013_102395,2004,1050,1,beautiful
pre2013_128002,2004,2200,3,beautiful
pre2013_98413,2004,1595,2,beautiful
pre2013_129255,2004,1995,2,beautiful
pre2013_89311,2004,1420,2,beautiful
pre2013_118716,2004,1420,2,beautiful
pre2013_163894,2006,1650,2,beautiful
pre2013_118719,2004,1650,2,beautiful
pre2013_164170,2006,1650,2,beautiful
pre2013_89975,2004,1250,1,beautiful
pre2013_90094,2004,1650,2,beautiful
pre2013_90062,2004,1799,2,beautiful
pre2013_119756,2004,1050,1,beautiful
pre2013_101895,2004,1050,1,beautiful
pre2013_140276,2005,2100,3,beautiful
pre2013_120271,2004,1050,1,beautiful
pre2013_90765,2004,2200,3,beautiful
pre2013_102583,2004,1050,1,beautiful
pre2013_120761,2004,1100,1,beautiful
pre2013_91118,2004,1999,3,beautiful
pre2013_34523,2011,2395,1,beautiful
pre2013_83235,2006,3200,NA,beautiful
pre2013_91433,2004,1650,2,beautiful
pre2013_91596,2004,3500,2,beautiful
pre2013_92158,2004,1425,1,beautiful
pre2013_25317,2007,2250,3,beautiful
pre2013_93648,2004,3200,2,beautiful
pre2013_140740,2005,2495,3,beautiful
4667063990,2014,1800,1,beautiful
pre2013_94495,2004,1100,2,beautiful
pre2013_44343,2011,2500,2,beautiful
pre2013_94687,2004,1850,2,beautiful
pre2013_94808,2004,1495,1,beautiful
pre2013_95012,2004,1495,1,beautiful
pre2013_94994,2004,2600,3,beautiful
pre2013_95738,2004,2100,2,beautiful
pre2013_67059,2012,1400,0,beautiful
pre2013_96948,2004,1100,0,beautiful
pre2013_126485,2004,3200,2,beautiful
pre2013_50373,2012,1818,2,beautiful
pre2013_146074,2006,5300,4,beautiful
pre2013_55252,2012,1914,1,beautiful
pre2013_98347,2004,2700,3,beautiful
pre2013_8065,2010,1150,1,beautiful
pre2013_16040,2012,1295,1,beautiful
pre2013_134715,2005,2500,3,beautiful
pre2013_29333,2011,2575,2,beautiful
pre2013_10060,2011,3900,3,beautiful
pre2013_100642,2004,1350,1,beautiful
pre2013_30685,2011,3000,3,beautiful
5578099914,2016,1899,1,beautiful
pre2013_147284,2006,2500,3,beautiful
pre2013_60768,2012,2350,2,beautiful
pre2013_31850,2011,2900,3,beautiful
pre2013_102146,2004,2200,3,beautiful
pre2013_32607,2011,1275,1,beautiful
6597631195,2018,1999,1,beautiful
4681563075,2014,3950,2,beautiful
pre2013_44707,2011,2500,2,beautiful
pre2013_36720,2011,2550,3,beautiful
pre2013_23612,2012,2280,2,beautiful
pre2013_135061,2005,2300,2,beautiful
pre2013_37124,2011,2300,2,beautiful
pre2013_38680,2011,2350,2,beautiful
pre2013_63890,2012,1775,1,beautiful
pre2013_63996,2012,2395,2,beautiful
pre2013_45061,2011,1300,0,beautiful
pre2013_45078,2011,2500,3,beautiful
pre2013_65012,2012,1775,1,beautiful
5481581288,2016,2250,2,beautiful
pre2013_48054,2012,3500,NA,beautiful
pre2013_145334,2006,2400,2,beautiful
pre2013_16817,2012,4100,4,beautiful
6597627699,2018,2149,1,beautiful
3812296293,2013,1700,2,beautiful
4168300252,2013,4600,4,beautiful
pre2013_16870,2012,1295,1,beautiful
3610791989,2013,2840,1,beautiful
pre2013_54235,2012,1725,1,beautiful
pre2013_57366,2012,3600,3,beautiful
pre2013_69265,2012,2093,1,beautiful
4244045709,2013,3200,2,beautiful
pre2013_67445,2012,2450,2,beautiful
pre2013_153892,2007,3000,2,beautiful
4255391198,2013,2095,1,beautiful
4858763337,2015,7000,3,beautiful
pre2013_70814,2012,2350,1,beautiful
5525577365,2016,3680,3,beautiful
5515978317,2016,7000,5,beautiful
pre2013_51791,2012,3350,3,beautiful
pre2013_67526,2012,900,1,beautiful
5503931871,2016,3400,3,beautiful
5795717634,2016,4500,2,beautiful
5382622169,2016,3900,3,beautiful
pre2013_97131,2004,4000,2,beautiful
pre2013_117223,2002,3000,2,beautiful
pre2013_117245,2002,11000,5,beautiful
pre2013_28708,2008,1975,1,beautiful
pre2013_145914,2006,2500,1,beautiful
pre2013_85097,2003,1850,1,beautiful
pre2013_87795,2004,3495,3,beautiful
pre2013_98272,2004,1900,1,beautiful
pre2013_88234,2004,1175,0,beautiful
pre2013_88269,2004,1595,1,beautiful
pre2013_99113,2004,2800,2,beautiful
pre2013_88495,2004,3500,2,beautiful
pre2013_88593,2004,1346,1,beautiful
pre2013_88601,2004,1695,1,beautiful
pre2013_88648,2004,1340,1,beautiful
pre2013_89054,2004,3400,3,beautiful
pre2013_89218,2004,2500,2,beautiful
pre2013_89286,2004,4200,2,beautiful
pre2013_118672,2004,4200,2,beautiful
pre2013_130694,2004,2300,2,beautiful
4611817604,2014,10500,3,beautiful
pre2013_101464,2004,2400,1,beautiful
pre2013_101558,2004,2400,1,beautiful
pre2013_101620,2004,2400,1,beautiful
pre2013_119978,2004,3950,2,beautiful
pre2013_90324,2004,3950,2,beautiful
pre2013_102371,2004,1525,1,beautiful
pre2013_120348,2004,1150,1,beautiful
pre2013_102491,2004,1275,1,beautiful
pre2013_90753,2004,1695,1,beautiful
pre2013_90807,2004,3000,3,beautiful
pre2013_90879,2004,2400,2,beautiful
pre2013_102943,2004,2400,1,beautiful
pre2013_132580,2004,2400,1,beautiful
pre2013_94891,2004,1700,2,beautiful
pre2013_103295,2004,2350,2,beautiful
pre2013_103357,2004,2400,1,beautiful
pre2013_91494,2004,2600,2,beautiful
pre2013_121230,2004,2800,2,beautiful
pre2013_36257,2011,8500,3,beautiful
pre2013_91684,2004,2970,3,beautiful
pre2013_121596,2004,2600,2,beautiful
pre2013_135533,2005,2400,1,beautiful
pre2013_91984,2004,1275,0,beautiful
pre2013_136198,2005,2400,1,beautiful
pre2013_136460,2005,2400,1,beautiful
pre2013_136707,2005,2400,1,beautiful
pre2013_3912,2008,2495,1,beautiful
pre2013_92653,2004,1600,1,beautiful
pre2013_92849,2004,7500,3,beautiful
pre2013_39811,2011,4600,3,beautiful
pre2013_93119,2004,2350,2,beautiful
pre2013_138126,2005,2400,1,beautiful
pre2013_138428,2005,1075,0,beautiful
pre2013_138529,2005,1400,1,beautiful
pre2013_139047,2005,2400,1,beautiful
pre2013_93884,2004,4495,2,beautiful
pre2013_141032,2005,2400,1,beautiful
pre2013_141476,2005,2650,2,beautiful
pre2013_142079,2005,2975,2,beautiful
pre2013_26383,2007,2300,1,beautiful
pre2013_95489,2004,1695,1,beautiful
pre2013_95799,2004,1750,1,beautiful
pre2013_96419,2004,1200,0,beautiful
pre2013_97079,2004,3200,2,beautiful
pre2013_145625,2006,2895,3,beautiful
pre2013_49234,2012,1950,1,beautiful
pre2013_128537,2004,1500,1,beautiful
pre2013_147483,2006,2400,2,beautiful
pre2013_98201,2004,1386,1,beautiful
pre2013_146041,2006,2000,1,beautiful
pre2013_98680,2004,1800,1,beautiful
pre2013_98774,2004,2300,2,beautiful
pre2013_99114,2004,2900,3,beautiful
5291210536,2015,3695,1,beautiful
pre2013_146468,2006,1425,1,beautiful
pre2013_45476,2011,2399,1,beautiful
pre2013_99431,2004,1325,1,beautiful
pre2013_146553,2006,4950,3,beautiful
pre2013_100002,2004,1650,1,beautiful
4258515787,2013,2000,1,beautiful
pre2013_100572,2004,3000,1,beautiful
pre2013_18011,2012,3800,2,beautiful
pre2013_147257,2006,2800,2,beautiful
pre2013_12401,2011,3675,2,beautiful
pre2013_12529,2011,8750,3,beautiful
5066071180,2015,19000,5,beautiful
pre2013_131615,2004,2400,1,beautiful
pre2013_101880,2004,2400,1,beautiful
pre2013_102022,2004,3950,2,beautiful
pre2013_102363,2004,1250,0,beautiful
pre2013_147616,2006,2050,1,beautiful
pre2013_102694,2004,2400,1,beautiful
pre2013_102835,2004,3500,2,beautiful
pre2013_142585,2005,2400,1,beautiful
pre2013_103222,2004,2600,4,beautiful
pre2013_136596,2005,2400,1,beautiful
pre2013_147848,2006,2250,1,beautiful
pre2013_134003,2005,2400,1,beautiful
pre2013_83594,2006,1150,0,beautiful
pre2013_36258,2011,4500,2,beautiful
4935161558,2015,2300,0,beautiful
pre2013_135844,2005,2400,1,beautiful
pre2013_29385,2011,2195,1,beautiful
5504820565,2016,6800,2,beautiful
4977565153,2015,5295,3,beautiful
pre2013_138026,2005,1075,0,beautiful
pre2013_40695,2011,4200,3,beautiful
6495194102,2018,2200,0,beautiful
6597616877,2018,5500,2,beautiful
6597620740,2018,8800,3,beautiful
pre2013_141162,2005,2400,1,beautiful
pre2013_141558,2005,2400,1,beautiful
pre2013_141669,2005,2400,1,beautiful
pre2013_4734,2007,1700,1,beautiful
5236099109,2015,4300,2,beautiful
pre2013_63964,2012,2800,1,beautiful
4137865827,2013,3150,1,beautiful
pre2013_147904,2006,2000,1,beautiful
5955714017,2017,3699,2,beautiful
pre2013_78573,2008,2500,1,beautiful
pre2013_18288,2012,2649,1,beautiful
5393725626,2016,3875,1,beautiful
pre2013_79059,2008,3100,1,beautiful
pre2013_147492,2006,2050,1,beautiful
4855995188,2015,2900,1,beautiful
5708133768,2016,4600,2,beautiful
pre2013_33575,2011,2979,0,beautiful
pre2013_7781,2010,1675,1,beautiful
pre2013_7834,2010,3495,2,beautiful
pre2013_65194,2012,3695,2,beautiful
4915765299,2015,9400,3,beautiful
pre2013_17578,2012,2395,1,beautiful
4258512066,2013,12000,3,beautiful
pre2013_64787,2012,6000,2,beautiful
4956674791,2015,1800,2,beautiful
4556770710,2014,6200,2,beautiful
5716418611,2016,5750,2,beautiful
pre2013_33582,2011,4389,2,beautiful
5757862526,2016,2495,0,beautiful
5481620693,2016,8495,3,beautiful
pre2013_37123,2011,4214,2,beautiful
5726909072,2016,8295,3,beautiful
6528729397,2018,3195,1,beautiful
pre2013_68446,2012,3259,1,beautiful
pre2013_35891,2011,4700,3,beautiful
pre2013_70353,2012,3409,1,beautiful
pre2013_37122,2011,4389,2,beautiful
pre2013_70368,2012,30000,2,beautiful
6247269776,2017,5475,2,beautiful
pre2013_13601,2012,1695,1,beautiful
pre2013_51180,2012,2495,1,beautiful
5450047778,2016,3800,2,beautiful
4856003728,2015,2595,1,beautiful
6571879096,2018,5500,2,beautiful
4241570195,2013,4695,2,beautiful
4966839133,2015,2250,0,beautiful
pre2013_21131,2012,1550,0,beautiful
6524805586,2018,4700,2,beautiful
4810350953,2014,15000,3,beautiful
6507910182,2018,3200,2,beautiful
5439920043,2016,4200,2,beautiful
pre2013_70183,2012,1390,1,beautiful
5291315289,2015,3155,2,beautiful
pre2013_57884,2012,2350,3,beautiful
pre2013_59366,2012,1900,2,beautiful
pre2013_2886,2006,2500,3,beautiful
5985901805,2017,2500,1,beautiful
5413951267,2016,1600,1,beautiful
4956757444,2015,2224,1,beautiful
4977627449,2015,2224,1,beautiful
pre2013_149890,2006,875,1,beautiful
pre2013_80736,2007,1900,2,beautiful
4956756494,2015,2600,2,beautiful
pre2013_118079,2004,2300,3,beautiful
pre2013_83838,2006,1595,1,beautiful
pre2013_103458,2004,900,0,beautiful
pre2013_9674,2011,2350,3,beautiful
pre2013_62230,2012,1995,2,beautiful
pre2013_23031,2012,1535,3,beautiful
pre2013_59856,2012,1900,2,beautiful
pre2013_60994,2012,4000,3,beautiful
4137960013,2013,1924,1,beautiful
pre2013_54241,2012,3300,NA,beautiful
4137955744,2013,1924,NA,beautiful
pre2013_65888,2012,1895,2,beautiful
pre2013_9580,2011,2350,3,beautiful
pre2013_67739,2012,760,3,beautiful
pre2013_8651,2011,2350,3,beautiful
pre2013_120911,2004,2250,3,beautiful
pre2013_68249,2012,1695,1,beautiful
pre2013_111831,2004,1375,2,beautiful
pre2013_12787,2012,1725,2,beautiful
pre2013_112084,2004,1105,1,beautiful
pre2013_63826,2012,2700,2,beautiful
pre2013_48826,2012,2580,2,beautiful
pre2013_106249,2004,2250,3,beautiful
pre2013_16440,2012,2800,3,beautiful
pre2013_45691,2011,2150,3,beautiful
6624568678,2018,2000,1,beautiful
pre2013_35651,2011,2350,3,beautiful
pre2013_158821,2006,875,1,beautiful
pre2013_108856,2004,2300,3,beautiful
pre2013_132250,2004,1375,2,beautiful
pre2013_60619,2012,3950,4,beautiful
pre2013_105722,2004,1700,3,beautiful
4625322779,2014,3090,3,beautiful
pre2013_27691,2007,2400,3,beautiful
pre2013_154250,2007,800,1,beautiful
pre2013_58182,2012,1875,2,beautiful
4865873727,2015,2560,2,beautiful
pre2013_58205,2012,1800,1,beautiful
pre2013_85250,2003,1750,2,beautiful
pre2013_58206,2012,1800,1,beautiful
pre2013_81669,2007,2500,4,beautiful
pre2013_104104,2004,2095,2,beautiful
pre2013_111407,2004,1500,2,beautiful
pre2013_149924,2006,4950,4,beautiful
pre2013_109096,2004,1600,2,beautiful
pre2013_131012,2004,1500,2,beautiful
pre2013_21540,2012,4000,2,beautiful
pre2013_139309,2005,795,1,beautiful
pre2013_149906,2006,3850,4,beautiful
4924525107,2015,2795,1,beautiful
4836808107,2015,2395,1,beautiful
pre2013_68812,2012,3200,1,beautiful
pre2013_105151,2004,1595,1,beautiful
pre2013_54960,2012,1350,1,beautiful
pre2013_54960,2012,1350,1,beautiful
pre2013_47573,2012,1950,1,beautiful
pre2013_150235,2006,1595,1,beautiful
pre2013_157245,2006,1180,1,beautiful
pre2013_112425,2004,2450,3,beautiful
pre2013_52065,2012,3250,2,beautiful
pre2013_111932,2004,2195,2,beautiful
pre2013_47579,2012,2650,2,beautiful
pre2013_110359,2004,1595,1,beautiful
pre2013_52597,2012,1791,1,beautiful
pre2013_148764,2006,1495,1,beautiful
pre2013_103518,2004,1595,1,beautiful
pre2013_104102,2004,1595,1,beautiful
pre2013_62240,2012,1750,1,beautiful
pre2013_62240,2012,1750,1,beautiful
pre2013_107182,2004,1595,1,beautiful
pre2013_62259,2012,1823,1,beautiful
pre2013_149359,2006,1995,2,beautiful
6350418966,2017,3400,2,beautiful
pre2013_105981,2004,1000,0,beautiful
4971395380,2015,2795,1,beautiful
pre2013_149075,2006,5000,4,beautiful
pre2013_62642,2012,2100,2,beautiful
pre2013_56875,2012,2300,3,beautiful
6328095042,2017,4800,3,beautiful
pre2013_142116,2005,1500,2,beautiful
5775172639,2016,7350,5,beautiful
pre2013_118167,2004,1800,3,beautiful
pre2013_109029,2004,2600,4,beautiful
pre2013_25698,2007,4800,4,beautiful
pre2013_72061,2012,2650,2,beautiful
pre2013_52047,2012,1850,1,beautiful
pre2013_7876,2011,1515,1,beautiful
pre2013_111414,2004,1100,1,beautiful
pre2013_106269,2004,1595,1,beautiful
pre2013_105237,2004,1595,1,beautiful
pre2013_44571,2011,1650,0,beautiful
pre2013_131055,2004,1100,1,beautiful
pre2013_108168,2004,1195,2,beautiful
pre2013_150190,2006,2300,3,beautiful
4834496199,2015,1950,1,beautiful
4966842478,2015,2600,2,beautiful
pre2013_66823,2012,3300,3,beautiful
pre2013_110990,2004,1100,1,beautiful
pre2013_18723,2012,7900,4,beautiful
pre2013_31720,2011,2600,1,beautiful
pre2013_17151,2012,1550,1,beautiful
pre2013_33431,2011,10000,4,beautiful
4656154863,2014,14000,4,beautiful
pre2013_81336,2007,2495,2,beautiful
pre2013_148766,2006,2195,2,beautiful
pre2013_63834,2012,1350,1,beautiful
pre2013_63834,2012,1350,1,beautiful
5171318655,2015,2600,1,beautiful
pre2013_106353,2004,1595,1,beautiful
pre2013_119401,2004,1000,1,beautiful
pre2013_110493,2004,2400,2,beautiful
pre2013_122717,2004,1575,2,beautiful
pre2013_109720,2004,1495,2,beautiful
pre2013_57194,2012,2300,3,beautiful
pre2013_29170,2011,4500,2,beautiful
pre2013_141246,2005,915,1,beautiful
pre2013_106127,2004,1595,1,beautiful
pre2013_118929,2004,4500,5,beautiful
pre2013_109396,2004,2300,3,beautiful
pre2013_148534,2006,1495,1,beautiful
pre2013_80969,2007,1731,2,beautiful
pre2013_127008,2004,2300,3,beautiful
pre2013_110262,2004,1400,1,beautiful
5171384811,2015,5700,4,beautiful
pre2013_70635,2012,2750,2,beautiful
pre2013_106725,2004,1595,1,beautiful
pre2013_72141,2012,5995,5,beautiful
pre2013_105572,2004,1595,1,beautiful
pre2013_68208,2012,1950,2,beautiful
pre2013_103519,2004,2195,2,beautiful
pre2013_42218,2011,6950,4,beautiful
pre2013_47253,2011,3250,2,beautiful
pre2013_126942,2004,2300,3,beautiful
pre2013_109389,2004,2300,3,beautiful
4824286225,2015,4975,2,beautiful
pre2013_108891,2004,1595,1,beautiful
pre2013_106345,2004,850,0,beautiful
pre2013_150582,2006,2395,2,beautiful
pre2013_150572,2006,4250,4,beautiful
4644990795,2014,1644,1,beautiful
4137812304,2013,8900,4,beautiful
pre2013_103887,2004,1600,2,beautiful
4611878980,2014,2850,2,beautiful
4258067200,2013,2360,2,beautiful
pre2013_103602,2004,1095,0,beautiful
pre2013_131866,2004,3900,4,beautiful
pre2013_63861,2012,1595,1,beautiful
pre2013_149395,2006,1200,1,beautiful
pre2013_105729,2004,2250,4,beautiful
pre2013_104607,2004,1595,1,beautiful
pre2013_129106,2004,1170,1,beautiful
4845674879,2015,3595,2,beautiful
pre2013_60238,2012,2950,2,beautiful
pre2013_123898,2004,3300,3,beautiful
pre2013_56882,2012,1695,0,beautiful
pre2013_107185,2004,2400,4,beautiful
pre2013_107019,2004,2000,1,beautiful
pre2013_150606,2006,1550,2,beautiful
pre2013_111121,2004,1100,1,beautiful
pre2013_25800,2007,1695,2,beautiful
pre2013_111130,2004,2900,3,beautiful
pre2013_108440,2004,1695,1,beautiful
pre2013_80108,2007,1500,2,beautiful
pre2013_28039,2008,2400,2,beautiful
pre2013_59802,2012,3600,3,beautiful
pre2013_125154,2004,1595,1,beautiful
pre2013_104605,2004,2095,2,beautiful
4590634933,2014,16500,5,beautiful
pre2013_30483,2011,1876,1,beautiful
4611765680,2014,15000,4,beautiful
pre2013_106598,2004,1950,2,beautiful
pre2013_111798,2004,1495,3,beautiful
pre2013_110259,2004,875,1,beautiful
4572666146,2014,12950,4,beautiful
3878879079,2013,8000,4,beautiful
pre2013_108513,2004,3300,3,beautiful
5269950200,2015,4000,2,beautiful
pre2013_78809,2008,1375,0,beautiful
pre2013_109260,2004,875,1,beautiful
4980185883,2015,3000,2,beautiful
pre2013_25796,2007,1300,1,beautiful
pre2013_18259,2012,1600,1,beautiful
pre2013_35682,2011,3250,2,beautiful
pre2013_83088,2006,1200,1,beautiful
pre2013_53544,2012,3250,2,beautiful
pre2013_106828,2004,1595,1,beautiful
4601531091,2014,6500,4,beautiful
pre2013_36543,2011,6000,3,beautiful
pre2013_85470,2003,1595,1,beautiful
pre2013_149548,2006,4200,3,beautiful
pre2013_160142,2010,2400,2,beautiful
pre2013_108882,2004,1700,2,beautiful
pre2013_71176,2012,2650,2,beautiful
pre2013_130833,2004,1100,1,beautiful
pre2013_157273,2006,5000,4,beautiful
pre2013_150637,2006,1695,1,beautiful
pre2013_157938,2006,3400,4,beautiful
4582141142,2014,3595,1,beautiful
pre2013_159209,2006,1695,1,beautiful
pre2013_85781,2003,1595,1,beautiful
pre2013_109035,2004,1595,1,beautiful
pre2013_10744,2011,4200,3,beautiful
pre2013_111731,2004,2795,4,beautiful
3610751539,2013,2266,2,beautiful
pre2013_51006,2012,1350,1,beautiful
pre2013_148535,2006,2195,2,beautiful
pre2013_31168,2011,2195,1,beautiful
pre2013_149551,2006,1695,1,beautiful
pre2013_71182,2012,3800,2,beautiful
pre2013_105849,2004,1595,1,beautiful
pre2013_104424,2004,2775,3,beautiful
4584334242,2014,7600,3,beautiful
pre2013_85469,2003,2095,2,beautiful
4766204763,2014,5000,3,beautiful
pre2013_108404,2004,2650,3,beautiful
pre2013_104480,2004,1595,1,beautiful
pre2013_149552,2006,2195,2,beautiful
pre2013_61824,2012,2900,2,beautiful
pre2013_109403,2004,1000,1,beautiful
pre2013_53240,2012,1795,0,beautiful
pre2013_18670,2012,2950,2,beautiful
3878881840,2013,8000,4,beautiful
pre2013_148842,2006,1495,1,beautiful
pre2013_126746,2004,875,1,beautiful
pre2013_148843,2006,2195,2,beautiful
pre2013_104479,2004,2095,2,beautiful
pre2013_51065,2012,6500,4,beautiful
pre2013_157044,2006,5000,4,beautiful
pre2013_67329,2012,1500,2,beautiful
pre2013_42627,2011,2500,3,beautiful
pre2013_55620,2012,2200,2,beautiful
4678179445,2014,2650,1,beautiful
pre2013_108709,2004,3400,3,beautiful
4865948182,2015,3500,2,beautiful
4766207166,2014,3138,1,beautiful
5254060692,2015,1800,1,beautiful
5291220556,2015,3395,2,beautiful
pre2013_15239,2012,3250,2,beautiful
pre2013_16921,2012,3250,2,beautiful
pre2013_143449,2005,795,1,beautiful
pre2013_108526,2004,1695,1,beautiful
pre2013_149007,2006,1695,1,beautiful
pre2013_37784,2011,1725,1,beautiful
4903851340,2015,2825,2,beautiful
3864185114,2013,8000,5,beautiful
4865853177,2015,2675,1,beautiful
4865853177,2015,2675,1,beautiful
pre2013_149424,2006,4500,4,beautiful
pre2013_112097,2004,875,1,beautiful
3562877306,2013,2895,2,beautiful
pre2013_65053,2012,7300,4,beautiful
pre2013_107836,2004,1695,1,beautiful
pre2013_53230,2012,1695,1,beautiful
pre2013_127995,2004,1500,1,beautiful
pre2013_109673,2004,1595,1,beautiful
6571870713,2018,4850,3,beautiful
pre2013_107844,2004,4500,3,beautiful
pre2013_149006,2006,2195,2,beautiful
pre2013_140916,2005,1500,2,beautiful
pre2013_110870,2004,1595,1,beautiful
pre2013_82611,2006,2600,NA,beautiful
pre2013_5370,2007,1450,1,beautiful
pre2013_111602,2004,1100,1,beautiful
pre2013_105641,2004,1595,1,beautiful
pre2013_110766,2004,1300,1,beautiful
pre2013_112249,2004,2900,3,beautiful
pre2013_107934,2004,1695,1,beautiful
pre2013_82601,2006,7995,4,beautiful
pre2013_38886,2011,1100,1,beautiful
pre2013_150106,2006,1695,2,beautiful
pre2013_111596,2004,1500,2,beautiful
4922100161,2015,1945,1,beautiful
pre2013_122243,2004,1015,1,beautiful
pre2013_7047,2008,2600,2,beautiful
pre2013_97487,2004,1150,1,beautiful
pre2013_97674,2004,2600,3,beautiful
pre2013_97800,2004,975,0,beautiful
pre2013_97753,2004,1400,2,beautiful
pre2013_127536,2004,2400,3,beautiful
pre2013_98161,2004,2000,2,beautiful
pre2013_98214,2004,2500,2,beautiful
pre2013_128060,2004,2700,3,beautiful
pre2013_98820,2004,2200,2,beautiful
pre2013_99145,2004,995,0,beautiful
pre2013_100200,2004,2550,3,beautiful
pre2013_100387,2004,1995,3,beautiful
pre2013_89589,2004,1420,2,beautiful
pre2013_89726,2004,1125,1,beautiful
pre2013_90043,2004,1050,1,beautiful
pre2013_119704,2004,1799,2,beautiful
pre2013_102327,2004,1600,2,beautiful
pre2013_90544,2004,1050,1,beautiful
pre2013_90754,2004,2800,2,beautiful
pre2013_91076,2004,1100,1,beautiful
pre2013_91133,2004,2500,3,beautiful
pre2013_122375,2004,2200,3,beautiful
pre2013_153749,2007,2150,2,beautiful
pre2013_59982,2012,2350,2,beautiful
pre2013_93475,2004,1595,2,beautiful
pre2013_41518,2011,2450,2,beautiful
pre2013_140450,2005,2850,3,beautiful
pre2013_94269,2004,1595,2,beautiful
pre2013_125479,2004,2100,2,beautiful
pre2013_95900,2004,1795,2,beautiful
pre2013_96243,2004,1190,1,beautiful
pre2013_47724,2012,4350,4,beautiful
pre2013_145295,2006,1000,1,beautiful
pre2013_96779,2004,1950,2,beautiful
pre2013_145405,2006,2400,2,beautiful
pre2013_68997,2012,2900,3,beautiful
pre2013_96984,2004,1500,2,beautiful
pre2013_96935,2004,1850,2,beautiful
pre2013_96971,2004,3200,2,beautiful
pre2013_78567,2008,2700,2,beautiful
pre2013_49411,2012,2600,3,beautiful
pre2013_70855,2012,2100,2,beautiful
pre2013_1106,2006,1798,2,beautiful
pre2013_98682,2004,1125,1,beautiful
pre2013_76672,2009,1400,1,beautiful
pre2013_98743,2004,995,0,beautiful
pre2013_99551,2004,1995,2,beautiful
pre2013_146624,2006,1800,1,beautiful
4254734275,2013,2095,1,beautiful
pre2013_29378,2011,2275,2,beautiful
pre2013_100472,2004,2550,3,beautiful
pre2013_100510,2004,3800,5,beautiful
pre2013_53068,2012,3800,4,beautiful
pre2013_130289,2004,1350,1,beautiful
5570977514,2016,3400,3,beautiful
pre2013_101159,2004,1095,1,beautiful
pre2013_150506,2006,1750,2,beautiful
5171381720,2015,4495,3,beautiful
pre2013_34485,2011,1500,1,beautiful
pre2013_51775,2012,1800,2,beautiful
pre2013_35445,2011,2390,2,beautiful
pre2013_83572,2006,2100,2,beautiful
pre2013_145248,2006,2500,3,beautiful
5066176343,2015,1250,1,beautiful
pre2013_43187,2011,1600,1,beautiful
pre2013_80485,2007,2500,2,beautiful
5419905586,2016,2800,2,beautiful
pre2013_9842,2011,2350,2,beautiful
4254417184,2013,2095,1,beautiful
4615631918,2014,2150,1,beautiful
pre2013_12473,2011,1500,1,beautiful
pre2013_146187,2006,1350,1,beautiful
pre2013_14247,2012,1400,0,beautiful
6552320579,2018,1825,0,beautiful
4593569175,2014,2550,1,beautiful
5955724593,2017,2100,1,beautiful
pre2013_28918,2011,900,0,beautiful
pre2013_55400,2012,1975,0,beautiful
4265745950,2013,2095,1,beautiful
pre2013_48345,2012,850,0,beautiful
5481500589,2016,3600,3,beautiful
4264067740,2013,1498,1,beautiful
6397337057,2017,2600,1,beautiful
pre2013_153683,2007,2150,2,beautiful
pre2013_65156,2012,2450,2,beautiful
5774694382,2016,3750,2,beautiful
pre2013_42344,2011,2350,2,beautiful
5386770361,2016,1395,0,beautiful
pre2013_118065,2004,2100,3,beautiful
pre2013_111106,2004,1350,3,beautiful
5403271164,2016,3200,3,beautiful
4906263845,2015,2950,4,beautiful
pre2013_34861,2011,2800,5,beautiful
pre2013_133413,2005,2000,4,beautiful
pre2013_34404,2011,1395,2,beautiful
4855556868,2015,2950,4,beautiful
pre2013_19636,2012,1400,2,beautiful
5077365056,2015,1765,1,beautiful
pre2013_3487,2006,2800,5,beautiful
3878200283,2013,1510,3,beautiful
4807717285,2014,2650,3,beautiful
4634189061,2014,2750,4,beautiful
5789684622,2016,5495,4,beautiful
5763538231,2016,2700,3,beautiful
pre2013_164104,2006,1600,3,beautiful
pre2013_83507,2006,1295,1,beautiful
pre2013_80796,2007,2250,4,beautiful
pre2013_33967,2011,2200,3,beautiful
6603668598,2018,2565,2,beautiful
pre2013_68324,2012,1421,1,beautiful
pre2013_43871,2011,1275,2,beautiful
pre2013_78531,2008,2300,4,beautiful
5410401252,2016,2950,3,beautiful
pre2013_163756,2006,1350,2,beautiful
5313190515,2015,2266,2,beautiful
5313201744,2015,1978,2,beautiful
5088581575,2015,1942,2,beautiful
5785236089,2016,5495,4,beautiful
pre2013_56035,2012,2600,4,beautiful
5077310385,2015,1955,1,beautiful
pre2013_78146,2008,1950,2,beautiful
pre2013_140252,2005,875,1,beautiful
5725600180,2016,2750,3,beautiful
5825674613,2016,2883,2,beautiful
5796315205,2016,2700,3,beautiful
pre2013_124025,2004,1850,3,beautiful
4622639284,2014,1750,2,beautiful
5419000290,2016,2565,2,beautiful
pre2013_42690,2011,1325,2,beautiful
5461676856,2016,2850,4,beautiful
pre2013_52386,2012,2304,3,beautiful
pre2013_87615,2003,1250,1,beautiful
5054787329,2015,2715,2,beautiful
5418974757,2016,2150,3,beautiful
pre2013_67390,2012,3000,3,beautiful
pre2013_156764,2006,1175,1,beautiful
5547377265,2016,5400,4,beautiful
5088507902,2015,2131,1,beautiful
pre2013_23830,2012,1345,2,beautiful
5410750595,2016,2600,2,beautiful
5492914511,2016,2543,3,beautiful
pre2013_164681,2006,1050,1,beautiful
pre2013_39755,2011,2250,4,beautiful
4644705050,2014,2300,1,beautiful
pre2013_84403,2006,1895,3,beautiful
pre2013_32526,2011,1745,3,beautiful
6400505368,2017,2219,2,beautiful
pre2013_120265,2004,1775,3,beautiful
pre2013_162145,2006,1275,3,beautiful
pre2013_45778,2011,2950,3,beautiful
5587239977,2016,2200,2,beautiful
pre2013_59873,2012,2300,3,beautiful
pre2013_54026,2012,1400,2,beautiful
5280437714,2015,1940,1,beautiful
5570874215,2016,2420,2,beautiful
5392928112,2016,2350,2,beautiful
5171301144,2015,3115,3,beautiful
4865879431,2015,5495,4,beautiful
pre2013_18563,2012,1438,1,beautiful
5713929925,2016,3200,5,beautiful
pre2013_164204,2006,1600,3,beautiful
5790953498,2016,2676,0,beautiful
pre2013_80207,2007,1700,4,beautiful
5470780355,2016,5400,4,beautiful
pre2013_15071,2012,1300,1,beautiful
pre2013_162122,2006,1275,3,beautiful
pre2013_33519,2011,1533,2,beautiful
4935217745,2015,1820,1,beautiful
pre2013_123652,2004,2200,4,beautiful
pre2013_61512,2012,2895,3,beautiful
pre2013_78915,2008,895,1,beautiful
5713931501,2016,2950,3,beautiful
6603805477,2018,3500,4,beautiful
4935164039,2015,5495,4,beautiful
pre2013_43074,2011,2700,5,beautiful
5829375836,2016,900,2,beautiful
pre2013_44261,2011,1350,2,beautiful
pre2013_46121,2011,1850,3,beautiful
pre2013_134046,2005,1100,1,beautiful
5463353931,2016,2971,3,beautiful
pre2013_126732,2004,2200,NA,beautiful
pre2013_57627,2012,1420,2,beautiful
pre2013_6199,2009,1500,3,beautiful
pre2013_7682,2011,895,1,beautiful
pre2013_80025,2007,1800,4,beautiful
pre2013_140269,2005,2450,4,beautiful
pre2013_80023,2007,2200,4,beautiful
pre2013_13427,2012,1600,3,beautiful
5504090689,2016,950,1,beautiful
pre2013_22040,2012,2850,5,beautiful
pre2013_14808,2012,1775,3,beautiful
pre2013_61767,2012,1895,3,beautiful
pre2013_900,2006,2500,4,beautiful
pre2013_62221,2012,1100,2,beautiful
pre2013_8361,2011,2150,6,beautiful
pre2013_120943,2004,2400,5,beautiful
pre2013_14440,2012,1988,4,beautiful
pre2013_14425,2012,1700,4,beautiful
pre2013_7146,2008,1600,3,beautiful
pre2013_151716,2006,2100,3,beautiful
pre2013_42321,2011,900,4,beautiful
pre2013_61801,2012,1500,3,beautiful
4634211433,2014,2045,4,beautiful
pre2013_79286,2008,2000,5,beautiful
pre2013_134528,2005,1920,4,beautiful
pre2013_63382,2012,1995,4,beautiful
pre2013_151377,2006,1950,4,beautiful
pre2013_3082,2006,1600,3,beautiful
6516434951,2018,1590,1,beautiful
pre2013_120659,2004,1750,3,beautiful
5785510912,2016,1800,2,beautiful
4822045337,2014,2045,4,beautiful
pre2013_53837,2012,2100,4,beautiful
4623020979,2014,2200,5,beautiful
pre2013_43735,2011,2000,5,beautiful
pre2013_159630,2006,1800,3,beautiful
pre2013_70085,2012,1095,2,beautiful
6573641115,2018,1670,1,beautiful
4785200959,2014,1900,3,beautiful
pre2013_155629,2006,3200,5,beautiful
pre2013_152851,2006,1700,3,beautiful
pre2013_138304,2005,1800,4,beautiful
pre2013_140194,2005,1800,4,beautiful
pre2013_44518,2011,1450,3,beautiful
pre2013_44864,2011,1900,4,beautiful
pre2013_25544,2007,1650,3,beautiful
pre2013_61750,2012,1295,3,beautiful
pre2013_64922,2012,1070,2,beautiful
pre2013_53876,2012,2029,4,beautiful
pre2013_18889,2012,1700,4,beautiful
5639646900,2016,2700,5,beautiful
pre2013_70541,2012,1190,2,beautiful
4817437297,2014,1525,2,beautiful
pre2013_80620,2007,1550,3,beautiful
pre2013_44462,2011,1750,3,beautiful
4988545586,2015,1306,1,beautiful
pre2013_27198,2007,2200,4,beautiful
5548962154,2016,2184,2,beautiful
pre2013_770,2006,2150,5,beautiful
5403500416,2016,1200,3,beautiful
pre2013_138958,2005,1695,4,beautiful
pre2013_160081,2007,2200,4,beautiful
pre2013_25985,2007,2200,5,beautiful
pre2013_50041,2012,1700,4,beautiful
5403566715,2016,1995,3,beautiful
pre2013_44464,2011,1400,3,beautiful
4571124344,2014,2000,3,beautiful
pre2013_39594,2011,1550,3,beautiful
pre2013_27105,2007,3500,3,beautiful
5413950817,2016,2190,4,beautiful
pre2013_15002,2012,1000,1,beautiful
pre2013_44118,2011,1599,4,beautiful
pre2013_35570,2011,1700,3,beautiful
pre2013_11196,2011,1450,3,beautiful
pre2013_51952,2012,1595,3,beautiful
pre2013_159909,2007,1950,4,beautiful
pre2013_72005,2012,2150,5,beautiful
pre2013_152957,2006,2000,4,beautiful
pre2013_28124,2008,1900,4,beautiful
4017878480,2013,2100,5,beautiful
pre2013_16631,2012,1600,3,beautiful
pre2013_152700,2006,845,2,beautiful
pre2013_13300,2012,1900,4,beautiful
pre2013_38432,2011,1900,3,beautiful
6546044130,2018,2595,4,beautiful
pre2013_82963,2006,2450,5,beautiful
pre2013_23583,2012,1790,3,beautiful
pre2013_935,2006,1300,2,beautiful
5419044340,2016,2300,3,beautiful
4667176769,2014,2300,4,beautiful
5669336932,2016,2400,4,beautiful
pre2013_59323,2012,1700,3,beautiful
pre2013_10620,2012,1630,3,beautiful
pre2013_60559,2012,2100,4,beautiful
4038798573,2013,1750,4,beautiful
pre2013_83785,2006,1500,3,beautiful
pre2013_24489,2006,2000,5,beautiful
pre2013_15989,2012,1800,3,beautiful
pre2013_159057,2006,1950,3,beautiful
pre2013_82951,2006,2600,5,beautiful
pre2013_3981,2008,1700,4,beautiful
5439855028,2016,2600,5,beautiful
pre2013_138146,2005,1700,3,beautiful
pre2013_140,2006,1500,3,beautiful
pre2013_66234,2012,1800,4,beautiful
pre2013_7848,2010,795,1,beautiful
6519771545,2018,1840,2,beautiful
pre2013_36429,2011,2080,5,beautiful
pre2013_9839,2011,1560,3,beautiful
5429742468,2016,2400,4,beautiful
pre2013_23569,2012,1850,4,beautiful
6514152209,2018,3050,3,beautiful
pre2013_24547,2006,2050,3,beautiful
4663711009,2014,2295,5,beautiful
pre2013_23909,2012,1295,2,beautiful
pre2013_131506,2004,1150,2,beautiful
4845102130,2015,1470,2,beautiful
pre2013_152141,2006,1700,3,beautiful
5096263382,2015,1100,3,beautiful
pre2013_160204,2010,1250,2,beautiful
pre2013_23309,2012,1950,4,beautiful
5641393277,2016,2700,5,beautiful
pre2013_141960,2005,2500,4,beautiful
pre2013_138149,2005,1700,4,beautiful
pre2013_28322,2008,1900,4,beautiful
pre2013_10577,2012,1995,4,beautiful
pre2013_12127,2011,1875,3,beautiful
pre2013_60917,2012,1150,2,beautiful
pre2013_71026,2012,1700,3,beautiful
pre2013_60152,2012,995,2,beautiful
pre2013_129061,2004,1850,3,beautiful
4678119430,2014,2500,5,beautiful
pre2013_66250,2012,1645,NA,beautiful
pre2013_36446,2011,1700,3,beautiful
pre2013_36435,2011,794,2,beautiful
pre2013_27912,2008,1700,3,beautiful
pre2013_54560,2012,1550,3,beautiful
pre2013_20770,2012,1550,3,beautiful
pre2013_19581,2012,2085,4,beautiful
pre2013_58883,2012,1300,3,beautiful
pre2013_151221,2006,1750,3,beautiful
pre2013_10,2006,1895,4,beautiful
pre2013_3416,2006,1890,4,beautiful
4611941720,2014,2250,4,beautiful
pre2013_154723,2007,2200,4,beautiful
pre2013_29912,2011,1360,3,beautiful
pre2013_157844,2006,1150,NA,beautiful
pre2013_150927,2006,1700,3,beautiful
pre2013_38789,2011,1550,3,beautiful
pre2013_152275,2006,1895,3,beautiful
4571152534,2014,1895,4,beautiful
pre2013_36026,2011,1660,3,beautiful
6561215346,2018,1850,2,beautiful
pre2013_139045,2005,1800,4,beautiful
3553092768,2013,1895,2,beautiful
pre2013_84170,2006,1950,4,beautiful
5626585546,2016,1175,1,beautiful
pre2013_144293,2005,1150,2,beautiful
6489668612,2018,1450,2,beautiful
pre2013_65364,2012,1800,4,beautiful
pre2013_44473,2011,1900,4,beautiful
pre2013_7308,2008,1500,3,beautiful
pre2013_28250,2008,1650,3,beautiful
pre2013_66239,2012,1190,2,beautiful
6480271096,2018,2150,2,beautiful
4168369068,2013,1850,4,beautiful
pre2013_151432,2006,1250,2,beautiful
3552735090,2013,1600,3,beautiful
pre2013_65386,2012,2095,5,beautiful
pre2013_8566,2011,1650,3,beautiful
pre2013_16000,2012,995,2,beautiful
pre2013_37296,2011,2150,4,beautiful
pre2013_81271,2007,3000,5,beautiful
5393098940,2016,1990,4,beautiful
pre2013_35615,2011,1230,2,beautiful
pre2013_33834,2011,1700,4,beautiful
4656059609,2014,2250,4,beautiful
pre2013_141493,2005,1775,3,beautiful
pre2013_131774,2004,1425,4,beautiful
pre2013_20833,2012,1600,3,beautiful
pre2013_65377,2012,2100,NA,beautiful
pre2013_157928,2006,2400,4,beautiful
pre2013_77339,2010,1500,3,beautiful
pre2013_140957,2005,1800,4,beautiful
4100673609,2013,1175,1,beautiful
6305915622,2017,2395,4,beautiful
pre2013_2309,2010,1379,2,beautiful
pre2013_140359,2005,2500,5,beautiful
pre2013_36071,2011,2449,5,beautiful
pre2013_17427,2012,2300,5,beautiful
5096304446,2015,2595,5,beautiful
pre2013_56217,2012,1849,3,beautiful
pre2013_118801,2004,2200,4,beautiful
pre2013_2263,2010,1229,2,beautiful
pre2013_32325,2011,1070,2,beautiful
4634264391,2014,2200,5,beautiful
pre2013_16865,2012,2100,4,beautiful
pre2013_3187,2006,1700,3,beautiful
pre2013_152321,2006,1700,3,beautiful
pre2013_44497,2011,2200,5,beautiful
4100668436,2013,1125,1,beautiful
5439547201,2016,1895,3,beautiful
pre2013_16002,2012,938,2,beautiful
pre2013_33756,2011,1475,3,beautiful
pre2013_156246,2006,1650,3,beautiful
4100765424,2013,2500,5,beautiful
4030443405,2013,2500,4,beautiful
pre2013_157415,2006,1999,5,beautiful
pre2013_127475,2004,1900,4,beautiful
4004984011,2013,1950,5,beautiful
pre2013_41692,2011,1894,3,beautiful
pre2013_20964,2012,2550,7,beautiful
pre2013_32789,2011,1050,2,beautiful
pre2013_20938,2012,1650,3,beautiful
pre2013_109584,2004,4500,4,beautiful
pre2013_109727,2004,1350,1,beautiful
pre2013_102144,2004,2300,3,beautiful
4678115954,2014,3200,3,beautiful
pre2013_106583,2004,1800,2,beautiful
pre2013_108844,2004,1450,NA,beautiful
pre2013_108932,2004,1700,1,beautiful
3562860218,2013,1695,2,beautiful
pre2013_33561,2011,2850,3,beautiful
pre2013_155370,2012,3195,3,beautiful
pre2013_37972,2011,1595,2,beautiful
pre2013_148255,2006,9500,5,beautiful
pre2013_72114,2012,2800,3,beautiful
4286123272,2014,8950,6,beautiful
pre2013_19558,2012,6500,3,beautiful
pre2013_51362,2012,1750,NA,beautiful
pre2013_17124,2012,1500,1,beautiful
pre2013_66986,2012,4200,5,beautiful
pre2013_16020,2012,3195,3,beautiful
4030391384,2013,2800,3,beautiful
pre2013_70883,2012,2395,3,beautiful
pre2013_71181,2012,11000,3,beautiful
pre2013_116723,2001,1600,1,beautiful
pre2013_145751,2006,2350,1,beautiful
pre2013_117166,2002,2550,2,beautiful
pre2013_88207,2004,2600,2,beautiful
pre2013_88249,2004,2600,2,beautiful
pre2013_88773,2004,2400,2,beautiful
pre2013_88863,2004,2400,2,beautiful
pre2013_89217,2004,2400,2,beautiful
pre2013_99961,2004,2100,2,beautiful
pre2013_89251,2004,2400,2,beautiful
pre2013_89668,2004,2400,2,beautiful
pre2013_89744,2004,925,3,beautiful
pre2013_101963,2004,2100,1,beautiful
pre2013_137779,2005,2950,2,beautiful
pre2013_125213,2004,2700,2,beautiful
pre2013_95711,2004,2850,1,beautiful
pre2013_97964,2004,1350,1,beautiful
3527772706,2013,4195,2,beautiful
pre2013_98251,2004,2850,1,beautiful
pre2013_99658,2004,2850,1,beautiful
pre2013_129355,2004,2850,1,beautiful
pre2013_146900,2006,1800,2,beautiful
4530609633,2014,4300,2,beautiful
pre2013_100991,2004,1700,1,beautiful
pre2013_82781,2006,1550,2,beautiful
5045555963,2015,7150,2,beautiful
5716497473,2016,5750,3,beautiful
pre2013_34502,2011,3950,3,beautiful
5673898017,2016,3995,1,beautiful
5291200345,2015,3495,1,beautiful
pre2013_40716,2011,3700,3,beautiful
5393080647,2016,3800,2,beautiful
5442393295,2016,3200,1,beautiful
pre2013_146237,2006,2400,1,beautiful
pre2013_157716,2006,3700,2,beautiful
5791456803,2016,7900,2,beautiful
5791511214,2016,8800,2,beautiful
4093944093,2013,2200,1,beautiful
pre2013_154150,2007,3900,3,beautiful
5704524759,2016,2450,3,beautiful
6433068382,2017,3235,1,beautiful
6305938640,2017,3340,1,beautiful
5309574712,2015,3450,1,beautiful
6603805089,2018,3100,1,beautiful
pre2013_44329,2011,3250,2,beautiful
pre2013_45115,2011,2000,1,beautiful
pre2013_49518,2012,3700,3,beautiful
5946071389,2017,4600,2,beautiful
pre2013_65665,2012,3500,3,beautiful
5492990171,2016,4200,2,beautiful
pre2013_127021,2004,6250,3,beautiful
5392700208,2016,3875,1,beautiful
pre2013_85048,2003,2800,2,beautiful
pre2013_127783,2004,6000,3,beautiful
pre2013_128219,2004,2400,2,beautiful
pre2013_146678,2006,2200,1,beautiful
pre2013_119449,2004,3450,2,beautiful
pre2013_101209,2004,4500,3,beautiful
pre2013_120004,2004,2450,3,beautiful
pre2013_102155,2004,3400,3,beautiful
pre2013_102106,2004,6500,3,beautiful
pre2013_82803,2006,4800,3,beautiful
pre2013_91448,2004,1150,1,beautiful
pre2013_133919,2005,1595,1,beautiful
pre2013_125710,2004,2200,1,beautiful
pre2013_92640,2004,1388,1,beautiful
pre2013_122355,2004,3450,2,beautiful
4977596655,2015,1300,3,beautiful
pre2013_93351,2004,3450,2,beautiful
pre2013_122893,2004,3450,2,beautiful
pre2013_139939,2005,2200,2,beautiful
pre2013_93731,2004,3450,2,beautiful
pre2013_94160,2004,3450,2,beautiful
pre2013_123757,2004,3450,2,beautiful
pre2013_124201,2004,3450,2,beautiful
pre2013_94718,2004,490,1,beautiful
pre2013_95208,2004,3450,2,beautiful
pre2013_95910,2004,3090,3,beautiful
pre2013_100273,2004,6000,3,beautiful
pre2013_145540,2006,2100,1,beautiful
pre2013_13417,2012,3975,3,beautiful
pre2013_102359,2004,6000,3,beautiful
3844569117,2013,5500,3,beautiful
pre2013_146297,2006,6500,3,beautiful
pre2013_99889,2004,6000,3,beautiful
pre2013_100307,2004,3200,2,beautiful
pre2013_29335,2011,4854,4,beautiful
pre2013_101026,2004,5850,4,beautiful
pre2013_131576,2004,2400,2,beautiful
pre2013_132101,2004,6500,3,beautiful
pre2013_147625,2006,1850,1,beautiful
pre2013_64393,2012,2300,1,beautiful
pre2013_103353,2004,6000,3,beautiful
pre2013_83222,2006,1650,1,beautiful
pre2013_83540,2006,1200,0,beautiful
pre2013_134632,2005,1595,1,beautiful
pre2013_79511,2006,1375,1,beautiful
pre2013_138226,2005,535,NA,beautiful
pre2013_60021,2012,2895,1,beautiful
5393066205,2016,4500,2,beautiful
pre2013_141936,2005,1345,1,beautiful
4225555975,2013,4953,2,beautiful
4934825823,2015,2719,1,beautiful
pre2013_66521,2012,2595,2,beautiful
6455333247,2018,4600,2,beautiful
6455332607,2018,4600,2,beautiful
pre2013_56082,2012,2895,1,beautiful
pre2013_56100,2012,3795,4,beautiful
5774683548,2016,3355,1,beautiful
pre2013_158730,2006,2250,1,beautiful
5633909985,2016,3350,1,beautiful
pre2013_56087,2012,5913,NA,beautiful
pre2013_66547,2012,2225,2,beautiful
3768412563,2013,4050,2,beautiful
4946078025,2015,1230,3,beautiful
pre2013_159920,2007,1785,1,beautiful
pre2013_46242,2011,5200,3,beautiful
4934817893,2015,6407,2,beautiful
pre2013_15354,2012,3809,3,beautiful
4934807574,2015,3219,1,beautiful
pre2013_50500,2012,3275,3,beautiful
5387310814,2016,3975,1,beautiful
pre2013_144956,2005,2000,2,beautiful
4644934862,2014,2985,1,beautiful
pre2013_140296,2005,1400,1,beautiful
pre2013_116747,2001,1950,2,beautiful
6359729468,2017,3100,3,beautiful
pre2013_61857,2012,3680,3,beautiful
pre2013_159112,2006,2700,3,beautiful
pre2013_127482,2004,1950,3,beautiful
pre2013_134681,2005,1300,1,beautiful
pre2013_107178,2004,795,0,beautiful
pre2013_105521,2004,1300,2,beautiful
pre2013_40916,2011,5335,NA,beautiful
5955723479,2017,4000,3,beautiful
pre2013_104285,2004,795,0,beautiful
pre2013_35297,2011,1650,1,beautiful
6546038464,2018,4500,3,beautiful
pre2013_148387,2006,1915,2,beautiful
pre2013_70692,2012,1750,1,beautiful
pre2013_39679,2011,1295,1,beautiful
pre2013_16378,2012,1795,2,beautiful
pre2013_38193,2011,4900,4,beautiful
pre2013_148269,2006,935,0,beautiful
pre2013_118693,2004,795,0,beautiful
pre2013_33448,2011,1650,1,beautiful
pre2013_143739,2005,5500,5,beautiful
pre2013_62291,2012,2335,NA,beautiful
pre2013_109433,2004,950,1,beautiful
4865759558,2015,3970,2,beautiful
pre2013_108145,2004,895,1,beautiful
pre2013_40530,2011,4900,4,beautiful
pre2013_63424,2012,1770,1,beautiful
pre2013_61843,2012,3000,3,beautiful
pre2013_56233,2012,3880,2,beautiful
5059671424,2015,2195,2,beautiful
pre2013_127330,2004,950,1,beautiful
5045636727,2015,4100,1,beautiful
pre2013_8626,2011,3899,3,beautiful
pre2013_109697,2004,950,1,beautiful
4633980922,2014,2950,2,beautiful
4622848039,2014,2060,1,beautiful
pre2013_66799,2012,1275,1,beautiful
pre2013_120341,2004,1850,2,beautiful
pre2013_60249,2012,2365,1,beautiful
pre2013_60248,2012,2995,1,beautiful
pre2013_43412,2011,2480,2,beautiful
pre2013_108415,2004,1700,2,beautiful
pre2013_59006,2012,3710,3,beautiful
pre2013_80649,2007,815,0,beautiful
pre2013_112427,2004,1055,2,beautiful
5302386902,2015,3915,2,beautiful
pre2013_71588,2012,3100,2,beautiful
pre2013_143087,2005,1595,3,beautiful
pre2013_109240,2004,950,1,beautiful
pre2013_108939,2004,950,1,beautiful
pre2013_108352,2004,750,0,beautiful
pre2013_76988,2010,2750,4,beautiful
pre2013_53234,2012,1700,1,beautiful
pre2013_69196,2012,1635,1,beautiful
pre2013_69196,2012,1635,1,beautiful
pre2013_111083,2004,2500,3,beautiful
pre2013_40518,2011,1099,0,beautiful
pre2013_80734,2007,1100,1,beautiful
pre2013_12361,2011,995,1,beautiful
pre2013_11086,2012,2195,2,beautiful
pre2013_54625,2012,3750,3,beautiful
pre2013_59025,2012,1450,0,beautiful
pre2013_136960,2005,1575,2,beautiful
pre2013_107570,2004,850,0,beautiful
pre2013_426,2006,3450,3,beautiful
pre2013_108539,2004,950,0,beautiful
pre2013_76971,2010,1600,2,beautiful
5858896109,2016,3557,2,beautiful
pre2013_22636,2012,1850,NA,beautiful
pre2013_26532,2007,1800,2,beautiful
pre2013_148450,2006,950,1,beautiful
pre2013_78101,2008,1175,1,beautiful
5858895652,2016,3725,2,beautiful
pre2013_63068,2012,3040,2,beautiful
pre2013_53934,2012,2895,3,beautiful
pre2013_30067,2011,1495,1,beautiful
5313355813,2015,2250,0,beautiful
pre2013_54628,2012,2555,1,beautiful
3610770990,2013,3750,2,beautiful
pre2013_60646,2012,3680,3,beautiful
pre2013_56236,2012,3755,NA,beautiful
pre2013_37425,2011,1150,0,beautiful
pre2013_69686,2012,2515,2,beautiful
pre2013_49756,2012,4500,4,beautiful
pre2013_1175,2006,1350,1,beautiful
pre2013_71589,2012,3100,2,beautiful
pre2013_68202,2012,3745,3,beautiful
pre2013_109956,2004,795,1,beautiful
pre2013_110122,2004,1800,2,beautiful
4960741678,2015,4850,4,beautiful
pre2013_150289,2006,2800,3,beautiful
pre2013_104997,2004,1095,2,beautiful
pre2013_112349,2004,2500,3,beautiful
pre2013_142702,2005,800,1,beautiful
4622791483,2014,4700,3,beautiful
pre2013_40085,2011,2860,2,beautiful
pre2013_103867,2004,950,1,beautiful
4611839915,2014,2250,2,beautiful
pre2013_34337,2011,3200,3,beautiful
pre2013_57840,2012,1540,3,beautiful
pre2013_68193,2012,2745,2,beautiful
pre2013_31141,2011,3950,2,beautiful
pre2013_49770,2012,2895,3,beautiful
pre2013_3653,2008,2600,3,beautiful
pre2013_70164,2012,3095,2,beautiful
pre2013_68791,2012,2745,2,beautiful
pre2013_27455,2007,2500,2,beautiful
pre2013_68194,2012,3005,2,beautiful
pre2013_148996,2006,2775,3,beautiful
pre2013_131236,2004,895,1,beautiful
pre2013_31144,2011,7000,4,beautiful
pre2013_109320,2004,1800,3,beautiful
pre2013_56865,2012,2045,2,beautiful
pre2013_63463,2012,2400,2,beautiful
pre2013_70186,2012,3820,3,beautiful
pre2013_110963,2004,895,1,beautiful
pre2013_19694,2012,2000,2,beautiful
pre2013_110091,2004,950,1,beautiful
pre2013_121987,2004,6500,4,beautiful
pre2013_52607,2012,3710,3,beautiful
pre2013_13963,2012,1445,0,beautiful
pre2013_65475,2012,1245,0,beautiful
4940811343,2015,2975,2,beautiful
4819367146,2015,1950,2,beautiful
3610488758,2013,2945,2,beautiful
pre2013_140204,2005,1650,2,beautiful
pre2013_19441,2012,2555,1,beautiful
pre2013_148289,2006,3100,3,beautiful
4600207582,2014,3890,2,beautiful
pre2013_19527,2012,2206,1,beautiful
pre2013_1595,2006,2295,3,beautiful
pre2013_40118,2011,1595,1,beautiful
pre2013_154246,2007,925,1,beautiful
pre2013_31983,2011,3500,3,beautiful
pre2013_130242,2004,895,1,beautiful
4321385383,2014,3600,2,beautiful
pre2013_109547,2004,950,1,beautiful
pre2013_19252,2012,1599,1,beautiful
pre2013_26847,2007,3350,2,beautiful
4259954907,2013,3120,2,beautiful
pre2013_110067,2004,1200,2,beautiful
pre2013_79343,2008,1950,3,beautiful
pre2013_60653,2012,3095,2,beautiful
pre2013_15689,2012,3550,NA,beautiful
pre2013_103866,2004,1500,2,beautiful
4924599812,2015,2700,2,beautiful
5971307610,2017,2600,1,beautiful
pre2013_51386,2012,4800,4,beautiful
pre2013_135293,2005,1598,2,beautiful
5286098212,2015,4850,3,beautiful
pre2013_1308,2006,1975,2,beautiful
4848893854,2015,2556,1,beautiful
pre2013_71623,2012,2795,2,beautiful
pre2013_85760,2003,1695,2,beautiful
pre2013_103401,2004,2050,2,beautiful
pre2013_117571,2004,3895,4,beautiful
pre2013_117741,2004,2200,2,beautiful
pre2013_103606,2004,2000,2,beautiful
pre2013_118052,2004,2000,2,beautiful
pre2013_104028,2004,1900,2,beautiful
pre2013_103999,2004,2850,3,beautiful
pre2013_104398,2004,1500,2,beautiful
pre2013_104510,2004,3375,4,beautiful
pre2013_110806,2004,1650,2,beautiful
pre2013_130091,2004,1650,2,beautiful
pre2013_104684,2004,1600,1,beautiful
pre2013_119069,2004,3375,4,beautiful
pre2013_130352,2004,2375,2,beautiful
pre2013_105195,2004,815,2,beautiful
pre2013_119597,2004,815,2,beautiful
pre2013_105209,2004,1850,1,beautiful
pre2013_105582,2004,2650,3,beautiful
pre2013_105645,2004,3000,4,beautiful
pre2013_530,2006,1725,1,beautiful
pre2013_33450,2011,1950,1,beautiful
pre2013_34788,2011,4300,4,beautiful
pre2013_150690,2006,1630,1,beautiful
pre2013_121465,2004,3000,4,beautiful
pre2013_57857,2012,2350,2,beautiful
pre2013_79624,2006,1490,1,beautiful
4977578111,2015,3132,2,beautiful
pre2013_141042,2005,1500,1,beautiful
pre2013_124739,2004,3000,3,beautiful
pre2013_110431,2004,2400,3,beautiful
pre2013_129589,2004,2400,3,beautiful
pre2013_126658,2004,1800,2,beautiful
pre2013_109543,2004,2400,2,beautiful
pre2013_148905,2006,1800,1,beautiful
pre2013_77620,2009,1625,1,beautiful
pre2013_77613,2009,2000,2,beautiful
pre2013_50683,2012,2000,1,beautiful
pre2013_6045,2009,3750,4,beautiful
pre2013_51021,2012,3850,3,beautiful
pre2013_110219,2004,2200,2,beautiful
pre2013_150516,2006,1575,1,beautiful
4236327951,2013,3200,1,beautiful
pre2013_158509,2006,1725,1,beautiful
pre2013_48221,2012,1795,1,beautiful
pre2013_150274,2006,1725,1,beautiful
pre2013_111694,2004,2100,3,beautiful
5088685794,2015,3401,2,beautiful
pre2013_112188,2004,2050,3,beautiful
pre2013_159300,2006,3850,4,beautiful
pre2013_134393,2005,1211,1,beautiful
pre2013_1270,2006,2700,3,beautiful
pre2013_23531,2012,1900,1,beautiful
pre2013_135291,2005,1800,1,beautiful
pre2013_52900,2012,2037,1,beautiful
pre2013_61040,2012,2020,1,beautiful
pre2013_39263,2011,2064,2,beautiful
pre2013_69209,2012,4500,4,beautiful
pre2013_42982,2011,2600,2,beautiful
6584906385,2018,4600,3,beautiful
5171176548,2015,3219,2,beautiful
pre2013_26849,2007,2400,3,beautiful
pre2013_15818,2012,1992,1,beautiful
pre2013_66332,2012,1803,1,beautiful
pre2013_148258,2006,5500,5,beautiful
pre2013_148795,2006,2250,2,beautiful
4966814510,2015,3142,2,beautiful
pre2013_69744,2012,4500,4,beautiful
pre2013_72534,2012,4350,3,beautiful
pre2013_32403,2011,1950,1,beautiful
pre2013_77687,2009,3375,3,beautiful
pre2013_149107,2006,3400,3,beautiful
pre2013_38192,2011,2000,2,beautiful
pre2013_56297,2012,1938,1,beautiful
4766304014,2014,3244,2,beautiful
4966889615,2015,2327,1,beautiful
5403554076,2016,6800,4,beautiful
pre2013_24964,2006,1380,1,beautiful
4834486357,2015,3400,2,beautiful
pre2013_63027,2012,2489,2,beautiful
4855488984,2015,3900,3,beautiful
4623119275,2014,2577,2,beautiful
5065934909,2015,3200,2,beautiful
pre2013_55936,2012,2750,2,beautiful
pre2013_68226,2012,1995,1,beautiful
pre2013_65917,2012,2150,1,beautiful
pre2013_151483,2006,850,0,beautiful
pre2013_53462,2012,1400,3,beautiful
5754180635,2016,2600,3,beautiful
pre2013_120448,2004,1600,2,beautiful
pre2013_138395,2005,1400,2,beautiful
pre2013_811,2006,800,1,beautiful
pre2013_13473,2012,900,1,beautiful
pre2013_51948,2012,895,1,beautiful
5985905349,2017,2650,4,beautiful
pre2013_290,2006,800,0,beautiful
pre2013_128282,2004,1125,2,beautiful
pre2013_40868,2011,1300,3,beautiful
4977680168,2015,1500,3,beautiful
pre2013_35614,2011,1450,3,beautiful
pre2013_118193,2004,1600,2,beautiful
pre2013_69140,2012,1300,2,beautiful
5481591776,2016,1650,1,beautiful
6565269503,2018,1950,1,beautiful
pre2013_31053,2011,795,1,beautiful
pre2013_129071,2004,1125,2,beautiful
pre2013_26103,2007,2350,3,beautiful
pre2013_62572,2012,1100,1,beautiful
5481538431,2016,3250,4,beautiful
pre2013_4014,2008,1550,2,beautiful
pre2013_152294,2006,900,2,beautiful
5509276581,2016,3300,3,beautiful
pre2013_8343,2011,2000,3,beautiful
5060348322,2015,2800,2,beautiful
pre2013_120844,2004,1650,3,beautiful
pre2013_133284,2005,900,1,beautiful
pre2013_21710,2012,1750,4,beautiful
4645389683,2014,2275,3,beautiful
pre2013_46730,2011,1650,3,beautiful
pre2013_63760,2012,1290,3,beautiful
pre2013_26562,2007,1750,2,beautiful
pre2013_29523,2011,650,1,beautiful
4634187723,2014,2100,3,beautiful
pre2013_53831,2012,1395,2,beautiful
4935260977,2015,2650,3,beautiful
pre2013_28337,2008,1875,2,beautiful
pre2013_156110,2006,1500,2,beautiful
pre2013_9832,2011,1225,1,beautiful
pre2013_78038,2008,1550,3,beautiful
pre2013_152849,2006,1300,2,beautiful
pre2013_77318,2010,695,1,beautiful
4879184426,2015,1364,1,beautiful
5796482967,2016,1875,2,beautiful
pre2013_27999,2008,1850,3,beautiful
3527518169,2013,1680,4,beautiful
pre2013_65864,2012,835,1,beautiful
5639370350,2016,1200,1,beautiful
pre2013_13133,2012,1300,3,beautiful
4627870787,2014,2500,4,beautiful
pre2013_8305,2010,1299,3,beautiful
pre2013_13613,2012,1650,2,beautiful
6558774107,2018,2500,2,beautiful
6473431518,2018,1495,0,beautiful
pre2013_60928,2012,1395,3,beautiful
pre2013_23491,2012,1000,3,beautiful
pre2013_149850,2006,2900,2,beautiful
pre2013_34447,2011,990,1,beautiful
5830596156,2016,1739,2,beautiful
5470780100,2016,2300,3,beautiful
pre2013_70255,2012,1175,1,beautiful
pre2013_68872,2012,1855,3,beautiful
pre2013_19118,2012,1600,3,beautiful
pre2013_55078,2012,1525,1,beautiful
4924674396,2015,5400,4,beautiful
4247497075,2013,950,3,beautiful
pre2013_34915,2011,1150,2,beautiful
4924592471,2015,1400,1,beautiful
4924390635,2015,2005,2,beautiful
5729757845,2016,1589,1,beautiful
pre2013_82326,2006,1450,2,beautiful
pre2013_63495,2012,1250,2,beautiful
pre2013_1111,2006,1195,2,beautiful
5819551140,2016,2010,1,beautiful
pre2013_34853,2011,1450,1,beautiful
pre2013_60290,2012,1795,3,beautiful
5482909914,2016,1699,2,beautiful
pre2013_4206,2008,1195,2,beautiful
pre2013_32569,2011,1400,2,beautiful
4966943950,2015,2700,4,beautiful
5763328385,2016,2975,3,beautiful
pre2013_64722,2012,1170,1,beautiful
5752283216,2016,1825,1,beautiful
pre2013_63481,2012,795,0,beautiful
pre2013_65113,2012,1525,2,beautiful
5752396801,2016,3400,4,beautiful
pre2013_8866,2011,1900,3,beautiful
pre2013_61944,2012,1043,1,beautiful
pre2013_60338,2012,1075,1,beautiful
pre2013_155237,2007,2600,3,beautiful
pre2013_37463,2011,1025,1,beautiful
5072903306,2015,2780,3,beautiful
pre2013_69768,2012,1060,2,beautiful
5946101844,2017,2695,4,beautiful
pre2013_50184,2012,1195,2,beautiful
4939584359,2015,2010,2,beautiful
pre2013_39770,2011,1375,2,beautiful
pre2013_61532,2012,1800,2,beautiful
4977578717,2015,1600,2,beautiful
pre2013_156338,2006,1300,2,beautiful
5742057726,2016,1973,2,beautiful
4865888311,2015,1895,2,beautiful
pre2013_42309,2011,1295,1,beautiful
pre2013_48543,2012,1018,2,beautiful
pre2013_48269,2012,1105,1,beautiful
pre2013_47302,2011,1250,2,beautiful
pre2013_39360,2011,1105,1,beautiful
pre2013_39321,2011,1950,3,beautiful
5774583972,2016,2975,3,beautiful
pre2013_163143,2006,2000,4,beautiful
5313134745,2015,1800,2,beautiful
pre2013_44277,2011,1280,1,beautiful
5043357583,2015,2650,4,beautiful
pre2013_49460,2012,1075,1,beautiful
pre2013_71702,2012,1300,1,beautiful
5302432986,2015,1494,1,beautiful
pre2013_64693,2012,1250,2,beautiful
pre2013_39359,2011,1520,1,beautiful
pre2013_38264,2011,1580,3,beautiful
4644918784,2014,1614,2,beautiful
pre2013_9361,2011,875,1,beautiful
pre2013_9367,2011,835,1,beautiful
pre2013_55714,2012,1425,1,beautiful
pre2013_55080,2012,1170,1,beautiful
pre2013_162496,2006,995,2,beautiful
pre2013_64719,2012,1460,1,beautiful
pre2013_58641,2012,1039,1,beautiful
pre2013_71204,2012,1170,1,beautiful
5829154182,2016,2325,2,beautiful
5626399086,2016,1941,2,beautiful
pre2013_54330,2012,1175,2,beautiful
pre2013_164630,2006,2000,4,beautiful
pre2013_40135,2011,1125,2,beautiful
pre2013_30992,2011,795,1,beautiful
pre2013_32495,2011,1580,3,beautiful
pre2013_53593,2012,825,1,beautiful
5043449454,2015,1000,0,beautiful
pre2013_10848,2012,1995,4,beautiful
pre2013_60340,2012,1280,1,beautiful
pre2013_53987,2012,1239,2,beautiful
5419226197,2016,1925,2,beautiful
pre2013_132399,2004,1150,2,beautiful
pre2013_43908,2011,1040,2,beautiful
pre2013_32074,2011,1150,2,beautiful
pre2013_49187,2012,1580,3,beautiful
pre2013_5216,2008,875,1,beautiful
pre2013_23270,2012,945,1,beautiful
pre2013_27639,2007,1050,2,beautiful
5637858744,2016,2600,3,beautiful
pre2013_31499,2011,1300,2,beautiful
pre2013_64274,2012,1250,2,beautiful
pre2013_23092,2012,1282,2,beautiful
pre2013_45398,2011,1520,1,beautiful
5713929039,2016,3200,5,beautiful
pre2013_9078,2011,1099,1,beautiful
pre2013_162399,2006,1600,4,beautiful
pre2013_46884,2011,929,1,beautiful
5418975382,2016,2199,2,beautiful
pre2013_77076,2010,825,1,beautiful
pre2013_38913,2011,1550,3,beautiful
5819223858,2016,2800,4,beautiful
pre2013_164070,2006,975,1,beautiful
pre2013_29627,2011,1100,2,beautiful
pre2013_97064,2004,1295,0,beautiful
pre2013_116459,2001,3600,NA,beautiful
pre2013_116592,2001,3550,NA,beautiful
pre2013_84576,2003,1625,1,beautiful
pre2013_84634,2003,1495,1,beautiful
pre2013_88172,2004,2200,1,beautiful
pre2013_118206,2004,2650,2,beautiful
pre2013_100153,2004,2600,1,beautiful
pre2013_89280,2004,2450,2,beautiful
pre2013_118660,2004,2450,2,beautiful
4325334840,2014,2150,0,beautiful
pre2013_29789,2011,3500,1,beautiful
pre2013_89773,2004,1675,1,beautiful
pre2013_147084,2006,1600,0,beautiful
pre2013_101160,2004,2600,2,beautiful
pre2013_90093,2004,2000,2,beautiful
4645125310,2014,3295,1,beautiful
pre2013_102398,2004,2250,2,beautiful
pre2013_102781,2004,1550,2,beautiful
pre2013_132825,2004,2100,1,beautiful
pre2013_103379,2004,1495,1,beautiful
pre2013_103340,2004,2900,2,beautiful
pre2013_91840,2004,3650,4,beautiful
pre2013_37965,2011,4000,3,beautiful
pre2013_92734,2004,2900,2,beautiful
pre2013_93124,2004,3499,4,beautiful
pre2013_93200,2004,2195,2,beautiful
pre2013_60027,2012,3595,2,beautiful
pre2013_43165,2011,2950,NA,beautiful
pre2013_94266,2004,2600,1,beautiful
pre2013_124087,2004,1200,0,beautiful
pre2013_95120,2004,1250,NA,beautiful
pre2013_95436,2004,1600,1,beautiful
pre2013_125124,2004,1875,1,beautiful
pre2013_144878,2005,3700,2,beautiful
pre2013_46945,2011,4400,2,beautiful
pre2013_95808,2004,2495,2,beautiful
pre2013_96017,2004,2495,2,beautiful
pre2013_96142,2004,2000,2,beautiful
pre2013_96315,2004,2495,2,beautiful
pre2013_125761,2004,2495,2,beautiful
pre2013_4313,2008,2800,1,beautiful
pre2013_96605,2004,1275,0,beautiful
pre2013_96919,2004,1575,1,beautiful
pre2013_96824,2004,1750,1,beautiful
pre2013_96933,2004,3200,1,beautiful
pre2013_97245,2004,2250,2,beautiful
4645035190,2014,4795,1,beautiful
pre2013_77377,2009,1995,1,beautiful
pre2013_15062,2012,3000,1,beautiful
pre2013_98570,2004,3000,2,beautiful
pre2013_157471,2006,2600,2,beautiful
pre2013_29388,2011,5000,2,beautiful
pre2013_51770,2012,3000,4,beautiful
pre2013_8414,2011,7500,3,beautiful
pre2013_146667,2006,2700,2,beautiful
pre2013_146668,2006,3000,1,beautiful
pre2013_99817,2004,2200,1,beautiful
pre2013_129531,2004,2200,1,beautiful
pre2013_146841,2006,2750,1,beautiful
5537991907,2016,5000,2,beautiful
pre2013_100803,2004,850,2,beautiful
pre2013_100800,2004,1650,1,beautiful
pre2013_100830,2004,2600,2,beautiful
pre2013_130526,2004,2600,2,beautiful
pre2013_101351,2004,2295,2,beautiful
pre2013_147391,2006,3800,2,beautiful
pre2013_101726,2004,2200,1,beautiful
pre2013_101964,2004,3200,2,beautiful
pre2013_102043,2004,2100,1,beautiful
pre2013_140286,2005,1400,1,beautiful
pre2013_32118,2011,4995,1,beautiful
pre2013_2091,2006,3500,3,beautiful
pre2013_102998,2004,2450,3,beautiful
pre2013_103073,2004,2700,2,beautiful
pre2013_143162,2005,1695,1,beautiful
pre2013_84046,2006,3500,2,beautiful
pre2013_3729,2008,4300,1,beautiful
6296997572,2017,3199,1,beautiful
pre2013_153862,2007,4500,2,beautiful
pre2013_138727,2005,1350,1,beautiful
5418946087,2016,2995,1,beautiful
pre2013_139179,2005,1550,1,beautiful
pre2013_139186,2005,1650,1,beautiful
5077436911,2015,3000,1,beautiful
pre2013_143228,2005,1650,1,beautiful
pre2013_66504,2012,2395,1,beautiful
pre2013_24059,2012,4895,3,beautiful
pre2013_29396,2011,1899,0,beautiful
pre2013_29356,2011,4600,2,beautiful
pre2013_147023,2006,4200,3,beautiful
pre2013_157836,2006,3500,2,beautiful
pre2013_39054,2011,3350,1,beautiful
pre2013_153621,2007,1995,0,beautiful
pre2013_28395,2008,2750,1,beautiful
pre2013_59590,2012,2895,1,beautiful
pre2013_28848,2006,1695,1,beautiful
pre2013_79049,2008,2095,1,beautiful
pre2013_54410,2012,4000,1,beautiful
6623586392,2018,6095,2,beautiful
pre2013_147064,2006,1595,1,beautiful
4250527873,2013,2890,1,beautiful
4252903230,2013,10950,3,beautiful
pre2013_146864,2006,2500,2,beautiful
4263719828,2014,6495,2,beautiful
pre2013_45477,2011,2199,0,beautiful
pre2013_11636,2011,2700,2,beautiful
5723358697,2016,4995,2,beautiful
6569622421,2018,5600,2,beautiful
5536749239,2016,4495,1,beautiful
3555047776,2013,3200,2,beautiful
4247570708,2013,5200,2,beautiful
6331610401,2017,7595,4,beautiful
5519778313,2016,2995,1,beautiful
5729755953,2016,4395,1,beautiful
5413911641,2016,4900,3,beautiful
5439960929,2016,1999,0,beautiful
5302403584,2015,4200,2,beautiful
pre2013_33980,2011,1350,NA,beautiful
pre2013_30988,2011,850,0,beautiful
pre2013_25156,2007,1000,2,beautiful
pre2013_34867,2011,1750,3,beautiful
pre2013_72677,2012,1000,2,beautiful
pre2013_62713,2012,900,2,beautiful
pre2013_164850,2006,1300,1,beautiful
pre2013_42699,2011,1650,3,beautiful
pre2013_87289,2003,1200,2,beautiful
pre2013_135395,2005,1300,2,beautiful
pre2013_155227,2007,775,0,beautiful
4666889643,2014,1150,1,beautiful
pre2013_116774,2001,1350,2,beautiful
4677925998,2014,1695,2,beautiful
pre2013_13102,2012,1595,2,beautiful
5429132908,2016,1950,3,beautiful
pre2013_67884,2012,1380,2,beautiful
pre2013_68275,2012,2995,2,beautiful
pre2013_87247,2003,4100,4,beautiful
6447113121,2018,2950,3,beautiful
4634131185,2014,6000,3,beautiful
pre2013_163233,2006,1100,1,beautiful
pre2013_163027,2006,1450,2,beautiful
pre2013_21753,2012,1999,1,beautiful
pre2013_83993,2006,2195,NA,beautiful
4855357073,2015,2195,1,beautiful
pre2013_125467,2004,2195,2,beautiful
4268074535,2014,4300,3,beautiful
pre2013_119260,2004,1700,1,beautiful
pre2013_84368,2006,4500,5,beautiful
5763446358,2016,2950,2,beautiful
pre2013_144367,2005,2650,2,beautiful
pre2013_67428,2012,2350,2,beautiful
pre2013_27710,2007,1100,1,beautiful
pre2013_164473,2006,2400,3,beautiful
pre2013_155236,2007,1600,2,beautiful
pre2013_11798,2011,1899,1,beautiful
pre2013_5232,2008,2325,2,beautiful
5763403316,2016,2625,2,beautiful
5771119808,2016,2950,2,beautiful
5375324018,2016,3300,3,beautiful
5436775728,2016,1785,0,beautiful
pre2013_43502,2011,4200,4,beautiful
4924536349,2015,1500,0,beautiful
pre2013_80821,2007,3100,3,beautiful
5171159600,2015,4000,3,beautiful
pre2013_111818,2004,2200,3,beautiful
pre2013_105353,2004,875,1,beautiful
pre2013_109631,2004,1195,2,beautiful
pre2013_65919,2012,2600,NA,beautiful
pre2013_142624,2005,1150,2,beautiful
pre2013_133549,2005,1500,2,beautiful
pre2013_78835,2008,1500,1,beautiful
pre2013_107214,2004,2600,4,beautiful
pre2013_35253,2011,1871,1,beautiful
pre2013_135170,2005,1000,1,beautiful
pre2013_12863,2012,2100,3,beautiful
pre2013_149532,2006,1095,1,beautiful
pre2013_140033,2005,550,4,beautiful
pre2013_142744,2005,800,0,beautiful
pre2013_150426,2006,2400,3,beautiful
pre2013_56253,2012,2900,3,beautiful
6544099015,2018,3000,2,beautiful
pre2013_149394,2006,2595,3,beautiful
pre2013_33877,2011,4000,4,beautiful
pre2013_60209,2012,2800,3,beautiful
4677897909,2014,3074,1,beautiful
pre2013_149165,2006,1095,1,beautiful
6350412753,2017,2448,1,beautiful
4648137303,2014,2600,2,beautiful
pre2013_110033,2004,1025,1,beautiful
pre2013_44598,2011,1500,2,beautiful
4865927412,2015,3089,2,beautiful
pre2013_148993,2006,1095,1,beautiful
pre2013_103985,2004,950,0,beautiful
pre2013_78057,2008,1425,1,beautiful
4865931967,2015,2308,1,beautiful
pre2013_111475,2004,1120,1,beautiful
pre2013_78096,2008,3100,4,beautiful
pre2013_63417,2012,2650,2,beautiful
pre2013_81681,2007,1600,2,beautiful
pre2013_65449,2012,2700,2,beautiful
4137859201,2013,3300,3,beautiful
pre2013_36127,2011,3800,4,beautiful
4623170627,2014,1200,3,beautiful
pre2013_148804,2006,1095,1,beautiful
pre2013_80058,2007,2650,4,beautiful
6459947148,2018,2400,1,beautiful
pre2013_104444,2004,2600,4,beautiful
pre2013_103840,2004,1195,1,beautiful
6424414051,2017,2155,1,beautiful
pre2013_1361,2006,1250,1,beautiful
pre2013_105655,2004,3250,5,beautiful
pre2013_27290,2007,2695,2,beautiful
4600357762,2014,1995,1,beautiful
pre2013_103828,2004,2600,4,beautiful
pre2013_111729,2004,1650,3,beautiful
4945948091,2015,3242,2,beautiful
pre2013_107601,2004,2200,3,beautiful
pre2013_149201,2006,1000,1,beautiful
pre2013_46477,2011,2980,4,beautiful
pre2013_149197,2006,920,0,beautiful
pre2013_81350,2007,2950,3,beautiful
pre2013_38262,2011,925,1,beautiful
pre2013_44966,2011,2350,3,beautiful
pre2013_90145,2004,2100,3,beautiful
pre2013_155909,2006,995,1,beautiful
pre2013_42353,2011,1150,NA,beautiful
pre2013_128534,2004,3800,NA,beautiful
4261499355,2013,2493,1,beautiful
pre2013_161037,2006,1530,2,beautiful
4634178332,2014,3000,2,beautiful
4666921121,2014,2138,1,beautiful
4611620843,2014,3246,2,beautiful
pre2013_65057,2012,2100,2,beautiful
pre2013_106969,2004,1795,2,beautiful
pre2013_56057,2012,800,1,beautiful
pre2013_55241,2012,2900,3,beautiful
pre2013_149515,2006,3100,4,beautiful
pre2013_32416,2011,2200,2,beautiful
pre2013_90076,2004,2750,2,beautiful
pre2013_69244,2012,1698,1,beautiful
pre2013_138893,2005,975,1,beautiful
pre2013_58562,2012,4375,7,beautiful
pre2013_149526,2006,1635,2,beautiful
4641560953,2014,3500,3,beautiful
pre2013_80700,2007,3100,2,beautiful
pre2013_91992,2004,1200,1,beautiful
pre2013_21693,2012,729,3,beautiful
pre2013_161175,2006,1390,1,beautiful
pre2013_153428,2007,1205,2,beautiful
pre2013_91329,2004,2100,3,beautiful
5829387227,2016,1500,1,beautiful
pre2013_112286,2004,1650,2,beautiful
pre2013_112274,2004,1700,2,beautiful
pre2013_107947,2004,700,NA,beautiful
pre2013_121024,2004,2100,3,beautiful
pre2013_36509,2011,2400,NA,beautiful
pre2013_106619,2004,1650,2,beautiful
pre2013_100986,2004,900,1,beautiful
pre2013_39292,2011,2100,2,beautiful
pre2013_146381,2006,2700,2,beautiful
pre2013_106612,2004,1250,2,beautiful
pre2013_159670,2007,1050,2,beautiful
pre2013_32112,2011,2375,3,beautiful
6436262387,2018,3300,2,beautiful
pre2013_69723,2012,1698,1,beautiful
pre2013_134187,2005,2900,4,beautiful
pre2013_55260,2012,2150,2,beautiful
pre2013_61853,2012,4325,7,beautiful
5054656035,2015,1250,2,beautiful
pre2013_132088,2004,2850,3,beautiful
pre2013_64598,2012,2300,3,beautiful
pre2013_36934,2011,2315,3,beautiful
pre2013_85741,2003,2850,3,beautiful
5077228782,2015,2692,1,beautiful
5269269156,2015,2773,2,beautiful
pre2013_90390,2004,1200,1,beautiful
3870672120,2013,1925,2,beautiful
pre2013_111670,2004,1750,2,beautiful
5269282440,2015,3750,1,beautiful
pre2013_53039,2012,2375,3,beautiful
pre2013_42594,2011,3000,3,beautiful
pre2013_108886,2004,2100,3,beautiful
pre2013_91988,2004,2100,3,beautiful
pre2013_30186,2011,715,3,beautiful
pre2013_131629,2004,1750,2,beautiful
pre2013_105711,2004,2200,3,beautiful
pre2013_89675,2004,2100,3,beautiful
pre2013_134124,2005,950,1,beautiful
pre2013_129413,2004,1950,2,beautiful
pre2013_131242,2004,2050,2,beautiful
pre2013_99667,2004,1950,2,beautiful
pre2013_85782,2003,1600,2,beautiful
pre2013_130712,2004,1350,1,beautiful
pre2013_101515,2004,2050,2,beautiful
pre2013_138577,2005,1200,1,beautiful
4766279389,2014,2566,2,beautiful
pre2013_145631,2006,1625,2,beautiful
pre2013_8455,2011,1020,NA,beautiful
pre2013_108467,2004,625,1,beautiful
pre2013_146139,2006,1800,NA,beautiful
pre2013_153525,2007,1205,2,beautiful
pre2013_138132,2005,1500,2,beautiful
pre2013_108907,2004,2250,3,beautiful
pre2013_132446,2004,2100,2,beautiful
6505610367,2018,2295,1,beautiful
pre2013_21023,2012,4375,7,beautiful
pre2013_83393,2006,1850,2,beautiful
pre2013_116996,2001,3000,3,beautiful
pre2013_37352,2011,2000,2,beautiful
pre2013_106526,2004,2200,3,beautiful
pre2013_150692,2006,2900,4,beautiful
pre2013_88861,2004,2100,3,beautiful
pre2013_70215,2012,1688,1,beautiful
pre2013_12511,2011,2700,4,beautiful
pre2013_89513,2004,2999,2,beautiful
pre2013_105474,2004,1875,3,beautiful
pre2013_145286,2006,1200,4,beautiful
pre2013_110689,2004,2200,3,beautiful
3544538761,2013,250,2,beautiful
pre2013_23027,2012,2150,2,beautiful
pre2013_111052,2004,2200,3,beautiful
pre2013_119995,2004,1200,1,beautiful
pre2013_108594,2004,700,3,beautiful
pre2013_70219,2012,1698,1,beautiful
pre2013_116718,2001,1600,1,beautiful
pre2013_91805,2004,2100,3,beautiful
pre2013_146789,2006,1200,1,beautiful
pre2013_92120,2004,2000,3,beautiful
pre2013_103892,2004,2000,3,beautiful
pre2013_111289,2004,1900,3,beautiful
pre2013_106150,2004,2400,4,beautiful
pre2013_125926,2004,1800,2,beautiful
pre2013_90242,2004,2100,3,beautiful
pre2013_77138,2010,2375,3,beautiful
5757066408,2016,1650,0,beautiful
pre2013_121744,2004,2000,3,beautiful
pre2013_39660,2011,2000,2,beautiful
pre2013_143295,2005,2100,3,beautiful
pre2013_57896,2012,2800,3,beautiful
4924537212,2015,2703,2,beautiful
pre2013_33392,2011,3000,3,beautiful
pre2013_97446,2004,1895,2,beautiful
6522680360,2018,4600,3,beautiful
pre2013_70661,2012,680,1,beautiful
pre2013_106578,2004,1750,3,beautiful
4600303945,2014,2505,1,beautiful
pre2013_146728,2006,3950,2,beautiful
pre2013_44569,2011,2650,2,beautiful
pre2013_44592,2011,2900,3,beautiful
pre2013_65065,2012,4325,7,beautiful
pre2013_70351,2012,1375,1,beautiful
pre2013_72080,2012,2800,3,beautiful
pre2013_160080,2007,2200,2,beautiful
pre2013_154037,2007,2195,NA,beautiful
3812455194,2013,1500,3,beautiful
5602497006,2016,4600,5,beautiful
pre2013_22531,2012,2200,3,beautiful
5276620080,2015,2450,2,beautiful
5626565542,2016,4350,3,beautiful
5068433495,2015,3000,2,beautiful
pre2013_64373,2012,700,3,beautiful
5469444309,2016,3150,3,beautiful
5280382747,2015,3500,3,beautiful
4270131521,2014,1600,3,beautiful
5807512222,2016,1500,NA,beautiful
pre2013_18233,2012,2450,4,beautiful
5418924158,2016,2700,2,beautiful
pre2013_49280,2012,2950,4,beautiful
5280307944,2015,3000,3,beautiful
5445573473,2016,2600,2,beautiful
pre2013_82913,2006,2100,3,beautiful
pre2013_117234,2002,1600,2,beautiful
pre2013_86068,2003,2295,0,beautiful
5419548029,2016,4995,5,beautiful
pre2013_86172,2003,1650,2,beautiful
pre2013_49937,2012,3280,2,beautiful
pre2013_113060,2004,1500,2,beautiful
pre2013_113104,2004,1795,3,beautiful
pre2013_113132,2004,1200,2,beautiful
pre2013_113685,2004,1450,2,beautiful
pre2013_113802,2004,1450,2,beautiful
pre2013_136876,2005,1500,2,beautiful
pre2013_119373,2004,1905,3,beautiful
pre2013_114161,2004,1350,2,beautiful
pre2013_114742,2004,1550,2,beautiful
pre2013_1763,2006,1900,2,beautiful
pre2013_2124,2006,1950,3,beautiful
pre2013_55145,2012,3120,2,beautiful
pre2013_115173,2004,750,NA,beautiful
pre2013_159319,2006,1135,1,beautiful
pre2013_115622,2004,1550,2,beautiful
pre2013_135982,2005,1650,2,beautiful
pre2013_115923,2004,1395,2,beautiful
pre2013_2841,2006,1995,3,beautiful
pre2013_138181,2005,1500,2,beautiful
pre2013_139637,2005,2400,4,beautiful
pre2013_139768,2005,1450,2,beautiful
pre2013_141571,2005,2285,3,beautiful
pre2013_45515,2011,1200,1,beautiful
pre2013_124977,2004,665,NA,beautiful
pre2013_161199,2006,1525,1,beautiful
pre2013_161197,2006,1530,1,beautiful
pre2013_125155,2004,1550,1,beautiful
pre2013_160309,2006,900,1,beautiful
pre2013_126717,2004,1675,2,beautiful
5419484975,2016,2175,1,beautiful
5429309669,2016,2500,2,beautiful
pre2013_71867,2012,2700,4,beautiful
pre2013_14780,2012,1500,4,beautiful
5439490922,2016,2609,1,beautiful
pre2013_76784,2010,1875,3,beautiful
5481532561,2016,2000,0,beautiful
pre2013_16070,2012,2135,3,beautiful
pre2013_161369,2006,1525,1,beautiful
pre2013_161367,2006,1530,1,beautiful
pre2013_9099,2011,1350,2,beautiful
pre2013_57447,2012,2599,3,beautiful
pre2013_34135,2011,3500,3,beautiful
pre2013_41159,2011,2650,3,beautiful
pre2013_131397,2004,1950,3,beautiful
pre2013_10838,2011,3300,3,beautiful
pre2013_141509,2005,2100,3,beautiful
pre2013_50882,2012,2450,4,beautiful
pre2013_63666,2012,2350,3,beautiful
pre2013_35087,2011,3200,6,beautiful
pre2013_28997,2011,2095,2,beautiful
pre2013_135154,2005,1395,1,beautiful
pre2013_47464,2012,2550,3,beautiful
pre2013_37669,2011,3200,3,beautiful
pre2013_5185,2008,1900,2,beautiful
5858957914,2016,2200,3,beautiful
pre2013_38045,2011,2255,3,beautiful
pre2013_136785,2005,1650,2,beautiful
6341138207,2017,2836,2,beautiful
pre2013_137784,2005,1500,2,beautiful
5418983623,2016,2599,NA,beautiful
4637035151,2014,1890,0,beautiful
pre2013_79115,2008,2159,2,beautiful
pre2013_14765,2012,1300,1,beautiful
pre2013_43218,2011,2400,3,beautiful
pre2013_26728,2007,1475,2,beautiful
5291401730,2015,3075,2,beautiful
pre2013_12945,2012,2100,2,beautiful
5382667222,2016,2590,1,beautiful
5504085440,2016,1450,1,beautiful
pre2013_8791,2011,2100,1,beautiful
5506786838,2016,2495,2,beautiful
pre2013_15781,2012,3500,2,beautiful
pre2013_21294,2012,2040,2,beautiful
5382661906,2016,2995,2,beautiful
pre2013_54823,2012,2349,2,beautiful
pre2013_160355,2006,1500,2,beautiful
pre2013_8700,2011,3295,2,beautiful
pre2013_59670,2012,1495,2,beautiful
5470751242,2016,2873,2,beautiful
3878917941,2013,1540,1,beautiful
5473040223,2016,2650,2,beautiful
5389393584,2016,2600,2,beautiful
pre2013_77483,2009,2195,1,beautiful
3562866925,2013,1440,1,beautiful
pre2013_50859,2012,1100,1,beautiful
pre2013_6819,2009,1125,1,beautiful
5626500042,2016,2995,3,beautiful
pre2013_16158,2012,1350,2,beautiful
pre2013_160146,2010,1680,3,beautiful
pre2013_21236,2012,1400,1,beautiful
4250622289,2013,2370,2,beautiful
pre2013_23618,2012,1200,1,beautiful
4956726566,2015,2150,1,beautiful
5756699836,2016,2495,1,beautiful
4614999420,2014,2275,2,beautiful
5536608169,2016,2450,2,beautiful
5533220308,2016,1950,1,beautiful
pre2013_13022,2012,1395,1,beautiful
pre2013_50870,2012,1395,1,beautiful
5780284562,2016,2395,1,beautiful
pre2013_60044,2012,2000,3,beautiful
pre2013_5376,2007,2300,3,beautiful
pre2013_27016,2007,2350,2,beautiful
5750230344,2016,2495,1,beautiful
pre2013_78298,2008,9500,NA,beautiful
pre2013_65699,2012,1250,1,beautiful
5435324819,2016,3400,3,beautiful
pre2013_69017,2012,1226,1,beautiful
3766319115,2013,2200,2,beautiful
pre2013_69543,2012,6985,2,beautiful
5410744216,2016,2270,0,beautiful
pre2013_7590,2010,1400,4,beautiful
5751907428,2016,2495,1,beautiful
pre2013_12488,2011,2100,2,beautiful
4956754565,2015,2400,1,beautiful
4956754565,2015,2400,1,beautiful
5829417315,2016,1500,NA,beautiful
5587600899,2016,4433,2,beautiful
pre2013_45921,2011,1962,2,beautiful
5771391231,2016,1795,1,beautiful
pre2013_52477,2012,974,1,beautiful
5403577826,2016,2850,2,beautiful
4258029041,2013,2250,2,beautiful
pre2013_154467,2007,1350,2,beautiful
5269346001,2015,3500,2,beautiful
5313265962,2015,1595,1,beautiful
5431112812,2016,4995,5,beautiful
5669154842,2016,1395,0,beautiful
5829399811,2016,1895,1,beautiful
5819735946,2016,1995,1,beautiful
5785480599,2016,1495,1,beautiful
5606351438,2016,1100,1,beautiful
pre2013_20808,2012,3600,2,beautiful
pre2013_9763,2011,2388,3,beautiful
pre2013_18348,2012,2050,2,beautiful
5385798622,2016,5150,5,beautiful
6359739765,2017,2495,2,beautiful
5313317795,2015,1200,0,beautiful
5525476822,2016,2850,2,beautiful
pre2013_13986,2012,1875,3,beautiful
pre2013_86454,2003,1800,3,beautiful
pre2013_113045,2004,2500,4,beautiful
pre2013_114243,2004,1375,2,beautiful
pre2013_120514,2004,1795,3,beautiful
pre2013_114937,2004,2375,4,beautiful
pre2013_33685,2011,2250,3,beautiful
pre2013_58033,2012,2550,4,beautiful
pre2013_122584,2004,1099,2,beautiful
pre2013_122561,2004,1495,3,beautiful
pre2013_138239,2005,950,1,beautiful
pre2013_40772,2011,4000,4,beautiful
pre2013_60439,2012,1825,2,beautiful
6480259281,2018,1400,0,beautiful
pre2013_44405,2011,3500,5,beautiful
pre2013_125083,2004,1100,2,beautiful
pre2013_4273,2008,1595,2,beautiful
pre2013_48091,2012,2275,4,beautiful
pre2013_156283,2006,2500,4,beautiful
pre2013_160235,2006,835,1,beautiful
pre2013_160236,2006,1059,2,beautiful
5407776262,2016,3249,3,beautiful
pre2013_28683,2008,2850,4,beautiful
pre2013_51201,2012,2100,3,beautiful
pre2013_52199,2012,1750,3,beautiful
pre2013_161717,2006,999,2,beautiful
pre2013_161723,2006,2250,4,beautiful
pre2013_18703,2012,2650,4,beautiful
5628014090,2016,3450,3,beautiful
pre2013_62123,2012,2160,4,beautiful
pre2013_55147,2012,2450,4,beautiful
5741288508,2016,1950,1,beautiful
pre2013_82832,2006,2500,3,beautiful
pre2013_38757,2011,2300,4,beautiful
pre2013_38779,2011,2700,4,beautiful
pre2013_136451,2005,926,1,beautiful
pre2013_136989,2005,2350,3,beautiful
pre2013_39474,2011,2750,4,beautiful
pre2013_59204,2012,2000,3,beautiful
pre2013_60452,2012,2490,4,beautiful
pre2013_25826,2007,1195,2,beautiful
pre2013_43223,2011,2095,3,beautiful
4218293358,2013,2650,4,beautiful
pre2013_43617,2011,2249,3,beautiful
pre2013_141694,2005,2000,4,beautiful
5302352974,2015,3850,4,beautiful
4051311241,2013,2695,3,beautiful
pre2013_8581,2011,3000,4,beautiful
pre2013_18252,2012,2450,4,beautiful
pre2013_161749,2006,2500,4,beautiful
4438837886,2014,2595,3,beautiful
4700173691,2014,1895,2,beautiful
pre2013_55852,2012,1850,3,beautiful
pre2013_34640,2011,2300,2,beautiful
pre2013_38004,2011,2850,3,beautiful
pre2013_54833,2012,1950,3,beautiful
pre2013_68020,2012,2000,3,beautiful
5587581648,2016,3100,1,beautiful
5606264628,2016,3200,NA,beautiful
5774684600,2016,2353,2,beautiful
4100762061,2013,1615,1,beautiful
3562524492,2013,1900,3,beautiful
4259897558,2013,1659,1,beautiful
4833685430,2015,3095,4,beautiful
pre2013_60847,2012,2490,4,beautiful
4257984391,2013,3595,4,beautiful
pre2013_39121,2011,1450,2,beautiful
pre2013_62888,2012,1400,1,beautiful
pre2013_12325,2011,3295,5,beautiful
pre2013_64473,2012,2490,4,beautiful
pre2013_19764,2012,2095,3,beautiful
5729744230,2016,2750,3,beautiful
pre2013_154517,2007,2500,4,beautiful
pre2013_58365,2012,2595,3,beautiful
5983000531,2017,3695,3,beautiful
pre2013_12489,2011,1800,3,beautiful
pre2013_34169,2011,3300,5,beautiful
3812304478,2013,1490,3,beautiful
3795614643,2013,2795,4,beautiful
pre2013_49540,2012,1935,1,beautiful
5407141751,2016,2850,2,beautiful
pre2013_157219,2006,1750,3,beautiful
pre2013_128079,2004,1195,1,beautiful
pre2013_160714,2006,2195,4,beautiful
pre2013_113279,2004,1400,2,beautiful
pre2013_113627,2004,1295,2,beautiful
pre2013_118774,2004,1295,2,beautiful
pre2013_132151,2004,1600,2,beautiful
5741052179,2016,2694,1,beautiful
pre2013_115054,2004,2195,4,beautiful
pre2013_999,2006,1600,2,beautiful
6331674917,2017,2455,0,beautiful
pre2013_137616,2005,1600,2,beautiful
pre2013_138605,2005,1850,3,beautiful
pre2013_40798,2011,2265,2,beautiful
5628006039,2016,3238,2,beautiful
pre2013_123202,2004,1650,2,beautiful
4656245993,2014,3100,3,beautiful
pre2013_142099,2005,1450,1,beautiful
pre2013_142327,2005,1295,2,beautiful
pre2013_160879,2006,1895,2,beautiful
pre2013_48116,2012,1616,1,beautiful
pre2013_4012,2008,1025,1,beautiful
pre2013_69528,2012,2336,2,beautiful
pre2013_69516,2012,2610,1,beautiful
pre2013_49534,2012,1654,0,beautiful
pre2013_49567,2012,2425,2,beautiful
4415518693,2014,1853,1,beautiful
pre2013_29414,2011,2200,4,beautiful
pre2013_38731,2011,2850,4,beautiful
4442070237,2014,2885,2,beautiful
pre2013_39125,2011,1831,1,beautiful
5626583804,2016,3600,4,beautiful
pre2013_162071,2006,1995,3,beautiful
pre2013_41609,2011,2350,4,beautiful
pre2013_131624,2004,1700,3,beautiful
pre2013_54463,2012,1850,1,beautiful
pre2013_140176,2005,1199,2,beautiful
pre2013_21715,2012,2715,2,beautiful
pre2013_22066,2012,2125,1,beautiful
pre2013_21880,2012,2550,2,beautiful
pre2013_22151,2012,1870,2,beautiful
5830660036,2016,3101,2,beautiful
pre2013_34628,2011,3050,5,beautiful
pre2013_38032,2011,2210,3,beautiful
pre2013_27436,2007,2375,3,beautiful
pre2013_35972,2011,1375,2,beautiful
pre2013_35989,2011,1495,2,beautiful
pre2013_23439,2012,1544,0,beautiful
pre2013_57752,2012,2575,2,beautiful
pre2013_2789,2006,1400,2,beautiful
5382626536,2016,2100,1,beautiful
pre2013_137278,2005,1295,2,beautiful
pre2013_58793,2012,2750,4,beautiful
pre2013_39477,2011,1590,1,beautiful
pre2013_78678,2008,1799,2,beautiful
4988506937,2015,3290,2,beautiful
5615302354,2016,3050,2,beautiful
pre2013_54127,2012,2370,2,beautiful
5614368421,2016,3500,4,beautiful
pre2013_60491,2012,1730,0,beautiful
pre2013_60492,2012,2560,2,beautiful
pre2013_60872,2012,1750,2,beautiful
pre2013_41559,2011,2190,3,beautiful
pre2013_25828,2007,1195,2,beautiful
pre2013_42021,2011,2550,4,beautiful
pre2013_62117,2012,1847,2,beautiful
pre2013_54870,2012,1415,0,beautiful
pre2013_46327,2011,1820,2,beautiful
pre2013_80530,2007,1685,2,beautiful
5449628139,2016,3055,2,beautiful
5264092691,2015,1950,1,beautiful
pre2013_142800,2005,1695,2,beautiful
pre2013_8408,2011,2050,3,beautiful
pre2013_11471,2011,2621,2,beautiful
pre2013_47419,2012,1950,2,beautiful
pre2013_156181,2006,2200,4,beautiful
pre2013_160293,2006,1350,1,beautiful
5429813302,2016,2695,3,beautiful
pre2013_68579,2012,1677,1,beautiful
4442161988,2014,1850,1,beautiful
pre2013_39126,2011,1753,1,beautiful
pre2013_30287,2011,1662,1,beautiful
pre2013_78624,2008,1450,2,beautiful
pre2013_28173,2008,2300,3,beautiful
pre2013_11205,2011,1895,2,beautiful
pre2013_79167,2008,2500,4,beautiful
pre2013_50552,2012,1691,1,beautiful
pre2013_32712,2011,2400,3,beautiful
pre2013_51549,2012,2380,2,beautiful
5403565630,2016,3950,4,beautiful
pre2013_57094,2012,1736,1,beautiful
4700173015,2014,1895,2,beautiful
4807683911,2014,2800,3,beautiful
6447224509,2018,3300,3,beautiful
5547464093,2016,2679,1,beautiful
pre2013_71414,2012,2535,1,beautiful
pre2013_58853,2012,1645,1,beautiful
6359726148,2017,2585,1,beautiful
6248867400,2017,3695,3,beautiful
pre2013_48374,2012,1900,2,beautiful
4100693946,2013,1900,2,beautiful
5673932284,2016,2983,2,beautiful
pre2013_39087,2011,2000,3,beautiful
5439805601,2016,3490,3,beautiful
pre2013_60493,2012,3045,3,beautiful
pre2013_11967,2011,1942,1,beautiful
pre2013_11777,2011,1945,1,beautiful
pre2013_10733,2011,1624,0,beautiful
pre2013_40757,2011,2550,4,beautiful
pre2013_70989,2012,2695,4,beautiful
pre2013_41166,2011,1950,3,beautiful
pre2013_21722,2012,2125,1,beautiful
5171349207,2015,1960,1,beautiful
pre2013_33258,2011,2534,2,beautiful
pre2013_15274,2012,2295,2,beautiful
pre2013_65687,2012,2250,2,beautiful
5752428159,2016,3945,3,beautiful
pre2013_33721,2011,1690,1,beautiful
pre2013_57415,2012,2387,2,beautiful
4956689736,2015,2333,2,beautiful
5276309836,2015,2800,2,beautiful
pre2013_47770,2012,2750,4,beautiful
pre2013_26965,2007,1900,2,beautiful
pre2013_15560,2012,1769,1,beautiful
pre2013_15568,2012,2229,2,beautiful
6471913255,2018,2705,2,beautiful
pre2013_160071,2007,2400,4,beautiful
pre2013_2519,2006,2845,3,beautiful
pre2013_61254,2012,2750,4,beautiful
pre2013_58037,2012,2100,1,beautiful
5965648977,2017,2500,2,beautiful
6552324358,2018,4100,3,beautiful
pre2013_69092,2012,2600,4,beautiful
pre2013_60085,2012,1750,2,beautiful
pre2013_64847,2012,3365,3,beautiful
pre2013_57428,2012,2120,1,beautiful
pre2013_70914,2012,1400,1,beautiful
6278251933,2017,3945,3,beautiful
6406054440,2017,2800,2,beautiful
pre2013_67992,2012,2180,1,beautiful
5674050835,2016,3245,3,beautiful
pre2013_42405,2011,3475,5,beautiful
pre2013_68558,2012,2500,2,beautiful
4244303361,2013,2100,2,beautiful
6643620341,2018,3495,3,beautiful
5519154094,2016,3395,4,beautiful
pre2013_33743,2011,1947,1,beautiful
pre2013_33739,2011,2128,2,beautiful
4855587176,2015,2125,0,beautiful
5985912359,2017,3385,3,beautiful
5771436346,2016,2595,2,beautiful
pre2013_20767,2012,1659,1,beautiful
pre2013_20767,2012,1659,1,beautiful
3531301078,2013,2395,3,beautiful
5807436374,2016,2906,2,beautiful
4265856138,2013,1795,2,beautiful
pre2013_34167,2011,2137,2,beautiful
5637972648,2016,3325,2,beautiful
5637954929,2016,2900,2,beautiful
5672621926,2016,3500,3,beautiful
pre2013_69031,2012,2663,3,beautiful
pre2013_69077,2012,1650,1,beautiful
pre2013_126897,2004,1399,2,beautiful
pre2013_157010,2006,1095,2,beautiful
pre2013_86210,2003,1850,2,beautiful
pre2013_157232,2006,1150,2,beautiful
pre2013_86457,2003,1350,2,beautiful
pre2013_86523,2003,3650,4,beautiful
pre2013_127969,2004,950,2,beautiful
pre2013_112654,2004,1745,3,beautiful
pre2013_112621,2004,2000,3,beautiful
pre2013_157503,2006,1150,2,beautiful
pre2013_112929,2004,1430,2,beautiful
pre2013_76749,2010,2000,2,beautiful
pre2013_113033,2004,1310,2,beautiful
pre2013_113118,2004,2000,4,beautiful
4100705310,2013,2990,3,beautiful
pre2013_113417,2004,1350,2,beautiful
pre2013_113326,2004,2200,4,beautiful
pre2013_113783,2004,1275,2,beautiful
pre2013_113844,2004,1350,2,beautiful
pre2013_113841,2004,1800,3,beautiful
pre2013_130394,2004,950,2,beautiful
pre2013_113970,2004,1350,2,beautiful
pre2013_18326,2012,2550,3,beautiful
pre2013_122419,2004,1290,2,beautiful
pre2013_161734,2006,2495,3,beautiful
pre2013_114233,2004,1995,3,beautiful
pre2013_131075,2004,1000,1,beautiful
pre2013_114375,2004,1288,2,beautiful
pre2013_114494,2004,2095,3,beautiful
pre2013_82100,2006,1350,1,beautiful
pre2013_114574,2004,1550,3,beautiful
pre2013_114550,2004,1700,3,beautiful
pre2013_20827,2012,2500,3,beautiful
pre2013_54458,2012,2700,4,beautiful
pre2013_114753,2004,1257,2,beautiful
pre2013_114774,2004,1995,3,beautiful
pre2013_114722,2004,2450,4,beautiful
pre2013_2143,2006,1600,2,beautiful
4678167777,2014,3000,3,beautiful
pre2013_114961,2004,1700,3,beautiful
pre2013_33681,2011,1630,2,beautiful
pre2013_33697,2011,2350,3,beautiful
pre2013_115047,2004,1995,3,beautiful
pre2013_115247,2004,999,1,beautiful
pre2013_115220,2004,1799,3,beautiful
pre2013_120924,2004,1799,3,beautiful
pre2013_115403,2004,1799,3,beautiful
pre2013_115442,2004,1900,2,beautiful
pre2013_121293,2004,1299,2,beautiful
pre2013_36379,2011,4200,6,beautiful
4935269873,2015,2696,3,beautiful
pre2013_37219,2011,1745,1,beautiful
pre2013_115951,2004,1020,1,beautiful
pre2013_115953,2004,1199,2,beautiful
pre2013_24307,2012,4500,4,beautiful
pre2013_136593,2005,2200,4,beautiful
5382609424,2016,2604,2,beautiful
pre2013_58864,2012,2223,3,beautiful
pre2013_122580,2004,1099,2,beautiful
pre2013_122560,2004,1250,2,beautiful
pre2013_138312,2005,2000,3,beautiful
pre2013_122791,2004,2200,3,beautiful
pre2013_25340,2007,2095,3,beautiful
pre2013_175,2006,2300,4,beautiful
pre2013_139940,2005,1300,1,beautiful
5429783885,2016,1295,1,beautiful
pre2013_123383,2004,1900,3,beautiful
pre2013_123410,2004,2200,3,beautiful
pre2013_79850,2007,3000,4,beautiful
pre2013_62088,2012,2490,4,beautiful
pre2013_42853,2011,2500,4,beautiful
pre2013_140904,2005,2600,3,beautiful
pre2013_123876,2004,1749,3,beautiful
pre2013_124244,2004,1099,1,beautiful
pre2013_124335,2004,1045,2,beautiful
pre2013_124445,2004,2500,4,beautiful
pre2013_45877,2011,3200,4,beautiful
pre2013_29027,2011,2400,2,beautiful
pre2013_5193,2008,963,1,beautiful
pre2013_5200,2008,1590,3,beautiful
pre2013_126390,2004,2200,3,beautiful
5410759197,2016,2367,NA,beautiful
pre2013_7057,2008,1875,3,beautiful
pre2013_28635,2008,1975,3,beautiful
pre2013_127091,2004,1895,3,beautiful
pre2013_127032,2004,2100,4,beautiful
pre2013_160497,2006,2200,3,beautiful
pre2013_157074,2006,3800,3,beautiful
pre2013_79111,2008,1850,2,beautiful
pre2013_79172,2008,2200,3,beautiful
pre2013_79126,2008,2650,4,beautiful
pre2013_160559,2006,2495,4,beautiful
pre2013_5632,2008,3000,3,beautiful
5429845447,2016,3150,4,beautiful
5402420873,2016,3600,1,beautiful
3546976104,2013,2700,3,beautiful
pre2013_160762,2006,1500,2,beautiful
pre2013_51232,2012,2900,4,beautiful
5750953151,2016,3495,4,beautiful
5471014940,2016,2950,2,beautiful
5471517334,2016,4500,4,beautiful
pre2013_161067,2006,1795,3,beautiful
pre2013_133094,2004,950,2,beautiful
pre2013_51849,2012,1790,2,beautiful
pre2013_16458,2012,3300,4,beautiful
pre2013_161102,2006,1295,2,beautiful
pre2013_52228,2012,4300,4,beautiful
pre2013_161221,2006,1550,2,beautiful
pre2013_83642,2006,1575,2,beautiful
pre2013_83643,2006,2200,3,beautiful
pre2013_161380,2006,1200,1,beautiful
pre2013_161356,2006,1900,3,beautiful
pre2013_161320,2006,2450,1,beautiful
4257051234,2013,2950,4,beautiful
pre2013_8135,2011,1869,2,beautiful
pre2013_9695,2011,2350,4,beautiful
4259350646,2014,2050,2,beautiful
pre2013_161607,2006,1290,2,beautiful
5587548866,2016,2149,1,beautiful
pre2013_130909,2004,2000,4,beautiful
pre2013_162063,2006,2400,3,beautiful
pre2013_82106,2006,2699,4,beautiful
pre2013_25654,2007,1378,2,beautiful
pre2013_71911,2012,2500,4,beautiful
pre2013_14523,2012,1900,3,beautiful
4644482606,2014,2589,2,beautiful
pre2013_79852,2007,2300,3,beautiful
pre2013_755,2006,1715,2,beautiful
pre2013_1097,2006,2100,3,beautiful
4657648353,2014,2800,3,beautiful
pre2013_32764,2011,1715,2,beautiful
pre2013_132324,2004,1449,2,beautiful
pre2013_55174,2012,1525,2,beautiful
pre2013_55165,2012,2350,2,beautiful
pre2013_886,2006,1290,2,beautiful
4710823547,2014,3200,3,beautiful
pre2013_34176,2011,1725,2,beautiful
pre2013_57706,2012,2900,4,beautiful
pre2013_132885,2004,950,2,beautiful
pre2013_34641,2011,1465,2,beautiful
pre2013_34603,2011,2300,3,beautiful
pre2013_35078,2011,2100,4,beautiful
pre2013_35111,2011,2400,4,beautiful
pre2013_83288,2006,2450,1,beautiful
pre2013_22799,2012,1650,2,beautiful
pre2013_133521,2005,950,2,beautiful
pre2013_48705,2012,2600,4,beautiful
pre2013_133981,2005,950,2,beautiful
4855437325,2015,1675,1,beautiful
pre2013_36365,2011,1800,2,beautiful
pre2013_134663,2005,1150,2,beautiful
pre2013_134624,2005,1675,2,beautiful
pre2013_135120,2005,950,2,beautiful
4935248678,2015,3100,4,beautiful
pre2013_84114,2006,1950,3,beautiful
pre2013_37191,2011,2300,3,beautiful
pre2013_38025,2011,1976,2,beautiful
pre2013_24210,2012,3600,5,beautiful
pre2013_136729,2005,2000,3,beautiful
5369959560,2016,2700,2,beautiful
pre2013_39096,2011,2300,3,beautiful
pre2013_58865,2012,1638,1,beautiful
pre2013_39476,2011,1780,2,beautiful
4977623359,2015,2841,2,beautiful
pre2013_49030,2012,2200,3,beautiful
pre2013_39896,2011,1590,2,beautiful
pre2013_40302,2011,4300,4,beautiful
pre2013_49311,2012,2250,3,beautiful
pre2013_12590,2011,4200,4,beautiful
pre2013_67144,2012,1553,1,beautiful
pre2013_60455,2012,6000,6,beautiful
pre2013_139229,2005,1925,3,beautiful
6481105636,2018,3410,1,beautiful
pre2013_25648,2007,1590,3,beautiful
5672555237,2016,4500,4,beautiful
pre2013_157746,2006,2400,3,beautiful
pre2013_65763,2012,3000,5,beautiful
pre2013_46282,2011,1495,2,beautiful
pre2013_77430,2009,2995,3,beautiful
pre2013_62454,2012,1550,2,beautiful
pre2013_62492,2012,2290,3,beautiful
pre2013_62462,2012,2600,4,beautiful
6591226412,2018,3600,3,beautiful
pre2013_80527,2007,3950,4,beautiful
pre2013_141437,2005,2195,4,beautiful
5723943977,2016,2790,1,beautiful
pre2013_141880,2005,1349,2,beautiful
pre2013_44057,2011,1500,2,beautiful
pre2013_44051,2011,1500,2,beautiful
pre2013_154527,2007,1950,3,beautiful
pre2013_4965,2007,1200,1,beautiful
pre2013_23870,2012,2285,3,beautiful
pre2013_80933,2007,1210,1,beautiful
5291344185,2015,2350,2,beautiful
pre2013_8243,2010,1835,2,beautiful
pre2013_45152,2011,1550,2,beautiful
pre2013_45119,2011,1750,2,beautiful
pre2013_27429,2007,1400,2,beautiful
pre2013_27337,2007,2200,3,beautiful
pre2013_81217,2007,2950,4,beautiful
pre2013_161091,2006,2300,3,beautiful
pre2013_65273,2012,2200,3,beautiful
pre2013_58862,2012,2223,3,beautiful
pre2013_65705,2012,3050,3,beautiful
pre2013_10526,2012,1775,3,beautiful
pre2013_161284,2006,2250,4,beautiful
pre2013_47056,2011,1995,3,beautiful
pre2013_47045,2011,3300,5,beautiful
pre2013_155672,2006,1095,2,beautiful
pre2013_52518,2012,2000,3,beautiful
pre2013_17448,2012,2395,3,beautiful
pre2013_155822,2006,1950,4,beautiful
pre2013_155837,2006,2000,3,beautiful
pre2013_155986,2006,2000,4,beautiful
pre2013_156200,2006,2500,3,beautiful
pre2013_3649,2008,2850,4,beautiful
pre2013_3765,2008,1050,1,beautiful
pre2013_23274,2012,1875,3,beautiful
pre2013_78645,2008,1400,2,beautiful
pre2013_78615,2008,3050,5,beautiful
pre2013_13537,2012,2400,3,beautiful
4601210497,2014,3800,5,beautiful
4611947272,2014,4200,4,beautiful
pre2013_161861,2006,2150,3,beautiful
pre2013_11743,2011,3495,4,beautiful
pre2013_4501,2008,1250,1,beautiful
5624625051,2016,4350,4,beautiful
5830617010,2016,2756,2,beautiful
pre2013_20788,2012,1625,2,beautiful
4641187778,2014,3300,4,beautiful
4645356945,2014,3500,4,beautiful
4635122570,2014,3600,4,beautiful
pre2013_71941,2012,2650,4,beautiful
5673936492,2016,800,1,beautiful
pre2013_79894,2007,1100,1,beautiful
pre2013_72389,2012,2395,3,beautiful
5439483184,2016,2372,2,beautiful
pre2013_3262,2006,1950,3,beautiful
pre2013_35994,2011,1900,1,beautiful
pre2013_51909,2012,1950,3,beautiful
pre2013_6570,2009,1500,3,beautiful
pre2013_43660,2011,2580,4,beautiful
pre2013_1418,2006,2500,4,beautiful
pre2013_76738,2010,1095,1,beautiful
5829381033,2016,3800,4,beautiful
pre2013_64435,2012,4400,4,beautiful
pre2013_157743,2006,2550,4,beautiful
pre2013_154704,2007,2890,4,beautiful
pre2013_52200,2012,1495,2,beautiful
4600431072,2014,1875,2,beautiful
5508229406,2016,3700,3,beautiful
pre2013_71909,2012,3000,3,beautiful
pre2013_36414,2011,1560,2,beautiful
4253039531,2013,2423,2,beautiful
pre2013_9600,2011,2350,4,beautiful
pre2013_37631,2011,2400,3,beautiful
6449605528,2018,2650,2,beautiful
pre2013_38014,2011,1555,2,beautiful
6584914771,2018,3900,3,beautiful
4956767010,2015,2429,2,beautiful
5595729045,2016,2800,2,beautiful
pre2013_30783,2011,2300,4,beautiful
pre2013_30785,2011,2400,4,beautiful
6341123056,2017,1825,1,beautiful
4856967683,2015,2450,3,beautiful
pre2013_59255,2012,1350,1,beautiful
pre2013_59209,2012,1510,1,beautiful
4611752622,2014,3600,4,beautiful
4988555667,2015,2240,1,beautiful
pre2013_59625,2012,2600,4,beautiful
pre2013_13801,2012,1550,2,beautiful
pre2013_11317,2011,2213,2,beautiful
pre2013_40752,2011,2395,3,beautiful
6433087240,2017,2700,1,beautiful
pre2013_44402,2011,3300,5,beautiful
5829380487,2016,3800,3,beautiful
5054947429,2015,4600,3,beautiful
pre2013_25486,2007,2600,4,beautiful
pre2013_64464,2012,2850,5,beautiful
pre2013_21247,2012,1750,2,beautiful
pre2013_2012,2006,1950,3,beautiful
pre2013_69028,2012,2800,4,beautiful
5393152623,2016,2850,3,beautiful
pre2013_27451,2007,1075,NA,beautiful
6584905966,2018,3195,3,beautiful
4988539098,2015,2505,2,beautiful
pre2013_65253,2012,2400,3,beautiful
pre2013_33214,2011,1635,2,beautiful
pre2013_24943,2006,2500,4,beautiful
pre2013_62475,2012,2675,4,beautiful
pre2013_44411,2011,2000,3,beautiful
5280434444,2015,2325,2,beautiful
pre2013_34112,2011,2100,3,beautiful
6456694486,2018,2650,2,beautiful
pre2013_77918,2008,1210,1,beautiful
5780896926,2016,3450,3,beautiful
pre2013_38036,2011,2350,4,beautiful
pre2013_23217,2012,890,3,beautiful
pre2013_57429,2012,2300,3,beautiful
5628039848,2016,3719,2,beautiful
5525581136,2016,4200,3,beautiful
5804284122,2016,4600,5,beautiful
4600430033,2014,2375,3,beautiful
5525665890,2016,3100,3,beautiful
5525502551,2016,3350,4,beautiful
pre2013_60071,2012,2695,3,beautiful
4244592408,2013,2480,3,beautiful
5513708677,2016,3195,3,beautiful
pre2013_67138,2012,1800,1,beautiful
5816286684,2016,3500,3,beautiful
pre2013_37193,2011,2300,3,beautiful
pre2013_37250,2011,3150,3,beautiful
pre2013_64122,2012,3100,4,beautiful
3878901026,2013,2748,3,beautiful
pre2013_2531,2006,1060,1,beautiful
5780840273,2016,2000,1,beautiful
5429341032,2016,2027,1,beautiful
5955707518,2017,4395,5,beautiful
pre2013_24115,2012,1650,1,beautiful
pre2013_41137,2011,1950,3,beautiful
pre2013_28061,2008,1700,2,beautiful
5493136602,2016,3000,2,beautiful
pre2013_60494,2012,2695,4,beautiful
pre2013_62900,2012,3950,5,beautiful
pre2013_47064,2011,2400,3,beautiful
pre2013_44790,2011,2075,3,beautiful
pre2013_12901,2012,3500,5,beautiful
6522695515,2018,1400,1,beautiful
pre2013_62455,2012,1550,2,beautiful
pre2013_47783,2012,1695,2,beautiful
5743473519,2016,4850,5,beautiful
pre2013_53088,2012,2300,3,beautiful
pre2013_21302,2012,2147,3,beautiful
pre2013_53135,2012,1995,2,beautiful
5637856956,2016,2450,2,beautiful
4966749742,2015,1925,2,beautiful
pre2013_60512,2012,2650,4,beautiful
5433345907,2016,2895,3,beautiful
pre2013_26033,2007,1750,2,beautiful
pre2013_64855,2012,2238,3,beautiful
4700216967,2014,2470,3,beautiful
5733076990,2016,2000,1,beautiful
pre2013_62878,2012,3500,4,beautiful
5398251225,2016,5150,5,beautiful
6505538965,2018,3250,3,beautiful
4623101247,2014,3350,3,beautiful
pre2013_58348,2012,2995,4,beautiful
pre2013_55868,2012,2395,3,beautiful
5171321646,2015,1895,1,beautiful
pre2013_4613,2008,1615,2,beautiful
pre2013_160432,2006,945,1,beautiful
pre2013_86329,2003,1130,2,beautiful
pre2013_86414,2003,2400,5,beautiful
pre2013_86444,2003,1550,3,beautiful
pre2013_112747,2004,945,2,beautiful
pre2013_160954,2006,1175,1,beautiful
pre2013_128768,2004,795,1,beautiful
3878885353,2013,1955,1,beautiful
pre2013_113211,2004,895,1,beautiful
pre2013_113220,2004,1600,2,beautiful
pre2013_113318,2004,1025,2,beautiful
pre2013_161267,2006,2300,4,beautiful
pre2013_161373,2006,1340,2,beautiful
pre2013_113583,2004,1090,2,beautiful
pre2013_158231,2006,1340,2,beautiful
pre2013_113643,2004,1090,2,beautiful
pre2013_113661,2004,1600,2,beautiful
pre2013_161615,2006,1300,1,beautiful
pre2013_119122,2004,1000,2,beautiful
4442037712,2014,1535,1,beautiful
pre2013_114147,2004,1050,2,beautiful
pre2013_114136,2004,1090,2,beautiful
pre2013_161791,2006,1295,2,beautiful
pre2013_115084,2004,1050,2,beautiful
pre2013_22227,2012,2040,2,beautiful
4834938523,2015,1680,0,beautiful
pre2013_83663,2006,2075,3,beautiful
pre2013_115886,2004,1500,2,beautiful
pre2013_40793,2011,1750,3,beautiful
pre2013_80537,2007,3195,4,beautiful
pre2013_48721,2012,1770,2,beautiful
pre2013_157094,2006,2500,4,beautiful
pre2013_127341,2004,1250,2,beautiful
pre2013_50296,2012,1950,2,beautiful
pre2013_6606,2009,1395,2,beautiful
3768397850,2013,3200,NA,beautiful
pre2013_160969,2006,975,1,beautiful
pre2013_15942,2012,1295,1,beautiful
pre2013_133151,2004,825,1,beautiful
pre2013_161099,2006,1450,2,beautiful
pre2013_161564,2006,2295,4,beautiful
pre2013_18623,2012,2450,1,beautiful
pre2013_18865,2012,1150,1,beautiful
6523177427,2018,2975,3,beautiful
pre2013_50292,2012,1800,1,beautiful
pre2013_55453,2012,3950,2,beautiful
pre2013_22484,2012,2040,2,beautiful
pre2013_80928,2007,1395,2,beautiful
pre2013_132879,2004,1350,2,beautiful
pre2013_133141,2004,958,2,beautiful
pre2013_83279,2006,2100,3,beautiful
pre2013_133581,2005,1525,2,beautiful
pre2013_45938,2011,2950,4,beautiful
pre2013_134049,2005,1600,2,beautiful
4924533181,2015,1600,1,beautiful
pre2013_1005,2006,2195,1,beautiful
pre2013_60857,2012,2450,3,beautiful
pre2013_48404,2012,1940,2,beautiful
6331668895,2017,2575,2,beautiful
pre2013_15152,2012,1650,2,beautiful
pre2013_138493,2005,1050,2,beautiful
pre2013_138861,2005,1185,1,beautiful
pre2013_60447,2012,4900,4,beautiful
pre2013_41150,2011,2450,3,beautiful
pre2013_141118,2005,2200,NA,beautiful
5171328505,2015,2650,3,beautiful
pre2013_154515,2007,2450,3,beautiful
3795765749,2013,1550,2,beautiful
pre2013_44410,2011,2550,3,beautiful
5280369661,2015,2599,2,beautiful
pre2013_80932,2007,1490,2,beautiful
3853966816,2013,1850,2,beautiful
pre2013_157701,2006,1240,2,beautiful
pre2013_16342,2012,2799,2,beautiful
pre2013_81594,2007,2095,3,beautiful
pre2013_15385,2012,1125,1,beautiful
pre2013_52486,2012,2900,3,beautiful
pre2013_37215,2011,975,1,beautiful
4262899962,2013,1720,1,beautiful
pre2013_79143,2008,1950,2,beautiful
pre2013_158767,2006,1340,2,beautiful
pre2013_13347,2012,2680,3,beautiful
5413970739,2016,5200,4,beautiful
pre2013_161903,2006,1950,1,beautiful
pre2013_70459,2012,1518,1,beautiful
5628067880,2016,2979,1,beautiful
pre2013_41578,2011,1265,1,beautiful
pre2013_41561,2011,1950,3,beautiful
pre2013_14274,2012,1600,1,beautiful
pre2013_56144,2012,1895,2,beautiful
pre2013_64816,2012,1350,1,beautiful
pre2013_300,2006,1295,2,beautiful
pre2013_61706,2012,1699,1,beautiful
pre2013_32702,2011,1950,2,beautiful
pre2013_32742,2011,2120,2,beautiful
pre2013_25038,2006,1400,1,beautiful
pre2013_6609,2009,1040,NA,beautiful
pre2013_157502,2006,975,1,beautiful
5464521752,2016,3900,3,beautiful
5978136405,2017,2490,2,beautiful
pre2013_16766,2012,2300,3,beautiful
5276832400,2015,1950,1,beautiful
pre2013_52802,2012,2429,2,beautiful
pre2013_17635,2012,2900,3,beautiful
pre2013_79189,2008,1500,1,beautiful
5606235141,2016,4500,3,beautiful
pre2013_53760,2012,1945,2,beautiful
6359731687,2017,1650,0,beautiful
pre2013_43698,2011,2350,2,beautiful
pre2013_40381,2011,3150,1,beautiful
4691328278,2014,2795,2,beautiful
5066190915,2015,2588,1,beautiful
pre2013_61293,2012,1890,3,beautiful
pre2013_23016,2012,2475,2,beautiful
pre2013_56440,2012,2950,4,beautiful
5303883358,2015,6000,4,beautiful
pre2013_54858,2012,1285,1,beautiful
4652072360,2014,2300,2,beautiful
pre2013_66181,2012,1525,2,beautiful
pre2013_36380,2011,2100,3,beautiful
6610257698,2018,4300,3,beautiful
5735816253,2016,4000,3,beautiful
5269362544,2015,3895,3,beautiful
pre2013_44406,2011,850,0,beautiful
pre2013_55840,2012,1100,1,beautiful
5379879198,2016,3500,3,beautiful
5799367889,2016,1950,1,beautiful
5520742550,2016,3350,3,beautiful
5739596365,2016,1850,1,beautiful
5313273169,2015,4700,4,beautiful
pre2013_40339,2011,2450,2,beautiful
pre2013_81598,2007,1490,2,beautiful
5470726165,2016,2295,1,beautiful
5478634112,2016,4150,3,beautiful
5077351431,2015,3625,3,beautiful
pre2013_160183,2010,1795,2,beautiful
pre2013_44022,2011,1895,3,beautiful
5780866255,2016,2450,2,beautiful
5386756796,2016,3500,3,beautiful
4670283171,2014,3450,4,beautiful
pre2013_17781,2012,1250,1,beautiful
pre2013_56768,2012,3790,2,beautiful
4935289440,2015,2580,2,beautiful
pre2013_78652,2008,1480,2,beautiful
5822707231,2016,2850,2,beautiful
5774409322,2016,1775,1,beautiful
5774359598,2016,1775,1,beautiful
5083804318,2015,2822,1,beautiful
5737381187,2016,4400,3,beautiful
5171270911,2015,4043,2,beautiful
4589941077,2014,1900,2,beautiful
5456896183,2016,2450,2,beautiful
pre2013_35195,2011,2400,3,beautiful
6627360405,2018,3850,4,beautiful
pre2013_140469,2005,1550,2,beautiful
pre2013_52525,2012,1200,2,beautiful
pre2013_64167,2012,600,1,beautiful
pre2013_68130,2012,1450,2,beautiful
pre2013_78339,2008,1950,3,beautiful
pre2013_38150,2011,1175,1,beautiful
pre2013_7223,2008,1325,2,beautiful
pre2013_21166,2012,1225,1,beautiful
6439765718,2018,2795,3,beautiful
5408996378,2016,1495,1,beautiful
pre2013_130078,2004,1750,3,beautiful
pre2013_152763,2006,1450,3,beautiful
pre2013_44840,2011,1950,3,beautiful
pre2013_71036,2012,1500,2,beautiful
5405638350,2016,3495,3,beautiful
6424478845,2017,2600,3,beautiful
5752482472,2016,3200,3,beautiful
6370819207,2017,2595,3,beautiful
4640508334,2014,1775,1,beautiful
5822015151,2016,3000,3,beautiful
6440658171,2018,2795,3,beautiful
pre2013_2582,2006,1150,2,beautiful
pre2013_126653,2004,950,0,beautiful
4865956370,2015,3300,5,beautiful
pre2013_32798,2011,2295,3,beautiful
pre2013_33776,2011,925,1,beautiful
pre2013_152788,2006,1400,2,beautiful
4106276683,2013,1550,1,beautiful
pre2013_17491,2012,2750,5,beautiful
pre2013_6997,2008,2700,4,beautiful
pre2013_135355,2005,850,1,beautiful
pre2013_151907,2006,1600,3,beautiful
4603132733,2014,3700,5,beautiful
pre2013_18856,2012,1400,1,beautiful
4028329847,2013,2500,4,beautiful
6439729386,2018,2795,3,beautiful
pre2013_157580,2006,1900,3,beautiful
pre2013_40864,2011,1850,3,beautiful
5439859873,2016,1875,2,beautiful
pre2013_9629,2011,1600,3,beautiful
5547613969,2016,2600,3,beautiful
6388382895,2017,3000,3,beautiful
5615313451,2016,1995,2,beautiful
pre2013_78041,2008,1275,2,beautiful
6370733567,2017,1645,1,beautiful
4251309517,2013,1595,1,beautiful
6370817873,2017,3095,4,beautiful
pre2013_27357,2007,1250,1,beautiful
pre2013_1052,2006,2000,3,beautiful
pre2013_2922,2006,2000,2,beautiful
pre2013_9725,2011,1600,3,beautiful
5609315944,2016,1995,2,beautiful
pre2013_151638,2006,1600,2,beautiful
pre2013_43296,2011,1780,3,beautiful
pre2013_41664,2011,1750,3,beautiful
pre2013_17111,2012,2300,4,beautiful
pre2013_103560,2004,1475,2,beautiful
pre2013_108190,2004,2375,4,beautiful
pre2013_110891,2004,1100,1,beautiful
pre2013_34298,2011,5500,5,beautiful
pre2013_3795,2008,1895,1,beautiful
pre2013_108810,2004,1550,2,beautiful
pre2013_125740,2004,1550,2,beautiful
pre2013_47551,2012,2300,2,beautiful
pre2013_108859,2004,2950,3,beautiful
pre2013_110859,2004,2000,2,beautiful
pre2013_136499,2005,1200,1,beautiful
pre2013_150449,2006,1975,3,beautiful
pre2013_110125,2004,1800,2,beautiful
pre2013_103817,2004,1400,2,beautiful
pre2013_150412,2006,2350,2,beautiful
pre2013_103558,2004,1075,1,beautiful
pre2013_4032,2008,1850,1,beautiful
4935085869,2015,3688,2,beautiful
pre2013_60207,2012,1100,2,beautiful
pre2013_118332,2004,2000,2,beautiful
pre2013_47589,2012,1600,2,beautiful
pre2013_111122,2004,1795,2,beautiful
pre2013_112319,2004,2000,2,beautiful
pre2013_103790,2004,2000,2,beautiful
pre2013_109688,2004,1395,2,beautiful
pre2013_144574,2005,1785,2,beautiful
pre2013_59791,2012,2700,2,beautiful
pre2013_155852,2006,1950,2,beautiful
pre2013_34300,2011,5500,5,beautiful
4600183635,2014,3737,3,beautiful
pre2013_121378,2004,1350,1,beautiful
pre2013_72137,2012,4400,3,beautiful
pre2013_148920,2006,1995,3,beautiful
pre2013_108259,2004,1950,3,beautiful
pre2013_124146,2004,2950,3,beautiful
pre2013_57826,2012,1759,1,beautiful
pre2013_148186,2006,1450,1,beautiful
pre2013_107480,2004,2495,3,beautiful
pre2013_104970,2004,1100,0,beautiful
pre2013_136560,2005,1300,2,beautiful
pre2013_42189,2011,1350,1,beautiful
pre2013_34754,2011,5500,5,beautiful
4622811538,2014,3500,2,beautiful
pre2013_150012,2006,1250,0,beautiful
pre2013_13501,2012,2379,2,beautiful
pre2013_112018,2004,3050,3,beautiful
pre2013_109366,2004,1675,2,beautiful
pre2013_63422,2012,1790,NA,beautiful
pre2013_50392,2012,2730,2,beautiful
pre2013_22918,2012,2700,2,beautiful
4920435587,2015,3620,2,beautiful
pre2013_105497,2004,2999,3,beautiful
pre2013_35287,2011,5500,5,beautiful
5280286655,2015,2600,2,beautiful
5267598795,2015,3800,3,beautiful
pre2013_111626,2004,1350,2,beautiful
4977628659,2015,3873,2,beautiful
5043443731,2015,4134,2,beautiful
pre2013_83822,2006,1975,2,beautiful
pre2013_14771,2012,2200,2,beautiful
pre2013_49377,2012,1950,NA,beautiful
4666951550,2014,3848,3,beautiful
6455331936,2018,3123,2,beautiful
4988350696,2015,2586,1,beautiful
pre2013_155831,2006,1095,0,beautiful
5039681300,2015,3355,1,beautiful
pre2013_51999,2012,1750,2,beautiful
pre2013_40061,2011,1850,2,beautiful
pre2013_127929,2004,2450,3,beautiful
pre2013_50719,2012,1600,1,beautiful
5785507174,2016,3000,1,beautiful
pre2013_119271,2004,1800,2,beautiful
4988559006,2015,2517,NA,beautiful
pre2013_132797,2004,2000,2,beautiful
pre2013_69694,2012,1740,1,beautiful
pre2013_127930,2004,1500,0,beautiful
pre2013_16408,2012,1660,1,beautiful
pre2013_11832,2011,2529,2,beautiful
5043381154,2015,3750,2,beautiful
pre2013_31205,2011,2583,3,beautiful
pre2013_139950,2005,2750,3,beautiful
pre2013_137586,2005,1480,2,beautiful
pre2013_66784,2012,2953,1,beautiful
5072524929,2015,3395,3,beautiful
pre2013_106667,2004,1750,2,beautiful
pre2013_63419,2012,1595,1,beautiful
pre2013_58988,2012,1100,2,beautiful
pre2013_106849,2004,1500,2,beautiful
pre2013_43852,2011,5200,5,beautiful
pre2013_105313,2004,1675,2,beautiful
pre2013_77612,2009,2195,2,beautiful
pre2013_31157,2011,1100,1,beautiful
pre2013_38523,2011,5200,5,beautiful
pre2013_81672,2007,2450,2,beautiful
pre2013_41794,2011,5200,5,beautiful
pre2013_104175,2004,1075,1,beautiful
4855571307,2015,3100,2,beautiful
pre2013_83061,2006,1450,2,beautiful
pre2013_32960,2011,5500,3,beautiful
pre2013_80075,2007,1625,2,beautiful
pre2013_43048,2011,1775,2,beautiful
pre2013_106837,2004,2600,3,beautiful
pre2013_40528,2011,2700,2,beautiful
pre2013_85161,2003,1100,1,beautiful
pre2013_85131,2003,2450,3,beautiful
pre2013_50707,2012,2355,3,beautiful
pre2013_108620,2004,2950,3,beautiful
pre2013_26123,2007,1595,2,beautiful
pre2013_83033,2006,2300,3,beautiful
pre2013_128787,2004,1675,2,beautiful
pre2013_150721,2006,2200,2,beautiful
pre2013_110603,2004,1700,2,beautiful
pre2013_58986,2012,3050,3,beautiful
pre2013_81344,2007,1514,1,beautiful
pre2013_149686,2006,1200,2,beautiful
pre2013_81706,2007,1799,2,beautiful
pre2013_33442,2011,1785,1,beautiful
pre2013_148656,2006,1099,1,beautiful
4935272525,2015,2500,1,beautiful
pre2013_52571,2012,1800,1,beautiful
pre2013_84469,2001,1550,1,beautiful
pre2013_133533,2005,2100,3,beautiful
pre2013_108783,2004,2950,3,beautiful
pre2013_149417,2006,1450,1,beautiful
4666975391,2014,3250,2,beautiful
5043313996,2015,3355,1,beautiful
pre2013_116955,2001,1400,1,beautiful
pre2013_122516,2004,2300,2,beautiful
pre2013_37792,2011,5500,5,beautiful
4966905028,2015,1500,2,beautiful
pre2013_26272,2007,3475,3,beautiful
pre2013_83098,2006,1550,2,beautiful
pre2013_45329,2011,1775,2,beautiful
pre2013_106846,2004,1100,1,beautiful
pre2013_159118,2006,1550,1,beautiful
pre2013_110249,2004,925,1,beautiful
pre2013_105164,2004,1700,2,beautiful
pre2013_32952,2011,9995,7,beautiful
6379103905,2017,3800,2,beautiful
pre2013_38530,2011,5200,5,beautiful
4988491592,2015,2315,1,beautiful
pre2013_44928,2011,1565,1,beautiful
3610433200,2013,3200,4,beautiful
pre2013_111308,2004,1850,2,beautiful
pre2013_109418,2004,2700,3,beautiful
pre2013_71594,2012,4600,NA,beautiful
4924576428,2015,3678,2,beautiful
pre2013_36977,2011,2350,2,beautiful
pre2013_1098,2006,2750,NA,beautiful
pre2013_106696,2004,1000,1,beautiful
pre2013_128913,2004,2450,3,beautiful
pre2013_104729,2004,1100,1,beautiful
pre2013_156814,2006,1950,2,beautiful
pre2013_107781,2004,1550,2,beautiful
pre2013_150159,2006,2950,4,beautiful
pre2013_109997,2004,2450,3,beautiful
pre2013_129528,2004,1950,2,beautiful
pre2013_41749,2011,880,2,beautiful
pre2013_148618,2006,1200,1,beautiful
pre2013_38249,2011,5500,5,beautiful
pre2013_111021,2004,1795,2,beautiful
pre2013_112033,2004,2100,3,beautiful
pre2013_65466,2012,2950,2,beautiful
pre2013_51667,2012,1553,1,beautiful
pre2013_106878,2004,2690,3,beautiful
pre2013_127753,2004,1600,2,beautiful
pre2013_108153,2004,2395,3,beautiful
pre2013_150648,2006,2300,3,beautiful
pre2013_134788,2005,2250,3,beautiful
pre2013_149479,2006,2650,3,beautiful
pre2013_36961,2011,1695,1,beautiful
pre2013_106222,2004,2300,3,beautiful
pre2013_110681,2004,2388,2,beautiful
pre2013_107460,2004,1150,1,beautiful
pre2013_111421,2004,2200,2,beautiful
pre2013_156799,2006,2400,3,beautiful
pre2013_104322,2004,1075,1,beautiful
pre2013_103974,2004,1800,2,beautiful
pre2013_69267,2012,4000,3,beautiful
pre2013_111466,2004,2388,2,beautiful
pre2013_7352,2008,1615,1,beautiful
pre2013_17966,2012,1325,1,beautiful
pre2013_149191,2006,2500,2,beautiful
4956674747,2015,3707,2,beautiful
pre2013_109064,2004,2000,2,beautiful
pre2013_39266,2011,2500,3,beautiful
pre2013_126385,2004,2500,3,beautiful
pre2013_52005,2012,1579,1,beautiful
pre2013_149796,2006,1500,2,beautiful
4766394490,2014,1600,0,beautiful
pre2013_65926,2012,2295,1,beautiful
pre2013_108996,2004,2500,3,beautiful
pre2013_12823,2012,2385,2,beautiful
pre2013_48222,2012,4400,4,beautiful
pre2013_110519,2004,2750,2,beautiful
pre2013_111999,2004,2350,3,beautiful
pre2013_31666,2011,1650,1,beautiful
pre2013_129301,2004,1725,2,beautiful
4644855897,2014,3650,3,beautiful
pre2013_54256,2012,2275,1,beautiful
pre2013_54255,2012,2895,3,beautiful
pre2013_110298,2004,2450,3,beautiful
pre2013_159705,2007,2800,2,beautiful
pre2013_149773,2006,1800,2,beautiful
pre2013_131512,2004,1100,1,beautiful
pre2013_54244,2012,1899,1,beautiful
pre2013_37421,2011,1250,1,beautiful
4700218266,2014,4095,4,beautiful
pre2013_37414,2011,1550,1,beautiful
pre2013_38892,2011,1150,1,beautiful
5066251392,2015,2800,2,beautiful
4138180773,2013,6000,5,beautiful
6521165990,2018,3425,2,beautiful
4611760229,2014,2195,1,beautiful
pre2013_158833,2006,1850,2,beautiful
5380029396,2016,4750,3,beautiful
pre2013_149325,2006,1699,3,beautiful
pre2013_51037,2012,2200,2,beautiful
pre2013_104275,2004,2000,2,beautiful
4611677468,2014,2525,1,beautiful
5269289479,2015,3800,3,beautiful
pre2013_44920,2011,3200,3,beautiful
pre2013_32428,2011,9995,7,beautiful
pre2013_4821,2007,3475,3,beautiful
4834490163,2015,2750,2,beautiful
pre2013_9983,2011,3600,3,beautiful
pre2013_150453,2006,1150,1,beautiful
pre2013_27241,2007,1150,1,beautiful
5066261686,2015,2359,1,beautiful
pre2013_32432,2011,1979,2,beautiful
pre2013_85894,2003,1375,1,beautiful
pre2013_149265,2006,2300,3,beautiful
pre2013_67317,2012,2109,1,beautiful
pre2013_150434,2006,3795,4,beautiful
pre2013_109078,2004,1500,2,beautiful
pre2013_150056,2006,2950,4,beautiful
pre2013_107957,2004,2850,3,beautiful
pre2013_125661,2004,2950,3,beautiful
pre2013_140744,2005,1500,2,beautiful
pre2013_36935,2011,5500,5,beautiful
3562374694,2013,2374,2,beautiful
pre2013_15831,2012,2799,3,beautiful
pre2013_57235,2012,1759,1,beautiful
pre2013_53925,2012,1649,1,beautiful
pre2013_27720,2007,2850,2,beautiful
pre2013_125027,2004,1300,1,beautiful
pre2013_163983,2006,1400,2,beautiful
pre2013_52640,2012,1295,1,beautiful
4677965858,2014,3249,2,beautiful
pre2013_83958,2006,2975,3,beautiful
pre2013_32035,2011,2295,3,beautiful
4935213215,2015,600,1,beautiful
pre2013_83972,2006,4700,4,beautiful
pre2013_44659,2011,4500,3,beautiful
pre2013_162563,2006,1495,NA,beautiful
pre2013_59876,2012,2685,3,beautiful
pre2013_81463,2007,2800,4,beautiful
pre2013_78479,2008,1250,1,beautiful
pre2013_137931,2005,1185,1,beautiful
pre2013_55691,2012,1950,2,beautiful
pre2013_65119,2012,1725,2,beautiful
5615173165,2016,2540,2,beautiful
5043348779,2015,3450,4,beautiful
pre2013_36254,2011,1695,2,beautiful
pre2013_5838,2008,1550,1,beautiful
pre2013_32019,2011,1895,2,beautiful
pre2013_41896,2011,4200,4,beautiful
5819591661,2016,2121,1,beautiful
pre2013_162830,2006,1400,2,beautiful
pre2013_32033,2011,1210,NA,beautiful
pre2013_55672,2012,4300,4,beautiful
pre2013_36235,2011,1775,3,beautiful
5819631806,2016,2569,2,beautiful
5752240918,2016,3149,2,beautiful
pre2013_33498,2011,4500,NA,beautiful
pre2013_124858,2004,1470,2,beautiful
5570920421,2016,1993,1,beautiful
pre2013_130497,2004,2950,4,beautiful
pre2013_26609,2007,1629,1,beautiful
pre2013_46129,2011,1677,NA,beautiful
pre2013_81086,2007,3100,4,beautiful
4966823351,2015,4795,4,beautiful
5429178627,2016,3418,3,beautiful
5403313535,2016,2633,1,beautiful
pre2013_32034,2011,1845,2,beautiful
5536717026,2016,2500,2,beautiful
5570785702,2016,2450,2,beautiful
pre2013_164709,2006,1225,2,beautiful
pre2013_58247,2012,1650,2,beautiful
4988512439,2015,3595,2,beautiful
5393142839,2016,1550,0,beautiful
pre2013_163160,2006,1550,1,beautiful
pre2013_41880,2011,2700,2,beautiful
pre2013_132375,2004,1175,1,beautiful
5514464822,2016,2175,1,beautiful
pre2013_70746,2012,1955,2,beautiful
5570786510,2016,2100,1,beautiful
5514459290,2016,2418,1,beautiful
5818455924,2016,3200,3,beautiful
pre2013_163407,2006,1195,2,beautiful
5615296697,2016,1850,1,beautiful
5403307525,2016,3406,3,beautiful
pre2013_68863,2012,1150,1,beautiful
5392836544,2016,3400,2,beautiful
5500788082,2016,5850,3,beautiful
pre2013_35390,2011,1775,3,beautiful
pre2013_81806,2007,1425,1,beautiful
5791626504,2016,5725,3,beautiful
pre2013_52385,2012,1649,1,beautiful
pre2013_13248,2012,4500,3,beautiful
pre2013_82654,2006,1250,1,beautiful
pre2013_29651,2011,1500,1,beautiful
pre2013_132929,2004,1900,2,beautiful
5657207821,2016,1850,1,beautiful
5066219606,2015,2076,NA,beautiful
pre2013_31000,2011,2360,2,beautiful
5056609384,2015,3325,2,beautiful
pre2013_11624,2011,1668,1,beautiful
5654671255,2016,1750,1,beautiful
5054865493,2015,2815,0,beautiful
pre2013_22618,2012,4400,3,beautiful
pre2013_164889,2006,2975,NA,beautiful
5088552442,2015,2211,1,beautiful
pre2013_87350,2003,1100,1,beautiful
pre2013_1868,2006,2800,3,beautiful
4666809025,2014,3259,2,beautiful
pre2013_65128,2012,1745,2,beautiful
pre2013_87556,2003,900,0,beautiful
5054831128,2015,4200,3,beautiful
pre2013_144669,2005,2000,NA,beautiful
pre2013_128915,2004,1200,5,beautiful
pre2013_87282,2003,2199,2,beautiful
pre2013_6642,2009,3000,2,beautiful
5514673908,2016,1600,0,beautiful
5302341240,2015,1750,1,beautiful
pre2013_35330,2011,4150,NA,beautiful
pre2013_18332,2012,1750,2,beautiful
pre2013_79398,2008,3800,3,beautiful
pre2013_45367,2011,2750,NA,beautiful
3812569310,2013,5000,4,beautiful
pre2013_35340,2011,2190,2,beautiful
pre2013_80820,2007,1100,1,beautiful
pre2013_125315,2004,2200,2,beautiful
4645151722,2014,2847,2,beautiful
pre2013_33017,2011,3200,3,beautiful
pre2013_55017,2012,4400,3,beautiful
pre2013_163757,2006,1200,1,beautiful
pre2013_38331,2011,1570,1,beautiful
pre2013_54351,2012,1275,1,beautiful
pre2013_163432,2006,1400,NA,beautiful
pre2013_2719,2006,1100,1,beautiful
4611544461,2014,2043,1,beautiful
5419415115,2016,2400,3,beautiful
pre2013_164786,2006,4995,4,beautiful
pre2013_38910,2011,1495,1,beautiful
pre2013_38337,2011,4000,5,beautiful
4633895852,2014,3750,2,beautiful
pre2013_33015,2011,2750,2,beautiful
5077230655,2015,4000,3,beautiful
pre2013_2249,2008,1250,1,beautiful
pre2013_28470,2008,2800,NA,beautiful
pre2013_38269,2011,2800,3,beautiful
pre2013_2926,2006,1950,3,beautiful
pre2013_118159,2004,1600,2,beautiful
pre2013_5297,2007,2895,4,beautiful
pre2013_36615,2011,2750,3,beautiful
pre2013_78210,2008,1150,1,beautiful
pre2013_24672,2006,1950,3,beautiful
pre2013_164919,2006,1800,3,beautiful
pre2013_29303,2011,2700,3,beautiful
pre2013_4936,2007,900,1,beautiful
5429755102,2016,3700,3,beautiful
pre2013_61142,2012,2900,3,beautiful
pre2013_60331,2012,1700,2,beautiful
pre2013_67380,2012,4195,4,beautiful
pre2013_61076,2012,2750,3,beautiful
pre2013_10368,2012,4500,3,beautiful
pre2013_67418,2012,3900,5,beautiful
5429479685,2016,2635,2,beautiful
pre2013_164284,2006,1225,1,beautiful
pre2013_45812,2011,1958,NA,beautiful
pre2013_10305,2012,1845,2,beautiful
pre2013_119090,2004,4000,4,beautiful
pre2013_163050,2006,1095,1,beautiful
4133618387,2013,1600,1,beautiful
pre2013_165065,2006,3500,4,beautiful
pre2013_164103,2006,4800,4,beautiful
4656794784,2014,2175,2,beautiful
4133866423,2013,1600,1,beautiful
pre2013_162121,2006,2100,2,beautiful
3877974407,2013,2950,3,beautiful
pre2013_163448,2006,1050,1,beautiful
5482906212,2016,6365,2,beautiful
pre2013_71747,2012,3000,3,beautiful
pre2013_163426,2006,1250,2,beautiful
5830642686,2016,2888,2,beautiful
5830582011,2016,4800,4,beautiful
pre2013_158051,2006,1200,1,beautiful
5470725717,2016,4356,2,beautiful
pre2013_155849,2006,900,1,beautiful
pre2013_55441,2012,3300,4,beautiful
pre2013_43624,2011,1345,1,beautiful
4977680220,2015,3078,2,beautiful
pre2013_144914,2005,2200,NA,beautiful
pre2013_154678,2007,2110,2,beautiful
4261533904,2013,3000,3,beautiful
4977698794,2015,2730,1,beautiful
4977620812,2015,2766,2,beautiful
pre2013_45944,2011,1485,1,beautiful
pre2013_3880,2008,1421,1,beautiful
pre2013_139932,2005,965,1,beautiful
5492990523,2016,1000,1,beautiful
4778571458,2014,3450,4,beautiful
pre2013_114299,2004,1015,1,beautiful
pre2013_114640,2004,950,2,beautiful
6359726422,2017,1795,2,beautiful
pre2013_114300,2004,1180,2,beautiful
5492999744,2016,2995,2,beautiful
pre2013_112864,2004,1450,2,beautiful
5054817129,2015,2327,1,beautiful
pre2013_159884,2007,1495,2,beautiful
pre2013_8657,2011,1325,2,beautiful
4956690628,2015,2513,2,beautiful
pre2013_113077,2004,1325,2,beautiful
5570941293,2016,2176,1,beautiful
4966931995,2015,2774,2,beautiful
5470647983,2016,2746,1,beautiful
pre2013_155873,2006,1939,2,beautiful
pre2013_114702,2004,865,1,beautiful
pre2013_49038,2012,1450,2,beautiful
4764252944,2014,3450,4,beautiful
pre2013_160474,2006,2500,3,beautiful
pre2013_154427,2007,2275,3,beautiful
pre2013_16477,2012,2300,3,beautiful
4922273499,2015,2195,2,beautiful
6552330243,2018,3850,3,beautiful
pre2013_113071,2004,1300,2,beautiful
pre2013_114010,2004,1200,2,beautiful
pre2013_140353,2005,975,1,beautiful
pre2013_62527,2012,1410,1,beautiful
pre2013_62523,2012,2239,1,beautiful
pre2013_71927,2012,2300,2,beautiful
pre2013_12012,2011,2770,NA,beautiful
pre2013_71948,2012,2186,1,beautiful
pre2013_115042,2004,950,1,beautiful
pre2013_52491,2012,1450,2,beautiful
pre2013_16095,2012,2300,3,beautiful
4988552996,2015,2218,2,beautiful
4619508966,2014,3250,3,beautiful
pre2013_115762,2004,1900,3,beautiful
pre2013_66177,2012,1550,2,beautiful
4925850101,2015,2195,2,beautiful
pre2013_63237,2012,1575,1,beautiful
5313241781,2015,2222,1,beautiful
pre2013_22930,2012,3450,3,beautiful
pre2013_115216,2004,1130,2,beautiful
5155081535,2015,3095,3,beautiful
5777270293,2016,2514,2,beautiful
pre2013_72347,2012,1695,2,beautiful
pre2013_16846,2012,2000,2,beautiful
pre2013_121760,2004,950,1,beautiful
pre2013_69054,2012,1645,1,beautiful
pre2013_133336,2005,1400,1,beautiful
pre2013_66137,2012,3000,4,beautiful
pre2013_160491,2006,1350,2,beautiful
pre2013_71882,2012,1950,2,beautiful
5785457388,2016,3990,4,beautiful
pre2013_72387,2012,3500,4,beautiful
pre2013_22469,2012,1890,2,beautiful
pre2013_154421,2007,3000,3,beautiful
4834729266,2015,1725,1,beautiful
pre2013_115727,2004,1900,3,beautiful
4257012559,2013,1770,1,beautiful
5525559249,2016,5369,2,beautiful
5627999964,2016,2795,2,beautiful
3532487112,2013,1825,2,beautiful
5717556621,2016,3250,2,beautiful
pre2013_24571,2006,1100,2,beautiful
pre2013_115752,2004,1745,2,beautiful
pre2013_23861,2012,1400,1,beautiful
pre2013_68047,2012,1325,1,beautiful
pre2013_113803,2004,1500,2,beautiful
pre2013_67541,2012,1295,1,beautiful
pre2013_84121,2006,1500,NA,beautiful
pre2013_28741,2010,2200,2,beautiful
pre2013_28409,2008,1797,2,beautiful
pre2013_68046,2012,1325,1,beautiful
pre2013_22882,2012,2800,3,beautiful
pre2013_115639,2004,950,1,beautiful
pre2013_134346,2005,1450,2,beautiful
4667228543,2014,3500,3,beautiful
pre2013_9039,2011,1650,2,beautiful
pre2013_139567,2005,1450,2,beautiful
5807530296,2016,2600,2,beautiful
pre2013_82885,2006,1273,1,beautiful
pre2013_83308,2006,1100,2,beautiful
5936773322,2017,2595,2,beautiful
5615191601,2016,2655,2,beautiful
5785483709,2016,3295,3,beautiful
pre2013_9205,2011,1345,2,beautiful
pre2013_123283,2004,1795,3,beautiful
pre2013_46674,2011,1468,1,beautiful
pre2013_128310,2004,1200,1,beautiful
pre2013_10538,2012,1285,1,beautiful
pre2013_28383,2008,2650,4,beautiful
pre2013_56173,2012,2890,2,beautiful
5785482814,2016,3200,3,beautiful
pre2013_115109,2004,1165,1,beautiful
pre2013_18322,2012,2560,2,beautiful
5403138859,2016,2800,3,beautiful
pre2013_41587,2011,2500,4,beautiful
5171233152,2015,2470,1,beautiful
pre2013_78666,2008,2700,4,beautiful
pre2013_79556,2006,2695,3,beautiful
pre2013_72390,2012,2850,3,beautiful
pre2013_43254,2011,1650,NA,beautiful
5269373857,2015,2249,1,beautiful
pre2013_115882,2004,1900,3,beautiful
pre2013_113810,2004,965,1,beautiful
4571087081,2014,2044,1,beautiful
pre2013_67548,2012,1295,1,beautiful
5280382799,2015,2130,1,beautiful
pre2013_22692,2012,1833,2,beautiful
pre2013_72351,2012,2850,4,beautiful
pre2013_34608,2011,1095,0,beautiful
pre2013_36367,2011,1450,1,beautiful
5772343848,2016,3600,3,beautiful
pre2013_35542,2011,2650,3,beautiful
5587617758,2016,4495,3,beautiful
pre2013_22517,2012,1495,1,beautiful
pre2013_35464,2011,3000,3,beautiful
pre2013_65733,2012,2387,2,beautiful
6578433514,2018,4295,3,beautiful
pre2013_39130,2011,2394,2,beautiful
pre2013_115000,2004,950,1,beautiful
pre2013_28689,2008,2295,3,beautiful
pre2013_42018,2011,2150,2,beautiful
pre2013_56146,2012,1845,2,beautiful
5429688063,2016,2100,1,beautiful
pre2013_86171,2003,2400,3,beautiful
pre2013_137083,2005,2050,4,beautiful
pre2013_42445,2011,1695,NA,beautiful
pre2013_53113,2012,2404,2,beautiful
pre2013_9036,2011,1400,1,beautiful
pre2013_42440,2011,1250,1,beautiful
pre2013_113679,2004,965,1,beautiful
5668577146,2016,1825,1,beautiful
5302424261,2015,2199,1,beautiful
pre2013_56127,2012,2518,2,beautiful
pre2013_65745,2012,1785,1,beautiful
pre2013_17587,2012,2995,3,beautiful
5829404981,2016,3500,3,beautiful
pre2013_18955,2012,900,1,beautiful
pre2013_114530,2004,1400,1,beautiful
pre2013_31337,2011,1819,1,beautiful
5088688215,2015,2280,1,beautiful
5503902255,2016,2335,1,beautiful
pre2013_86417,2003,1400,2,beautiful
3562715446,2013,2337,2,beautiful
pre2013_132335,2004,1150,1,beautiful
pre2013_113682,2004,1180,2,beautiful
4250583375,2013,3000,3,beautiful
5171407242,2015,2345,1,beautiful
pre2013_21604,2012,1995,3,beautiful
pre2013_60889,2012,1568,0,beautiful
pre2013_24962,2006,1055,NA,beautiful
5780840816,2016,3295,3,beautiful
5410742416,2016,2742,2,beautiful
pre2013_58378,2012,1399,1,beautiful
5280414378,2015,2535,2,beautiful
pre2013_121428,2004,1900,3,beautiful
pre2013_49956,2012,1757,2,beautiful
6562261084,2018,3950,3,beautiful
pre2013_17878,2012,1499,2,beautiful
pre2013_17005,2012,1750,2,beautiful
pre2013_113200,2004,1030,2,beautiful
pre2013_112740,2004,995,1,beautiful
pre2013_161639,2006,950,1,beautiful
pre2013_13772,2012,1094,1,beautiful
pre2013_56787,2012,1399,1,beautiful
6305954493,2017,2719,2,beautiful
5410735219,2016,2143,1,beautiful
pre2013_115562,2004,965,1,beautiful
5048675109,2015,2439,1,beautiful
4700031564,2014,3095,2,beautiful
pre2013_56799,2012,1475,1,beautiful
pre2013_4931,2007,1600,2,beautiful
4935164643,2015,2442,1,beautiful
pre2013_15715,2012,1995,3,beautiful
pre2013_4594,2008,2695,2,beautiful
pre2013_42066,2011,1940,2,beautiful
pre2013_44825,2011,1495,2,beautiful
pre2013_6030,2009,2675,3,beautiful
pre2013_42836,2011,1890,2,beautiful
pre2013_63724,2012,1575,1,beautiful
5429771792,2016,2592,2,beautiful
5460144939,2016,2745,2,beautiful
pre2013_31333,2011,1742,1,beautiful
pre2013_44791,2011,1625,3,beautiful
pre2013_10342,2012,1525,2,beautiful
pre2013_6776,2009,1528,2,beautiful
5460186985,2016,1000,1,beautiful
3878888928,2013,2713,2,beautiful
pre2013_158903,2006,3000,4,beautiful
5434821270,2016,2295,1,beautiful
pre2013_6951,2008,2313,2,beautiful
pre2013_60869,2012,2795,2,beautiful
pre2013_126421,2004,2200,3,beautiful
pre2013_47408,2012,3000,3,beautiful
4626269881,2014,3100,3,beautiful
pre2013_57112,2012,1662,1,beautiful
pre2013_160628,2006,1700,2,beautiful
pre2013_115593,2004,1130,2,beautiful
pre2013_143055,2005,1375,2,beautiful
4656099087,2014,2390,2,beautiful
5673955083,2016,1795,1,beautiful
pre2013_161874,2006,2500,4,beautiful
pre2013_8174,2011,1854,2,beautiful
5606174796,2016,3200,2,beautiful
pre2013_60093,2012,1575,1,beautiful
4017919715,2013,4995,3,beautiful
pre2013_47077,2011,1605,1,beautiful
4935169179,2015,2229,1,beautiful
pre2013_78675,2008,1275,1,beautiful
pre2013_13993,2012,2300,3,beautiful
5415472621,2016,3395,3,beautiful
pre2013_160527,2006,650,0,beautiful
5449133208,2016,2000,1,beautiful
pre2013_112884,2004,2395,3,beautiful
pre2013_113117,2004,1450,2,beautiful
4020023381,2013,3150,3,beautiful
pre2013_160984,2006,3200,3,beautiful
pre2013_113250,2004,775,0,beautiful
pre2013_113226,2004,2600,3,beautiful
pre2013_113302,2004,2850,4,beautiful
pre2013_129303,2004,1350,2,beautiful
pre2013_129431,2004,2500,3,beautiful
pre2013_113335,2004,1795,3,beautiful
pre2013_113665,2004,950,NA,beautiful
4264308339,2013,6495,4,beautiful
pre2013_161617,2006,875,1,beautiful
pre2013_114048,2004,950,0,beautiful
pre2013_18581,2012,1145,1,beautiful
pre2013_131247,2004,850,1,beautiful
pre2013_119909,2004,2250,3,beautiful
pre2013_114637,2004,850,0,beautiful
pre2013_114711,2004,2850,2,beautiful
pre2013_111714,2004,1100,1,beautiful
pre2013_114850,2004,1800,3,beautiful
pre2013_22394,2012,3000,4,beautiful
5779890300,2016,3500,3,beautiful
5783659000,2016,4000,3,beautiful
pre2013_115968,2004,850,0,beautiful
4976811009,2015,2650,3,beautiful
pre2013_122852,2004,1550,2,beautiful
pre2013_122853,2004,1650,2,beautiful
pre2013_122843,2004,3200,4,beautiful
pre2013_25476,2007,850,0,beautiful
pre2013_25599,2007,1850,2,beautiful
pre2013_123093,2004,900,1,beautiful
5445067557,2016,2895,2,beautiful
pre2013_26958,2007,899,0,beautiful
pre2013_154655,2007,2600,NA,beautiful
pre2013_16849,2012,2850,4,beautiful
pre2013_125563,2004,1500,2,beautiful
pre2013_155832,2006,2250,3,beautiful
pre2013_160219,2006,1875,3,beautiful
pre2013_78672,2008,1100,1,beautiful
pre2013_78674,2008,1400,2,beautiful
pre2013_156765,2006,1875,3,beautiful
pre2013_137999,2005,2500,4,beautiful
pre2013_18579,2012,1175,1,beautiful
5413464758,2016,5300,5,beautiful
pre2013_11177,2011,1700,2,beautiful
5390727012,2016,2350,2,beautiful
pre2013_10739,2011,3295,3,beautiful
pre2013_160617,2006,1800,3,beautiful
pre2013_5989,2009,3475,3,beautiful
pre2013_6311,2009,2200,2,beautiful
pre2013_6575,2009,1450,1,beautiful
3539498706,2013,2500,2,beautiful
5442090963,2016,2090,1,beautiful
5449471615,2016,2950,2,beautiful
pre2013_6725,2009,2500,3,beautiful
3811510315,2013,1050,0,beautiful
pre2013_160901,2006,1950,2,beautiful
5469410339,2016,2400,2,beautiful
5481289111,2016,2795,2,beautiful
4088232043,2013,2495,2,beautiful
pre2013_154612,2007,1500,3,beautiful
5502364903,2016,1975,0,beautiful
4848751746,2015,1995,2,beautiful
pre2013_144299,2005,850,0,beautiful
4163465061,2013,2550,NA,beautiful
4149569171,2013,3250,2,beautiful
pre2013_161182,2006,1700,3,beautiful
pre2013_158251,2006,1090,1,beautiful
pre2013_161565,2006,2400,4,beautiful
5779909723,2016,1645,1,beautiful
pre2013_18458,2012,1625,2,beautiful
pre2013_18405,2012,1989,2,beautiful
4570870985,2014,4000,4,beautiful
5001063048,2015,4000,4,beautiful
pre2013_12468,2011,2495,2,beautiful
5054592403,2015,8500,5,beautiful
pre2013_30,2006,800,0,beautiful
pre2013_293,2006,2600,3,beautiful
5076191997,2015,975,1,beautiful
4655394216,2014,1475,1,beautiful
5088840003,2015,950,0,beautiful
5270817101,2015,1795,0,beautiful
pre2013_159185,2006,800,0,beautiful
pre2013_22535,2012,2675,3,beautiful
4804340306,2015,2195,2,beautiful
4844397555,2015,2310,2,beautiful
5312722130,2015,2600,2,beautiful
5502458411,2016,2000,1,beautiful
5501943717,2016,2000,1,beautiful
5796301127,2016,1500,0,beautiful
pre2013_83652,2006,1325,1,beautiful
4921835776,2015,2155,2,beautiful
pre2013_84087,2006,1600,1,beautiful
pre2013_135836,2005,2200,3,beautiful
4952476013,2015,2400,2,beautiful
4948804972,2015,2600,2,beautiful
5402795599,2016,2175,1,beautiful
5409322520,2016,3000,3,beautiful
pre2013_42013,2011,2000,1,beautiful
5075939480,2015,1175,0,beautiful
pre2013_21127,2012,2500,3,beautiful
5170038363,2015,2668,2,beautiful
5171058228,2015,2950,2,beautiful
5200066323,2015,5000,5,beautiful
5444247624,2016,2995,3,beautiful
pre2013_141619,2005,825,1,beautiful
pre2013_26093,2007,1900,1,beautiful
4633546340,2014,875,0,beautiful
5635327538,2016,1695,1,beautiful
pre2013_142974,2005,1100,1,beautiful
5481138045,2016,2795,2,beautiful
5480755015,2016,3900,3,beautiful
5482254506,2016,2163,1,beautiful
5510492923,2016,1750,1,beautiful
pre2013_16812,2012,1450,NA,beautiful
4865744861,2015,2110,2,beautiful
5807474676,2016,1500,0,beautiful
pre2013_26501,2007,2359,2,beautiful
3774216398,2013,2500,3,beautiful
4935213225,2015,600,1,beautiful
pre2013_4326,2008,1821,3,beautiful
5637085897,2016,3150,2,beautiful
5422260598,2016,1725,0,beautiful
pre2013_58800,2012,1195,1,beautiful
4599913024,2014,5200,5,beautiful
4666262346,2014,1920,1,beautiful
pre2013_78671,2008,1550,2,beautiful
5131726856,2015,3195,3,beautiful
5401654520,2016,1800,1,beautiful
5613271724,2016,3350,3,beautiful
5039706151,2015,2415,2,beautiful
5745623393,2016,4500,4,beautiful
5390731635,2016,2090,1,beautiful
5635878613,2016,3300,3,beautiful
4655005885,2014,1250,0,beautiful
3877131264,2013,2150,2,beautiful
pre2013_82459,2006,2500,4,beautiful
5068400419,2015,3250,3,beautiful
4156852559,2013,1950,2,beautiful
5200296527,2015,3300,3,beautiful
3512815921,2013,1590,1,beautiful
pre2013_161342,2006,2500,4,beautiful
pre2013_161351,2006,2800,4,beautiful
pre2013_160825,2006,750,1,beautiful
3811809999,2013,3300,3,beautiful
pre2013_160949,2006,1800,2,beautiful
3876932752,2013,1875,3,beautiful
3864648945,2013,2695,3,beautiful
3877157049,2013,3300,3,beautiful
4088066214,2013,1750,1,beautiful
4088103581,2013,1750,1,beautiful
pre2013_161105,2006,1785,2,beautiful
4956863451,2015,1100,0,beautiful
5501929784,2016,1800,1,beautiful
pre2013_159536,2006,875,0,beautiful
5605629348,2016,1695,1,beautiful
6610263420,2018,5275,4,beautiful
5817452823,2016,3000,3,beautiful
4137587144,2013,6500,4,beautiful
5790746163,2016,4850,2,beautiful
5536303093,2016,1600,1,beautiful
5275943415,2015,2200,3,beautiful
pre2013_64450,2012,2750,2,beautiful
5570674387,2016,1780,0,beautiful
5570636048,2016,2500,2,beautiful
5570887132,2016,2800,2,beautiful
5564153752,2016,4300,3,beautiful
4975273639,2015,1590,1,beautiful
5729553781,2016,3000,2,beautiful
4609696585,2014,2464,1,beautiful
5614372986,2016,3200,3,beautiful
4655011154,2014,1150,0,beautiful
5259031142,2015,4495,3,beautiful
4621350956,2014,2575,2,beautiful
5823363782,2016,3700,0,beautiful
5627815896,2016,1250,0,beautiful
3876611963,2013,1350,1,beautiful
5283852787,2015,2185,1,beautiful
4642319310,2014,1250,0,beautiful
5087372150,2015,1300,0,beautiful
5547287951,2016,4200,3,beautiful
4643066106,2014,1699,0,beautiful
4666136357,2014,3000,3,beautiful
4664580941,2014,3750,3,beautiful
5728697868,2016,2000,NA,beautiful
5728954153,2016,2500,2,beautiful
5724833389,2016,2995,2,beautiful
pre2013_15363,2012,1645,2,beautiful
pre2013_21904,2012,3800,4,beautiful
4920639206,2015,3300,3,beautiful
4921180579,2015,3495,3,beautiful
5774808597,2016,3750,3,beautiful
4644798647,2014,1900,1,beautiful
3805671167,2013,2000,3,beautiful
pre2013_17367,2012,1295,1,beautiful
pre2013_13331,2012,2300,3,beautiful
5623135672,2016,3300,2,beautiful
4999655890,2015,3395,3,beautiful
5743443760,2016,1400,0,beautiful
6378062372,2017,2100,1,beautiful
4844927416,2015,900,0,beautiful
5429798974,2016,1795,0,beautiful
4986283840,2015,2850,3,beautiful
4622263717,2014,1350,0,beautiful
pre2013_23192,2012,1125,1,beautiful
pre2013_23168,2012,1350,2,beautiful
5671478776,2016,1850,1,beautiful
5301805528,2015,1500,0,beautiful
pre2013_15314,2012,1645,2,beautiful
pre2013_26101,2007,2200,2,beautiful
5412230425,2016,1800,1,beautiful
4937031498,2015,4000,4,beautiful
5056731319,2015,3495,3,beautiful
5439334484,2016,2050,2,beautiful
5670911350,2016,2950,3,beautiful
4956133505,2015,1850,1,beautiful
4932358345,2015,1990,1,beautiful
5546804899,2016,5750,2,beautiful
4621304813,2014,1940,1,beautiful
4665462679,2014,1250,0,beautiful
5433878546,2016,2795,2,beautiful
pre2013_21672,2012,1025,0,beautiful
4879162059,2015,2005,1,beautiful
pre2013_81931,2007,650,2,beautiful
4986281477,2015,2700,2,beautiful
5637241286,2016,4100,3,beautiful
4966881476,2015,2165,2,beautiful
5537404749,2016,1390,0,beautiful
6514127750,2018,2600,2,beautiful
5042222131,2015,2650,1,beautiful
3811929799,2013,1756,1,beautiful
5739161396,2016,2550,2,beautiful
4835037289,2015,2795,2,beautiful
5201561023,2015,3650,3,beautiful
4943146175,2015,2015,1,beautiful
4907263518,2015,3675,3,beautiful
6498182992,2018,4775,4,beautiful
5268914810,2015,1650,NA,beautiful
4804460688,2015,4995,3,beautiful
5606235597,2016,3200,3,beautiful
pre2013_28294,2008,2800,4,beautiful
5267813262,2015,2100,1,beautiful
5492938102,2016,2690,2,beautiful
4675807510,2014,1920,1,beautiful
4941717231,2015,2075,1,beautiful
5267592402,2015,2300,2,beautiful
5267731838,2015,2299,2,beautiful
5729089947,2016,1950,1,beautiful
5301801261,2015,1750,0,beautiful
5827135806,2016,2150,2,beautiful
5762997280,2016,1695,1,beautiful
5636934015,2016,2385,NA,beautiful
5739439489,2016,3000,2,beautiful
4959767027,2015,2165,2,beautiful
5267889811,2015,2195,1,beautiful
4599650428,2014,1940,1,beautiful
5440768997,2016,3250,2,beautiful
4681820582,2014,1920,1,beautiful
5389486167,2016,3150,3,beautiful
5291610736,2015,2500,2,beautiful
5036492915,2015,2150,2,beautiful
4681886033,2014,1350,1,beautiful
5385177711,2016,2500,2,beautiful
5547146148,2016,2486,2,beautiful
4955946695,2015,1550,1,beautiful
5546614259,2016,3100,2,beautiful
4643336927,2014,2495,3,beautiful
5451237828,2016,1575,0,beautiful
5442092461,2016,2350,2,beautiful
pre2013_15562,2012,2850,4,beautiful
4864412763,2015,975,1,beautiful
5547115319,2016,2486,2,beautiful
4958180505,2015,2165,2,beautiful
5474563957,2016,2400,2,beautiful
3811007352,2013,1575,1,beautiful
4974686742,2015,2165,2,beautiful
5607229540,2016,4000,3,beautiful
5516308918,2016,3200,3,beautiful
5495220472,2016,2980,2,beautiful
4611451889,2014,2575,2,beautiful
4865737974,2015,1795,1,beautiful
4922891196,2015,1150,1,beautiful
5751705271,2016,1350,0,beautiful
4683656692,2014,1920,1,beautiful
5421071872,2016,2850,2,beautiful
4622788992,2014,2355,2,beautiful
5419093853,2016,1519,1,beautiful
5449556338,2016,2400,3,beautiful
pre2013_50418,2012,1545,3,beautiful
pre2013_43929,2011,2000,3,beautiful
5818255665,2016,1922,1,beautiful
5470774893,2016,1774,2,beautiful
5392868144,2016,1574,1,beautiful
pre2013_34402,2011,1225,2,beautiful
5514466369,2016,1830,2,beautiful
pre2013_30966,2011,1650,3,beautiful
pre2013_26395,2007,2000,4,beautiful
5797626687,2016,3975,3,beautiful
pre2013_58609,2012,1200,2,beautiful
pre2013_63139,2012,1015,1,beautiful
pre2013_63544,2012,1052,1,beautiful
pre2013_63927,2012,2500,4,beautiful
pre2013_164791,2006,2100,3,beautiful
pre2013_23061,2012,875,0,beautiful
5292939910,2015,2695,3,beautiful
pre2013_50138,2012,900,1,beautiful
pre2013_33532,2011,1125,2,beautiful
pre2013_77740,2009,1750,NA,beautiful
pre2013_13941,2012,850,1,beautiful
pre2013_12562,2011,2795,3,beautiful
pre2013_67407,2012,1113,2,beautiful
5392833999,2016,2500,3,beautiful
3797622870,2013,1775,3,beautiful
pre2013_54675,2012,1850,2,beautiful
5392991324,2016,2350,2,beautiful
pre2013_61130,2012,1653,3,beautiful
5797648339,2016,2140,2,beautiful
4666828783,2014,1799,2,beautiful
pre2013_39790,2011,2500,3,beautiful
pre2013_39375,2011,1375,2,beautiful
pre2013_66956,2012,1810,2,beautiful
pre2013_11345,2011,1550,3,beautiful
pre2013_44284,2011,1438,2,beautiful
5313131049,2015,2299,2,beautiful
pre2013_30101,2011,870,1,beautiful
pre2013_164619,2006,1550,3,beautiful
5797659828,2016,1960,1,beautiful
pre2013_31443,2011,1450,3,beautiful
pre2013_27416,2007,1275,2,beautiful
pre2013_51455,2012,975,1,beautiful
pre2013_11919,2011,1231,1,beautiful
pre2013_57974,2012,2300,3,beautiful
pre2013_6740,2009,1450,2,beautiful
pre2013_79726,2006,875,1,beautiful
pre2013_81742,2007,1150,NA,beautiful
pre2013_27006,2007,1250,2,beautiful
5403332590,2016,2449,2,beautiful
5818214134,2016,3100,4,beautiful
pre2013_69846,2012,1175,1,beautiful
4133827503,2013,1865,2,beautiful
pre2013_45813,2011,3300,4,beautiful
pre2013_69831,2012,1850,3,beautiful
pre2013_39742,2011,2300,4,beautiful
5269309674,2015,1950,3,beautiful
pre2013_50146,2012,1850,3,beautiful
5830546760,2016,2374,2,beautiful
pre2013_45042,2011,1175,2,beautiful
pre2013_49477,2012,1350,2,beautiful
pre2013_61115,2012,1193,2,beautiful
5022768936,2015,4250,4,beautiful
pre2013_80785,2007,1550,3,beautiful
5778934580,2016,2400,3,beautiful
5269293633,2015,1608,1,beautiful
5269264284,2015,1558,1,beautiful
5269264284,2015,1558,1,beautiful
5611942035,2016,1950,2,beautiful
pre2013_16030,2012,1700,3,beautiful
5615158034,2016,1744,1,beautiful
5741231199,2016,2600,3,beautiful
pre2013_62733,2012,1015,1,beautiful
pre2013_81767,2007,600,3,beautiful
pre2013_162136,2006,1125,1,beautiful
4644903504,2014,1717,2,beautiful
pre2013_15159,2012,800,0,beautiful
pre2013_164147,2006,1025,1,beautiful
5482895372,2016,1949,1,beautiful
pre2013_1392,2006,1900,4,beautiful
pre2013_2213,2008,1470,2,beautiful
pre2013_31521,2011,1040,2,beautiful
pre2013_81473,2007,810,1,beautiful
pre2013_142583,2005,1895,3,beautiful
5396582183,2016,1574,1,beautiful
4644687446,2014,1400,2,beautiful
pre2013_78494,2008,1440,2,beautiful
pre2013_87240,2003,1495,3,beautiful
pre2013_17244,2012,1224,1,beautiful
pre2013_23817,2012,2050,3,beautiful
pre2013_48894,2012,975,1,beautiful
pre2013_49465,2012,1520,2,beautiful
pre2013_9708,2011,1999,2,beautiful
pre2013_142851,2005,3000,3,beautiful
pre2013_42670,2011,1100,1,beautiful
pre2013_164401,2006,975,1,beautiful
4834926358,2015,2800,4,beautiful
pre2013_34440,2011,1850,3,beautiful
pre2013_78525,2008,1750,3,beautiful
pre2013_67849,2012,1550,2,beautiful
5062747895,2015,2150,2,beautiful
4977432408,2015,1714,1,beautiful
4977432408,2015,1714,1,beautiful
4977432408,2015,1714,1,beautiful
pre2013_5154,2008,1900,3,beautiful
pre2013_163165,2006,1080,1,beautiful
pre2013_33533,2011,890,1,beautiful
5595019523,2016,1625,2,beautiful
pre2013_69833,2012,1200,1,beautiful
pre2013_68325,2012,2100,3,beautiful
5061411104,2015,2159,2,beautiful
pre2013_65948,2012,1790,3,beautiful
pre2013_3321,2006,1100,2,beautiful
5302246120,2015,1938,2,beautiful
5419274006,2016,1900,2,beautiful
pre2013_59501,2012,3500,NA,beautiful
5302434682,2015,2300,3,beautiful
pre2013_68895,2012,1350,2,beautiful
5510129894,2016,2289,2,beautiful
5763451062,2016,2475,2,beautiful
4844471211,2015,1495,1,beautiful
5275085590,2015,1998,2,beautiful
pre2013_7370,2008,2100,3,beautiful
5403328399,2016,2499,2,beautiful
pre2013_46558,2011,1650,3,beautiful
5503883029,2016,1684,1,beautiful
pre2013_32036,2011,875,1,beautiful
pre2013_5704,2008,1700,3,beautiful
pre2013_9612,2011,1999,2,beautiful
pre2013_78496,2008,1215,1,beautiful
pre2013_65120,2012,2700,4,beautiful
4633871709,2014,750,0,beautiful
4865638938,2015,1999,2,beautiful
pre2013_163930,2006,1100,1,beautiful
5516035154,2016,1724,1,beautiful
5609582232,2016,1895,1,beautiful
pre2013_57919,2012,1663,3,beautiful
pre2013_155309,2007,1000,2,beautiful
4962641544,2015,1511,1,beautiful
pre2013_72648,2012,1575,2,beautiful
pre2013_163476,2006,2600,4,beautiful
pre2013_164881,2006,1075,2,beautiful
4879184867,2015,1100,1,beautiful
pre2013_66941,2012,1495,3,beautiful
pre2013_54347,2012,1975,NA,beautiful
5470549045,2016,1755,1,beautiful
pre2013_80793,2007,1595,3,beautiful
pre2013_54707,2012,1950,4,beautiful
pre2013_28232,2008,1435,2,beautiful
5547476358,2016,1872,1,beautiful
pre2013_55056,2012,1458,2,beautiful
pre2013_120318,2004,800,1,beautiful
pre2013_28558,2008,1000,1,beautiful
pre2013_163139,2006,800,1,beautiful
pre2013_163809,2006,1095,2,beautiful
pre2013_48275,2012,2000,3,beautiful
4600217456,2014,1100,1,beautiful
pre2013_56340,2012,995,2,beautiful
5054880006,2015,1275,1,beautiful
pre2013_82026,2007,500,NA,beautiful
pre2013_5238,2007,1350,2,beautiful
pre2013_51092,2012,1050,2,beautiful
5958624564,2017,1995,2,beautiful
pre2013_41004,2011,2399,NA,beautiful
pre2013_58266,2012,1433,2,beautiful
5638003996,2016,1400,1,beautiful
pre2013_39781,2011,1700,2,beautiful
pre2013_54680,2012,1750,3,beautiful
4017865712,2013,1575,3,beautiful
pre2013_52635,2012,1900,3,beautiful
pre2013_77783,2009,900,1,beautiful
pre2013_77783,2009,900,1,beautiful
pre2013_45036,2011,1995,3,beautiful
5302220800,2015,1775,2,beautiful
5492900235,2016,2049,2,beautiful
5818211279,2016,1835,2,beautiful
5439701581,2016,1825,2,beautiful
pre2013_71237,2012,1184,1,beautiful
pre2013_164717,2006,2300,4,beautiful
5538096374,2016,2219,2,beautiful
pre2013_67850,2012,1000,2,beautiful
5829116123,2016,2349,2,beautiful
pre2013_14129,2012,1200,2,beautiful
pre2013_159405,2006,1335,2,beautiful
6551685200,2018,2200,2,beautiful
pre2013_78909,2008,1500,2,beautiful
pre2013_30111,2011,2000,3,beautiful
pre2013_158195,2006,2750,4,beautiful
pre2013_27442,2007,1575,3,beautiful
5288049718,2015,1879,2,beautiful
5313125707,2015,2400,3,beautiful
pre2013_72643,2012,2500,3,beautiful
pre2013_29654,2011,1534,3,beautiful
pre2013_29659,2011,1519,2,beautiful
pre2013_54689,2012,1608,3,beautiful
pre2013_54673,2012,1695,3,beautiful
5672420938,2016,2600,3,beautiful
5525454050,2016,1765,1,beautiful
pre2013_21487,2012,1423,2,beautiful
5393156972,2016,1450,3,beautiful
pre2013_59102,2012,875,1,beautiful
pre2013_17058,2012,900,0,beautiful
4865918721,2015,1694,2,beautiful
pre2013_7510,2009,1295,1,beautiful
pre2013_164895,2006,1800,3,beautiful
pre2013_48899,2012,1100,2,beautiful
5797604319,2016,2409,2,beautiful
pre2013_55740,2012,975,2,beautiful
pre2013_80402,2007,2000,4,beautiful
pre2013_6253,2009,2500,4,beautiful
pre2013_6214,2009,1800,4,beautiful
5054808454,2015,1829,2,beautiful
pre2013_53321,2012,1200,1,beautiful
4622644948,2014,1799,2,beautiful
pre2013_165001,2006,1300,2,beautiful
pre2013_162585,2006,850,1,beautiful
pre2013_32045,2011,1795,3,beautiful
pre2013_13485,2012,1995,3,beautiful
4824536612,2015,2850,4,beautiful
5729707904,2016,2600,3,beautiful
4966519212,2015,1709,2,beautiful
pre2013_50735,2012,978,1,beautiful
pre2013_24451,2006,2495,4,beautiful
5413799146,2016,1900,1,beautiful
4988505518,2015,1715,1,beautiful
pre2013_58660,2012,1129,1,beautiful
pre2013_42267,2011,1975,3,beautiful
pre2013_142858,2005,900,1,beautiful
pre2013_47328,2011,1179,1,beautiful
pre2013_3061,2006,2150,3,beautiful
pre2013_43922,2011,1000,1,beautiful
pre2013_29254,2011,1250,1,beautiful
5429763383,2016,2750,4,beautiful
5787611484,2016,1395,1,beautiful
pre2013_83193,2006,1950,3,beautiful
4808005790,2014,1725,2,beautiful
4924509043,2015,1484,1,beautiful
5515529248,2016,1845,2,beautiful
pre2013_56607,2012,1448,2,beautiful
5481384466,2016,1429,1,beautiful
5382693421,2016,2395,2,beautiful
pre2013_55046,2012,1850,2,beautiful
pre2013_78191,2008,1650,2,beautiful
pre2013_47289,2011,2000,4,beautiful
pre2013_6373,2009,1425,2,beautiful
pre2013_35811,2011,1100,2,beautiful
4865870343,2015,1695,2,beautiful
pre2013_164896,2006,1600,3,beautiful
5302231179,2015,1834,2,beautiful
4655800864,2014,1824,2,beautiful
pre2013_55711,2012,2300,3,beautiful
5796549208,2016,2100,3,beautiful
3796682493,2013,1450,3,beautiful
5829390466,2016,1200,3,beautiful
4874462706,2015,3400,4,beautiful
pre2013_4211,2008,2150,3,beautiful
pre2013_51730,2012,1100,2,beautiful
pre2013_48584,2012,2500,3,beautiful
pre2013_41051,2011,1445,2,beautiful
pre2013_4982,2007,1575,3,beautiful
pre2013_79674,2006,2000,4,beautiful
pre2013_28802,2010,1000,1,beautiful
3562832758,2013,1750,3,beautiful
5807339958,2016,3500,3,beautiful
pre2013_79423,2008,1960,3,beautiful
pre2013_66003,2012,1100,1,beautiful
pre2013_66010,2012,1485,2,beautiful
pre2013_30162,2011,1649,2,beautiful
4865977489,2015,3000,3,beautiful
pre2013_3429,2006,1650,3,beautiful
pre2013_31444,2011,2225,4,beautiful
pre2013_164193,2006,1025,1,beautiful
5442455434,2016,1350,1,beautiful
pre2013_56344,2012,1129,1,beautiful
pre2013_78929,2008,1700,3,beautiful
pre2013_37474,2011,1399,2,beautiful
pre2013_83966,2006,1029,1,beautiful
5047527529,2015,1529,1,beautiful
pre2013_51724,2012,800,1,beautiful
pre2013_47623,2012,1150,1,beautiful
5538131579,2016,1619,1,beautiful
5534527396,2016,1765,1,beautiful
5536507209,2016,2199,2,beautiful
4600192978,2014,2700,3,beautiful
pre2013_129980,2004,1350,3,beautiful
4825981356,2015,1725,2,beautiful
pre2013_37867,2011,950,1,beautiful
6267309197,2017,2500,3,beautiful
4641313022,2014,1725,2,beautiful
5473737783,2016,2300,3,beautiful
pre2013_65587,2012,1399,2,beautiful
pre2013_44625,2011,1100,1,beautiful
4825448047,2015,1650,2,beautiful
pre2013_158778,2006,2000,3,beautiful
6624823407,2018,2095,1,beautiful
5626415529,2016,3200,3,beautiful
5482967667,2016,1549,1,beautiful
pre2013_55334,2012,1139,1,beautiful
pre2013_55331,2012,1109,1,beautiful
pre2013_31429,2011,900,3,beautiful
pre2013_29624,2011,1075,2,beautiful
pre2013_155988,2006,1350,3,beautiful
pre2013_8843,2011,1570,3,beautiful
pre2013_78516,2008,850,1,beautiful
pre2013_81066,2007,2400,3,beautiful
pre2013_78491,2008,775,NA,beautiful
pre2013_50443,2012,1059,NA,beautiful
pre2013_164942,2006,1050,2,beautiful
4133643146,2013,1195,1,beautiful
pre2013_33042,2011,1375,2,beautiful
4966798759,2015,2131,1,beautiful
pre2013_63925,2012,1150,2,beautiful
5537912869,2016,1549,1,beautiful
pre2013_3502,2006,1800,3,beautiful
pre2013_61495,2012,2100,3,beautiful
pre2013_57586,2012,1800,2,beautiful
5439495883,2016,1794,1,beautiful
pre2013_48906,2012,1950,3,beautiful
pre2013_159541,2006,2100,4,beautiful
pre2013_140088,2005,1300,3,beautiful
4966866168,2015,1750,2,beautiful
4834339037,2015,1577,1,beautiful
pre2013_69336,2012,1400,2,beautiful
5454453451,2016,2005,2,beautiful
pre2013_20716,2012,1500,3,beautiful
pre2013_32089,2011,1700,2,beautiful
pre2013_81095,2007,2850,4,beautiful
4966839305,2015,1504,1,beautiful
5830623638,2016,2115,2,beautiful
pre2013_47276,2011,700,0,beautiful
5302309206,2015,1295,1,beautiful
pre2013_162945,2006,1200,2,beautiful
pre2013_140242,2005,1695,3,beautiful
4611892027,2014,1950,4,beautiful
pre2013_30103,2011,1220,2,beautiful
pre2013_62362,2012,1750,3,beautiful
pre2013_11984,2011,1329,2,beautiful
4611521246,2014,1699,1,beautiful
pre2013_164256,2006,875,1,beautiful
5819690650,2016,3500,3,beautiful
pre2013_157771,2006,3200,5,beautiful
pre2013_161006,2006,4400,3,beautiful
4626051740,2014,5950,3,beautiful
4248741539,2013,20000,4,beautiful
5628014851,2016,6480,5,beautiful
6614417413,2018,5595,3,beautiful
pre2013_41161,2011,3895,3,beautiful
pre2013_115946,2004,1795,2,beautiful
pre2013_43226,2011,4500,3,beautiful
4648174591,2014,3000,2,beautiful
pre2013_36001,2011,3995,3,beautiful
5503969262,2016,2250,1,beautiful
pre2013_160340,2006,1250,2,beautiful
pre2013_17171,2012,2800,3,beautiful
4667074571,2014,3750,3,beautiful
5586994236,2016,1800,1,beautiful
5410264631,2016,7000,5,beautiful
pre2013_34625,2011,3995,NA,beautiful
pre2013_160815,2006,1295,1,beautiful
pre2013_27044,2007,1750,1,beautiful
pre2013_22198,2012,3750,3,beautiful
4236141756,2013,5850,5,beautiful
4604364599,2014,5950,3,beautiful
5046141738,2015,4495,4,beautiful
pre2013_113562,2004,1795,2,beautiful
6502955916,2018,3750,3,beautiful
pre2013_65714,2012,4895,3,beautiful
pre2013_13976,2012,3295,2,beautiful
4250637433,2013,5850,5,beautiful
4933971263,2015,20000,4,beautiful
pre2013_138115,2005,3995,5,beautiful
pre2013_7433,2008,2800,3,beautiful
pre2013_133394,2005,1650,2,beautiful
pre2013_65715,2012,4395,4,beautiful
pre2013_80912,2007,3900,4,beautiful
pre2013_65684,2012,1200,3,beautiful
pre2013_4515,2008,3995,3,beautiful
4241076161,2013,5850,5,beautiful
pre2013_64838,2012,4995,4,beautiful
pre2013_65269,2012,5095,3,beautiful
pre2013_154591,2007,4250,4,beautiful
pre2013_160779,2006,2500,4,beautiful
5525517429,2016,2150,1,beautiful
pre2013_113789,2004,1150,2,beautiful
4659585301,2014,20000,4,beautiful
pre2013_51845,2012,5300,5,beautiful
pre2013_64121,2012,4900,4,beautiful
pre2013_13637,2012,4500,NA,beautiful
pre2013_32713,2011,3500,3,beautiful
pre2013_139760,2005,2700,2,beautiful
pre2013_53660,2012,5000,3,beautiful
pre2013_138417,2005,1700,1,beautiful
pre2013_156800,2006,2000,2,beautiful
pre2013_59481,2012,2200,1,beautiful
pre2013_143067,2005,1850,2,beautiful
5639575044,2016,2500,0,beautiful
5639346105,2016,3152,2,beautiful
pre2013_157784,2006,2500,3,beautiful
4264274956,2013,3600,3,beautiful
5830543927,2016,3067,2,beautiful
pre2013_59460,2012,3375,2,beautiful
pre2013_84429,2006,3000,3,beautiful
pre2013_143069,2005,1550,1,beautiful
pre2013_29644,2011,2995,3,beautiful
4988410206,2015,2516,1,beautiful
5466046333,2016,4500,2,beautiful
pre2013_121186,2004,1272,1,beautiful
pre2013_121186,2004,1272,1,beautiful
5410790205,2016,4500,2,beautiful
pre2013_42735,2011,2200,2,beautiful
pre2013_128678,2004,1550,2,beautiful
pre2013_123720,2004,3000,3,beautiful
5493061818,2016,2149,0,beautiful
pre2013_38354,2011,2000,1,beautiful
5827453054,2016,7700,3,beautiful
pre2013_22371,2012,1900,1,beautiful
pre2013_42733,2011,2450,2,beautiful
5672282097,2016,2889,2,beautiful
4777643534,2014,4500,4,beautiful
pre2013_162428,2006,3800,2,beautiful
5401907162,2016,4500,2,beautiful
pre2013_125536,2004,2450,4,beautiful
pre2013_162305,2006,2200,2,beautiful
pre2013_80745,2007,1950,2,beautiful
5538112346,2016,4400,3,beautiful
5466040927,2016,4500,2,beautiful
pre2013_165028,2006,1600,1,beautiful
pre2013_48561,2012,2350,2,beautiful
pre2013_63097,2012,3000,2,beautiful
pre2013_42734,2011,2200,2,beautiful
5313195655,2015,2508,2,beautiful
pre2013_132583,2004,1750,3,beautiful
pre2013_162286,2006,3800,2,beautiful
pre2013_57283,2012,3800,2,beautiful
pre2013_78933,2008,2995,3,beautiful
pre2013_87611,2003,1285,1,beautiful
pre2013_1710,2006,1925,2,beautiful
5796295834,2016,3975,3,beautiful
4988401596,2015,2765,2,beautiful
4028377212,2013,3100,2,beautiful
4644879488,2014,3450,2,beautiful
4644876716,2014,3200,1,beautiful
5807504017,2016,3975,3,beautiful
pre2013_162341,2006,1255,1,beautiful
pre2013_26217,2007,3000,3,beautiful
5741165027,2016,2812,2,beautiful
5830530414,2016,2418,1,beautiful
4611575887,2014,2350,1,beautiful
5603730686,2016,4500,2,beautiful
pre2013_155255,2007,3200,3,beautiful
5729815399,2016,2892,2,beautiful
4717768494,2014,3295,1,beautiful
pre2013_123111,2004,1825,1,beautiful
5607538111,2016,3497,2,beautiful
pre2013_17590,2012,1900,1,beautiful
pre2013_162447,2006,2200,2,beautiful
5615101376,2016,3357,2,beautiful
pre2013_64681,2012,2000,1,beautiful
5073495807,2015,1400,NA,beautiful
pre2013_60698,2012,3375,2,beautiful
pre2013_78505,2008,3500,NA,beautiful
5482821368,2016,3800,3,beautiful
pre2013_58627,2012,3375,2,beautiful
pre2013_35354,2011,2450,2,beautiful
pre2013_12092,2011,2590,2,beautiful
5637761034,2016,3147,2,beautiful
pre2013_117114,2002,1900,1,beautiful
pre2013_125112,2004,1850,2,beautiful
pre2013_128120,2004,1550,2,beautiful
5631114938,2016,2500,0,beautiful
pre2013_8613,2011,1600,NA,beautiful
5481525959,2016,4500,2,beautiful
pre2013_157318,2006,2500,3,beautiful
pre2013_52961,2012,3500,2,beautiful
pre2013_81755,2007,3200,NA,beautiful
5269415095,2015,2321,1,beautiful
5626381269,2016,3237,2,beautiful
pre2013_33043,2011,2150,2,beautiful
5743807759,2016,3700,3,beautiful
4646384951,2014,3200,3,beautiful
4848338137,2015,2375,2,beautiful
5031261571,2015,1400,1,beautiful
4943419004,2015,1650,1,beautiful
5297588446,2015,3500,4,beautiful
5456479666,2016,2200,1,beautiful
5452578573,2016,3800,4,beautiful
5802447480,2016,3700,3,beautiful
5492450102,2016,4500,4,beautiful
4924084953,2015,2700,2,beautiful
5512936519,2016,1495,1,beautiful
4684469475,2014,4200,4,beautiful
5794873505,2016,2295,2,beautiful
5820700360,2016,2195,2,beautiful
5502308715,2016,2060,2,beautiful
4655486203,2014,3650,4,beautiful
pre2013_154518,2007,825,0,beautiful
5807225361,2016,3200,3,beautiful
4643810767,2014,2495,2,beautiful
5612701631,2016,5000,4,beautiful
4257037503,2013,2300,3,beautiful
5492460785,2016,3200,3,beautiful
5175373661,2015,3800,5,beautiful
5515770231,2016,3200,3,beautiful
4809628074,2015,3995,4,beautiful
pre2013_11554,2011,3300,4,beautiful
5761568095,2016,2495,2,beautiful
4987963484,2015,2400,2,beautiful
5403567872,2016,2180,2,beautiful
4977582269,2015,1550,1,beautiful
4675099024,2014,3650,4,beautiful
4250592415,2013,2300,2,beautiful
4956380953,2015,1650,1,beautiful
4955454223,2015,1695,1,beautiful
4948896131,2015,4995,4,beautiful
5051846092,2015,2495,2,beautiful
pre2013_19644,2012,2850,4,beautiful
5730154027,2016,2695,2,beautiful
4801015174,2015,2400,2,beautiful
pre2013_116568,2001,16000,4,beautiful
pre2013_117296,2002,1400,1,beautiful
pre2013_28685,2008,1650,3,beautiful
pre2013_88091,2004,5250,3,beautiful
pre2013_88168,2004,1600,2,beautiful
pre2013_99171,2004,1950,3,beautiful
pre2013_88552,2004,2600,3,beautiful
pre2013_146464,2006,2650,NA,beautiful
pre2013_99295,2004,1275,2,beautiful
pre2013_99270,2004,1950,3,beautiful
pre2013_52155,2012,3176,2,beautiful
pre2013_8484,2011,2700,3,beautiful
pre2013_88913,2004,2200,NA,beautiful
pre2013_158137,2006,1425,1,beautiful
pre2013_100428,2004,2300,3,beautiful
pre2013_130137,2004,2300,3,beautiful
pre2013_100643,2004,1950,3,beautiful
pre2013_100756,2004,2300,3,beautiful
pre2013_92838,2004,1750,2,beautiful
pre2013_101045,2004,1395,1,beautiful
pre2013_90079,2004,1295,1,beautiful
pre2013_31250,2011,3350,3,beautiful
pre2013_90365,2004,1450,2,beautiful
pre2013_91309,2004,1250,1,beautiful
pre2013_120926,2004,1250,1,beautiful
pre2013_91384,2004,1050,2,beautiful
pre2013_121262,2004,1450,2,beautiful
pre2013_23314,2012,2200,2,beautiful
pre2013_91730,2004,1600,2,beautiful
pre2013_121481,2004,1600,2,beautiful
pre2013_92056,2004,1600,2,beautiful
pre2013_92074,2004,1650,2,beautiful
pre2013_92470,2004,2500,3,beautiful
pre2013_92843,2004,2500,3,beautiful
pre2013_139380,2005,1600,1,beautiful
pre2013_93967,2004,825,0,beautiful
pre2013_123574,2004,825,0,beautiful
pre2013_94045,2004,800,1,beautiful
pre2013_94293,2004,2200,3,beautiful
pre2013_142259,2005,1100,0,beautiful
pre2013_95421,2004,1650,1,beautiful
pre2013_95464,2004,1000,1,beautiful
pre2013_145260,2006,2295,3,beautiful
pre2013_96068,2004,1650,2,beautiful
5403578873,2016,3300,1,beautiful
pre2013_49254,2012,2400,2,beautiful
pre2013_97538,2004,3000,3,beautiful
pre2013_5771,2008,3700,3,beautiful
pre2013_97982,2004,800,1,beautiful
4062152829,2013,1825,NA,beautiful
4088924395,2013,2500,3,beautiful
pre2013_52183,2012,1250,1,beautiful
pre2013_99697,2004,2300,3,beautiful
pre2013_99796,2004,2300,3,beautiful
5802185234,2016,3500,2,beautiful
4205908136,2013,2400,2,beautiful
pre2013_100351,2004,1950,3,beautiful
pre2013_100265,2004,2300,3,beautiful
pre2013_135734,2005,1950,2,beautiful
pre2013_136548,2005,2000,2,beautiful
pre2013_130290,2004,1950,3,beautiful
pre2013_158902,2006,2150,3,beautiful
pre2013_101158,2004,1395,1,beautiful
pre2013_18730,2012,1900,1,beautiful
pre2013_131575,2004,2950,2,beautiful
pre2013_31722,2011,5950,5,beautiful
pre2013_102242,2004,2400,3,beautiful
pre2013_132179,2004,700,1,beautiful
4683122738,2014,3500,2,beautiful
4721567664,2014,4700,3,beautiful
6275444506,2017,8000,3,beautiful
pre2013_57007,2012,4000,3,beautiful
pre2013_23805,2012,1150,0,beautiful
pre2013_24106,2012,2250,2,beautiful
pre2013_136933,2005,1625,1,beautiful
pre2013_48651,2012,2395,2,beautiful
5405088960,2016,4400,3,beautiful
4634315236,2014,4500,4,beautiful
5612026935,2016,3700,2,beautiful
pre2013_25463,2007,1175,0,beautiful
pre2013_77155,2010,8500,5,beautiful
pre2013_159737,2007,1100,0,beautiful
pre2013_65151,2012,2600,NA,beautiful
pre2013_43605,2011,2700,2,beautiful
pre2013_83229,2006,2295,2,beautiful
pre2013_155906,2006,995,1,beautiful
4634381716,2014,5500,4,beautiful
pre2013_154096,2007,2300,1,beautiful
4241750467,2013,2000,1,beautiful
pre2013_80450,2007,1900,2,beautiful
pre2013_24076,2012,2895,3,beautiful
pre2013_10640,2012,3995,4,beautiful
pre2013_51516,2012,3000,3,beautiful
4004145716,2013,1900,2,beautiful
5930091890,2017,3200,2,beautiful
pre2013_48343,2012,2150,1,beautiful
pre2013_55751,2012,1900,2,beautiful
5088567117,2015,4050,3,beautiful
4846966965,2015,2000,2,beautiful
5752352120,2016,6000,4,beautiful
pre2013_37082,2011,4600,3,beautiful
pre2013_64368,2012,3400,2,beautiful
5729811167,2016,2850,2,beautiful
pre2013_21953,2012,2200,2,beautiful
5413997080,2016,1000,5,beautiful
pre2013_40677,2011,2400,2,beautiful
5286196646,2015,3700,2,beautiful
6514161969,2018,1700,1,beautiful
pre2013_155435,2012,2400,2,beautiful
5504909621,2016,2200,2,beautiful
pre2013_64777,2012,2450,2,beautiful
4710765646,2014,3500,2,beautiful
4710717028,2014,1925,0,beautiful
4678190697,2014,5500,4,beautiful
5238825134,2015,4000,2,beautiful
5790020737,2016,3500,3,beautiful
5824584574,2016,2500,1,beautiful
4974548068,2015,2300,2,beautiful
5262249649,2015,3700,3,beautiful
pre2013_63218,2012,1350,1,beautiful
5637905202,2016,1300,3,beautiful
6340948996,2017,4300,3,beautiful
pre2013_131335,2004,1275,1,beautiful
pre2013_83460,2006,1900,2,beautiful
pre2013_163681,2006,1600,NA,beautiful
pre2013_79735,2006,1850,3,beautiful
pre2013_5509,2009,1600,2,beautiful
pre2013_37904,2011,2200,3,beautiful
pre2013_51415,2012,900,0,beautiful
pre2013_142830,2005,985,2,beautiful
pre2013_157813,2006,800,0,beautiful
pre2013_43921,2011,2200,3,beautiful
pre2013_35795,2011,800,0,beautiful
pre2013_41390,2011,2775,4,beautiful
pre2013_162768,2006,2700,3,beautiful
pre2013_82029,2007,1200,2,beautiful
pre2013_127273,2004,1350,2,beautiful
pre2013_36221,2011,2400,3,beautiful
pre2013_163194,2006,2700,3,beautiful
pre2013_87322,2003,825,1,beautiful
5080023009,2015,1450,1,beautiful
pre2013_33481,2011,1500,2,beautiful
pre2013_66025,2012,1400,1,beautiful
pre2013_127945,2004,1200,2,beautiful
pre2013_77727,2009,2600,1,beautiful
pre2013_163008,2006,2700,3,beautiful
pre2013_163028,2006,1100,1,beautiful
pre2013_29252,2011,1685,1,beautiful
pre2013_135123,2005,725,1,beautiful
pre2013_163196,2006,900,1,beautiful
pre2013_164648,2006,790,0,beautiful
pre2013_45801,2011,2500,3,beautiful
pre2013_49807,2012,1000,0,beautiful
pre2013_162540,2006,1350,2,beautiful
pre2013_155254,2007,600,0,beautiful
pre2013_40129,2011,1900,3,beautiful
pre2013_56601,2012,1375,1,beautiful
pre2013_49833,2012,1800,3,beautiful
pre2013_66021,2012,900,1,beautiful
pre2013_163724,2006,900,1,beautiful
5059517547,2015,3500,3,beautiful
pre2013_82337,2006,550,NA,beautiful
pre2013_164969,2006,2875,4,beautiful
pre2013_63922,2012,1500,2,beautiful
pre2013_26906,2007,950,1,beautiful
pre2013_134618,2005,1075,1,beautiful
pre2013_116805,2001,1225,NA,beautiful
pre2013_117101,2002,1295,0,beautiful
pre2013_157468,2006,1695,2,beautiful
pre2013_28810,2010,840,NA,beautiful
5503993978,2016,3950,4,beautiful
pre2013_157912,2006,900,1,beautiful
pre2013_146612,2006,1150,3,beautiful
pre2013_2134,2006,1595,2,beautiful
pre2013_2472,2006,1595,2,beautiful
pre2013_34162,2011,1750,5,beautiful
pre2013_57033,2012,3900,3,beautiful
pre2013_159932,2007,1000,NA,beautiful
pre2013_44647,2011,2000,4,beautiful
pre2013_158219,2006,2000,2,beautiful
pre2013_3833,2008,1300,0,beautiful
pre2013_156626,2006,1850,1,beautiful
pre2013_28597,2008,2225,2,beautiful
pre2013_162818,2006,2550,3,beautiful
pre2013_49714,2012,6975,3,beautiful
pre2013_151383,2006,3000,4,beautiful
pre2013_6860,2009,1050,2,beautiful
5449235459,2016,3600,1,beautiful
pre2013_163413,2006,2395,4,beautiful
pre2013_52352,2012,6775,4,beautiful
4905901954,2015,2000,1,beautiful
pre2013_163976,2006,795,0,beautiful
pre2013_164564,2006,750,NA,beautiful
4634187660,2014,2450,1,beautiful
pre2013_164695,2006,2100,3,beautiful
pre2013_26408,2007,940,1,beautiful
pre2013_159425,2006,1650,3,beautiful
pre2013_83952,2006,1850,2,beautiful
pre2013_156547,2006,1850,1,beautiful
pre2013_80377,2007,950,2,beautiful
pre2013_61401,2012,2400,6,beautiful
pre2013_42762,2011,3400,2,beautiful
6604557809,2018,3842,2,beautiful
6604557809,2018,3842,2,beautiful
5503975391,2016,3250,3,beautiful
6483830794,2018,2744,2,beautiful
pre2013_79105,2008,2000,5,beautiful
4600460412,2014,2458,1,beautiful
pre2013_13702,2012,950,1,beautiful
6412899425,2017,2019,NA,beautiful
5493086984,2016,5754,2,beautiful
pre2013_77713,2009,1600,3,beautiful
3562513164,2013,1625,1,beautiful
pre2013_51671,2012,6755,4,beautiful
4848451256,2015,2250,3,beautiful
pre2013_153577,2007,1500,2,beautiful
pre2013_9280,2011,1095,1,beautiful
5545454090,2016,1850,NA,beautiful
4569330661,2014,4100,1,beautiful
6350405130,2017,1900,1,beautiful
pre2013_12388,2011,1950,2,beautiful
5635470819,2016,3795,2,beautiful
4656019888,2014,2499,1,beautiful
pre2013_40917,2011,6975,3,beautiful
5537885916,2016,789,3,beautiful
pre2013_1322,2006,1575,3,beautiful
5514632558,2016,3500,3,beautiful
5790923256,2016,900,1,beautiful
6388306902,2017,700,3,beautiful
pre2013_69800,2012,1494,2,beautiful
6574503082,2018,3643,2,beautiful
5536681657,2016,3875,2,beautiful
pre2013_70160,2012,2190,NA,beautiful
4030497531,2013,1000,1,beautiful
5626507007,2016,3350,3,beautiful
5270150260,2015,2300,3,beautiful
6447112715,2018,2774,2,beautiful
pre2013_97134,2004,2185,2,beautiful
pre2013_116708,2001,1298,0,beautiful
pre2013_116672,2001,1450,0,beautiful
pre2013_116706,2001,1650,1,beautiful
pre2013_97660,2004,3900,2,beautiful
pre2013_98572,2004,1950,1,beautiful
pre2013_88617,2004,2500,1,beautiful
pre2013_89109,2004,1900,1,beautiful
pre2013_89070,2004,2500,1,beautiful
pre2013_146950,2006,2140,1,beautiful
pre2013_29347,2011,2868,1,beautiful
pre2013_100655,2004,1950,1,beautiful
pre2013_100790,2004,2185,2,beautiful
pre2013_119586,2004,2800,2,beautiful
pre2013_120074,2004,2600,2,beautiful
pre2013_157294,2006,2565,1,beautiful
pre2013_537,2006,2600,1,beautiful
pre2013_25021,2006,2295,1,beautiful
pre2013_102845,2004,2750,2,beautiful
pre2013_102961,2004,1950,1,beautiful
pre2013_147825,2006,2700,1,beautiful
pre2013_95302,2004,1850,1,beautiful
pre2013_124987,2004,1850,1,beautiful
pre2013_83530,2006,2250,1,beautiful
pre2013_91818,2004,1935,1,beautiful
pre2013_93183,2004,2600,1,beautiful
5414824499,2016,3595,1,beautiful
5414337069,2016,3595,1,beautiful
pre2013_25786,2007,2680,2,beautiful
pre2013_93727,2004,3400,2,beautiful
pre2013_94394,2004,2000,1,beautiful
pre2013_124012,2004,2000,1,beautiful
pre2013_94688,2004,2100,1,beautiful
pre2013_94809,2004,2150,1,beautiful
pre2013_94876,2004,2000,1,beautiful
pre2013_95149,2004,2000,1,beautiful
pre2013_95392,2004,2000,1,beautiful
pre2013_125139,2004,3400,2,beautiful
pre2013_95771,2004,3200,2,beautiful
pre2013_155424,2012,2450,1,beautiful
pre2013_155365,2012,4500,2,beautiful
pre2013_95893,2004,1795,1,beautiful
pre2013_145106,2006,2500,1,beautiful
pre2013_96086,2004,3400,2,beautiful
pre2013_96276,2004,2185,2,beautiful
pre2013_96417,2004,1895,1,beautiful
pre2013_48041,2012,3945,2,beautiful
pre2013_96669,2004,3200,2,beautiful
5413994396,2016,1898,2,beautiful
pre2013_7305,2008,3995,2,beautiful
pre2013_2228,2008,2950,1,beautiful
pre2013_71353,2012,2774,1,beautiful
pre2013_146,2006,1700,1,beautiful
pre2013_79057,2008,6250,2,beautiful
pre2013_97897,2004,3900,2,beautiful
pre2013_21608,2012,3100,1,beautiful
pre2013_50480,2012,2395,1,beautiful
5400547731,2016,6895,2,beautiful
pre2013_98380,2004,2200,2,beautiful
pre2013_98396,2004,3900,2,beautiful
pre2013_98651,2004,2440,1,beautiful
5302395033,2015,4001,1,beautiful
4252868176,2013,3095,2,beautiful
pre2013_158146,2006,2750,2,beautiful
pre2013_29715,2011,2395,2,beautiful
pre2013_130334,2004,1950,1,beautiful
pre2013_53330,2012,3400,1,beautiful
pre2013_30678,2011,5000,2,beautiful
pre2013_48979,2012,2800,1,beautiful
5673911520,2016,4800,2,beautiful
pre2013_1801,2006,2600,1,beautiful
pre2013_102508,2004,3200,2,beautiful
pre2013_102771,2004,3200,2,beautiful
pre2013_22038,2012,4567,2,beautiful
pre2013_82723,2006,4699,2,beautiful
pre2013_133633,2005,2900,2,beautiful
pre2013_155606,2006,2256,1,beautiful
pre2013_57308,2012,2704,1,beautiful
pre2013_135368,2005,2700,2,beautiful
pre2013_135647,2005,1400,NA,beautiful
4934946644,2015,4800,2,beautiful
pre2013_143002,2005,2600,0,beautiful
pre2013_37996,2011,4240,2,beautiful
5360847474,2016,6800,2,beautiful
pre2013_69929,2012,1799,0,beautiful
5419044424,2016,3405,1,beautiful
pre2013_25301,2007,2500,1,beautiful
5077391497,2015,3343,0,beautiful
pre2013_50230,2012,2570,1,beautiful
pre2013_21229,2012,7000,3,beautiful
pre2013_32125,2011,5500,2,beautiful
5729754101,2016,5495,1,beautiful
5155932917,2015,6700,2,beautiful
pre2013_43192,2011,3183,1,beautiful
pre2013_62816,2012,6000,NA,beautiful
pre2013_80454,2007,2950,1,beautiful
pre2013_147761,2006,4699,2,beautiful
5303650332,2015,3795,1,beautiful
pre2013_46229,2011,3450,1,beautiful
pre2013_145089,2006,4200,2,beautiful
pre2013_66971,2012,4200,2,beautiful
pre2013_48029,2012,2395,1,beautiful
pre2013_45056,2011,3000,1,beautiful
5371287819,2015,2463,0,beautiful
pre2013_29750,2011,1899,1,beautiful
pre2013_145372,2006,2150,1,beautiful
6296811495,2017,3530,1,beautiful
pre2013_13584,2012,3500,1,beautiful
pre2013_2199,2008,1000,0,beautiful
pre2013_49862,2012,4500,2,beautiful
pre2013_50221,2012,3350,1,beautiful
pre2013_21133,2012,3800,2,beautiful
5079704177,2015,3950,1,beautiful
5716382705,2016,3327,1,beautiful
5727038701,2016,5000,2,beautiful
pre2013_50491,2012,6249,2,beautiful
5460060823,2016,4995,2,beautiful
pre2013_63616,2012,3650,2,beautiful
4251520197,2013,2450,1,beautiful
3844673494,2013,2189,0,beautiful
3844808122,2013,2940,1,beautiful
4927017128,2015,3295,0,beautiful
pre2013_146538,2006,2350,1,beautiful
6296806174,2017,3450,0,beautiful
pre2013_30676,2011,3000,1,beautiful
6578469875,2018,3795,1,beautiful
4257822905,2013,3095,2,beautiful
pre2013_153934,2007,2995,2,beautiful
5258438316,2015,5685,2,beautiful
4946001229,2015,4750,2,beautiful
pre2013_53062,2012,2700,1,beautiful
6503882698,2018,3855,1,beautiful
5371273551,2015,4785,2,beautiful
5673924887,2016,5148,2,beautiful
pre2013_30704,2011,2495,1,beautiful
pre2013_69423,2012,4196,2,beautiful
5608957359,2016,3215,NA,beautiful
5608883678,2016,3998,1,beautiful
5617821749,2016,3495,1,beautiful
4689198540,2014,5500,2,beautiful
pre2013_19480,2012,3950,2,beautiful
5774768399,2016,3635,1,beautiful
5606783124,2016,3100,1,beautiful
6531234915,2018,3400,1,beautiful
5066084531,2015,6500,2,beautiful
pre2013_77414,2009,3100,1,beautiful
5171295435,2015,4384,1,beautiful
4926998521,2015,3795,1,beautiful
pre2013_68976,2012,3800,2,beautiful
pre2013_10292,2012,2395,1,beautiful
4227401143,2013,3700,1,beautiful
4667304352,2014,3200,2,beautiful
pre2013_69944,2012,4079,2,beautiful
pre2013_77827,2008,4350,2,beautiful
4865836664,2015,3078,NA,beautiful
pre2013_43596,2011,3450,1,beautiful
4898202852,2015,3795,1,beautiful
3534210283,2013,3995,1,beautiful
pre2013_17906,2012,2700,1,beautiful
pre2013_38370,2011,7200,2,beautiful
5269302473,2015,3048,0,beautiful
pre2013_81818,2007,2580,NA,beautiful
4901156763,2015,3295,0,beautiful
pre2013_81152,2007,4500,2,beautiful
pre2013_3767,2008,2850,1,beautiful
4956584428,2015,3200,1,beautiful
4959150998,2015,5250,2,beautiful
5400302844,2016,7000,2,beautiful
5043346097,2015,6500,2,beautiful
5716419737,2016,3795,1,beautiful
4325308706,2014,5500,2,beautiful
5291326191,2015,2827,0,beautiful
5703759006,2016,3450,1,beautiful
5400370224,2016,7000,2,beautiful
4924613934,2015,2695,0,beautiful
6458938177,2018,4197,1,beautiful
5615267254,2016,4100,1,beautiful
pre2013_39421,2011,3400,1,beautiful
pre2013_37006,2011,3300,4,beautiful
4966925072,2015,1700,2,beautiful
5167868575,2015,4500,4,beautiful
pre2013_62363,2012,1550,2,beautiful
pre2013_164540,2006,1400,2,beautiful
pre2013_68346,2012,4500,3,beautiful
5429831557,2016,1600,2,beautiful
pre2013_16442,2012,1925,NA,beautiful
pre2013_80351,2007,1850,3,beautiful
pre2013_162384,2006,1520,2,beautiful
5043506986,2015,5250,3,beautiful
pre2013_10204,2011,1850,4,beautiful
pre2013_37008,2011,4200,4,beautiful
pre2013_164071,2006,1600,3,beautiful
pre2013_61072,2012,1950,2,beautiful
4936292997,2015,1495,2,beautiful
pre2013_72155,2012,2850,4,beautiful
5302363229,2015,1100,2,beautiful
4834947375,2015,12500,4,beautiful
pre2013_77011,2010,2400,3,beautiful
pre2013_71267,2012,1450,2,beautiful
pre2013_43447,2011,3200,4,beautiful
pre2013_60685,2012,1425,3,beautiful
pre2013_60345,2012,2750,3,beautiful
pre2013_59443,2012,2050,2,beautiful
5570834720,2016,1625,2,beautiful
pre2013_79415,2008,1100,1,beautiful
pre2013_22899,2012,1450,2,beautiful
pre2013_35303,2011,1950,2,beautiful
4939593829,2015,2195,3,beautiful
5672631966,2016,3750,3,beautiful
5403395432,2016,1500,3,beautiful
5615455861,2016,2800,3,beautiful
pre2013_27606,2007,1195,1,beautiful
5774528244,2016,3800,3,beautiful
pre2013_29661,2011,1650,2,beautiful
pre2013_70721,2012,1500,3,beautiful
pre2013_22898,2012,1550,2,beautiful
pre2013_132011,2004,1600,3,beautiful
pre2013_71266,2012,1550,2,beautiful
pre2013_79414,2008,1495,2,beautiful
pre2013_64702,2012,3200,3,beautiful
5718361438,2016,3800,3,beautiful
4137858797,2013,2995,3,beautiful
pre2013_81057,2007,3400,4,beautiful
pre2013_124419,2004,1200,2,beautiful
pre2013_68263,2012,4500,3,beautiful
pre2013_163715,2006,1600,3,beautiful
pre2013_139628,2005,1850,3,beautiful
4580788098,2014,1795,2,beautiful
pre2013_143630,2005,745,1,beautiful
4855471477,2015,3000,3,beautiful
pre2013_70299,2012,1235,1,beautiful
pre2013_32982,2011,1000,1,beautiful
pre2013_56343,2012,1450,3,beautiful
pre2013_64284,2012,1950,2,beautiful
5614805686,2016,6000,5,beautiful
pre2013_25999,2007,3000,NA,beautiful
pre2013_162164,2006,1850,3,beautiful
4894365781,2015,1400,1,beautiful
6457341727,2018,1675,1,beautiful
6287067963,2017,2100,2,beautiful
pre2013_46899,2011,2200,3,beautiful
4622905266,2014,3300,4,beautiful
pre2013_33941,2011,4200,4,beautiful
pre2013_158135,2006,1395,2,beautiful
pre2013_56303,2012,1280,3,beautiful
pre2013_128744,2004,1450,2,beautiful
pre2013_118628,2004,895,2,beautiful
pre2013_67583,2012,1300,1,beautiful
pre2013_23292,2012,2100,3,beautiful
pre2013_115723,2004,895,1,beautiful
pre2013_159205,2006,1750,3,beautiful
pre2013_22903,2012,2611,3,beautiful
pre2013_56432,2012,3400,3,beautiful
6379120350,2017,3306,1,beautiful
pre2013_10928,2012,2095,1,beautiful
4261513734,2013,2620,2,beautiful
pre2013_115174,2004,1195,2,beautiful
pre2013_29818,2011,1338,1,beautiful
pre2013_115155,2004,1800,2,beautiful
pre2013_55140,2012,2200,2,beautiful
6483265868,2018,2375,2,beautiful
pre2013_45510,2011,1598,2,beautiful
5587631588,2016,2524,1,beautiful
pre2013_130520,2004,1295,2,beautiful
pre2013_29798,2011,1100,1,beautiful
pre2013_123227,2004,1695,2,beautiful
6455330371,2018,2942,2,beautiful
4845165424,2015,3050,2,beautiful
pre2013_62877,2012,2250,2,beautiful
4442074256,2014,2118,2,beautiful
pre2013_157045,2006,1650,2,beautiful
pre2013_2435,2010,1359,1,beautiful
5419052677,2016,3720,2,beautiful
pre2013_59197,2012,1450,2,beautiful
pre2013_61251,2012,3900,4,beautiful
pre2013_120354,2004,1600,2,beautiful
pre2013_62104,2012,2980,NA,beautiful
pre2013_120330,2004,2350,3,beautiful
pre2013_11779,2011,1735,1,beautiful
4834974626,2015,2338,2,beautiful
pre2013_7128,2008,1450,1,beautiful
pre2013_113595,2004,950,1,beautiful
5505583366,2016,1895,1,beautiful
pre2013_115765,2004,995,1,beautiful
pre2013_154457,2007,2950,3,beautiful
pre2013_161898,2006,1209,1,beautiful
pre2013_58071,2012,1903,1,beautiful
pre2013_54501,2012,1790,2,beautiful
pre2013_22703,2012,1402,0,beautiful
pre2013_134994,2005,1150,2,beautiful
4845179326,2015,3175,1,beautiful
pre2013_121232,2004,1700,2,beautiful
pre2013_50901,2012,1394,0,beautiful
pre2013_113611,2004,975,1,beautiful
5077360145,2015,4500,3,beautiful
pre2013_8355,2011,1095,1,beautiful
pre2013_2448,2010,1210,1,beautiful
5043412749,2015,3800,3,beautiful
5647074252,2016,2795,2,beautiful
pre2013_69073,2012,1985,1,beautiful
4845163975,2015,2510,1,beautiful
pre2013_118266,2004,950,1,beautiful
pre2013_9427,2011,1129,0,beautiful
pre2013_19640,2012,1760,1,beautiful
5465639262,2016,3300,2,beautiful
pre2013_15004,2012,1730,1,beautiful
pre2013_160246,2006,1500,2,beautiful
pre2013_141773,2005,1050,2,beautiful
5460190360,2016,2996,1,beautiful
pre2013_127192,2004,1085,2,beautiful
4600512238,2014,1380,0,beautiful
pre2013_65770,2012,2200,1,beautiful
pre2013_45569,2011,1867,2,beautiful
pre2013_118233,2004,895,1,beautiful
4028339866,2013,2850,3,beautiful
pre2013_113735,2004,1195,2,beautiful
pre2013_34192,2011,2257,NA,beautiful
5467864520,2016,4335,2,beautiful
pre2013_137475,2005,850,1,beautiful
5785510704,2016,3450,2,beautiful
pre2013_122476,2004,2500,4,beautiful
pre2013_157491,2006,995,1,beautiful
5496169820,2016,2399,2,beautiful
pre2013_2217,2008,1821,1,beautiful
pre2013_14547,2012,2041,2,beautiful
pre2013_25471,2007,1800,2,beautiful
pre2013_65240,2012,2500,3,beautiful
5796459294,2016,4250,3,beautiful
pre2013_55445,2012,2800,3,beautiful
pre2013_160495,2006,1350,1,beautiful
pre2013_55847,2012,1784,1,beautiful
pre2013_121098,2004,900,1,beautiful
5077400732,2015,2967,2,beautiful
pre2013_138875,2005,845,1,beautiful
pre2013_64036,2012,1650,1,beautiful
pre2013_29844,2011,1578,2,beautiful
5291347944,2015,1955,1,beautiful
pre2013_114486,2004,995,1,beautiful
pre2013_65316,2012,2000,2,beautiful
pre2013_70913,2012,1502,0,beautiful
pre2013_57714,2012,2395,2,beautiful
pre2013_14513,2012,4900,4,beautiful
pre2013_19298,2012,4900,4,beautiful
pre2013_8495,2011,1748,2,beautiful
pre2013_113797,2004,1195,2,beautiful
pre2013_58053,2012,1450,2,beautiful
pre2013_4334,2008,2650,3,beautiful
pre2013_29862,2011,1450,1,beautiful
5628059309,2016,3800,1,beautiful
pre2013_56128,2012,2137,1,beautiful
4623054341,2014,1800,1,beautiful
pre2013_55860,2012,1999,2,beautiful
5793258368,2016,3985,3,beautiful
5752421342,2016,2758,2,beautiful
5570991233,2016,3633,2,beautiful
pre2013_138518,2005,1645,2,beautiful
pre2013_23715,2012,1402,0,beautiful
pre2013_11820,2011,1630,1,beautiful
pre2013_112815,2004,1050,2,beautiful
pre2013_60104,2012,2140,2,beautiful
4977646637,2015,2189,1,beautiful
pre2013_41588,2011,1550,2,beautiful
pre2013_114126,2004,895,1,beautiful
pre2013_91347,2004,900,1,beautiful
pre2013_161674,2006,925,0,beautiful
5739678306,2016,4500,3,beautiful
5032582161,2015,3599,3,beautiful
pre2013_59198,2012,2100,3,beautiful
5606955277,2016,5295,3,beautiful
4262921822,2013,2545,2,beautiful
pre2013_63639,2012,1858,2,beautiful
pre2013_78681,2008,2090,2,beautiful
pre2013_38774,2011,3300,3,beautiful
pre2013_45532,2011,1450,1,beautiful
pre2013_113747,2004,1550,3,beautiful
pre2013_114084,2004,965,1,beautiful
pre2013_26649,2007,900,1,beautiful
pre2013_114072,2004,1650,3,beautiful
5830623394,2016,2458,2,beautiful
pre2013_75784,2012,1680,2,beautiful
pre2013_58846,2012,1730,1,beautiful
5603590229,2016,1875,1,beautiful
4834847591,2015,3875,2,beautiful
5481618723,2016,2231,0,beautiful
pre2013_133959,2005,1060,1,beautiful
pre2013_115941,2004,895,1,beautiful
pre2013_16656,2012,2395,3,beautiful
pre2013_13523,2012,1400,1,beautiful
pre2013_76812,2010,1850,3,beautiful
pre2013_142332,2005,950,1,beautiful
pre2013_117982,2004,960,1,beautiful
pre2013_46310,2011,4995,4,beautiful
5066177843,2015,2500,2,beautiful
pre2013_67079,2012,1717,1,beautiful
pre2013_51563,2012,1665,1,beautiful
5774677980,2016,2314,1,beautiful
pre2013_47042,2011,2295,2,beautiful
pre2013_11588,2011,1808,2,beautiful
5536612841,2016,2456,1,beautiful
pre2013_28072,2008,2300,2,beautiful
6341137381,2017,2960,2,beautiful
pre2013_52481,2012,2395,3,beautiful
5547494516,2016,1870,1,beautiful
6559304286,2018,2995,2,beautiful
pre2013_28606,2008,2125,2,beautiful
pre2013_40338,2011,1406,1,beautiful
pre2013_114554,2004,895,1,beautiful
5570948070,2016,2623,1,beautiful
pre2013_124837,2004,1600,2,beautiful
pre2013_114257,2004,1935,2,beautiful
5410752740,2016,2773,2,beautiful
5606285689,2016,5800,4,beautiful
pre2013_35984,2011,2110,2,beautiful
pre2013_142936,2005,975,1,beautiful
pre2013_128674,2004,1095,2,beautiful
4946060221,2015,2690,1,beautiful
pre2013_55133,2012,1563,1,beautiful
pre2013_2080,2006,1225,1,beautiful
5717086476,2016,3995,3,beautiful
pre2013_122006,2004,895,1,beautiful
4935168371,2015,3140,2,beautiful
pre2013_21956,2012,1944,2,beautiful
5382567062,2016,2402,1,beautiful
pre2013_44433,2011,1475,1,beautiful
5429281520,2016,2185,1,beautiful
pre2013_115014,2004,895,1,beautiful
5171332732,2015,2923,2,beautiful
pre2013_68008,2012,3200,2,beautiful
4834978982,2015,3050,2,beautiful
5470709624,2016,2427,1,beautiful
pre2013_78616,2008,1425,2,beautiful
5763507241,2016,2319,1,beautiful
pre2013_160513,2006,1600,2,beautiful
pre2013_114426,2004,1295,2,beautiful
pre2013_82887,2006,1640,2,beautiful
5382564091,2016,2669,2,beautiful
pre2013_18552,2012,1895,2,beautiful
pre2013_31351,2011,1200,3,beautiful
4253451953,2013,2795,3,beautiful
pre2013_45571,2011,1485,NA,beautiful
pre2013_53732,2012,1790,2,beautiful
pre2013_22986,2012,1795,2,beautiful
pre2013_80924,2007,2400,3,beautiful
4656045016,2014,2120,1,beautiful
4946011340,2015,3245,2,beautiful
pre2013_49938,2012,1394,0,beautiful
pre2013_112920,2004,975,1,beautiful
pre2013_36366,2011,3500,3,beautiful
pre2013_141248,2005,1395,2,beautiful
pre2013_161100,2006,2100,2,beautiful
4634256015,2014,3950,3,beautiful
4797389889,2014,2235,2,beautiful
5504011519,2016,1870,1,beautiful
pre2013_118074,2004,2295,3,beautiful
pre2013_54814,2012,1999,2,beautiful
pre2013_9072,2011,2400,3,beautiful
pre2013_18338,2012,1394,0,beautiful
pre2013_45126,2011,4250,4,beautiful
4689776574,2014,2750,2,beautiful
4656068912,2014,2366,1,beautiful
5815051988,2016,2890,2,beautiful
pre2013_134207,2005,1795,2,beautiful
4855535596,2015,2420,1,beautiful
5819651695,2016,2895,2,beautiful
pre2013_162038,2006,1300,2,beautiful
5514477980,2016,2898,2,beautiful
5761567090,2016,3995,3,beautiful
pre2013_47463,2012,1740,2,beautiful
6341139011,2017,2805,1,beautiful
6307663158,2017,1820,0,beautiful
pre2013_11792,2011,2024,2,beautiful
pre2013_114643,2004,1195,2,beautiful
pre2013_113356,2004,1250,1,beautiful
pre2013_63261,2012,2295,2,beautiful
pre2013_86116,2003,850,1,beautiful
pre2013_64424,2012,2032,2,beautiful
pre2013_159472,2006,1270,1,beautiful
5615204092,2016,2675,2,beautiful
5449502874,2016,2960,1,beautiful
pre2013_129056,2004,1050,1,beautiful
4946062337,2015,2900,3,beautiful
pre2013_118390,2004,1250,1,beautiful
5066213076,2015,2825,1,beautiful
pre2013_113376,2004,1600,2,beautiful
pre2013_36418,2011,1450,1,beautiful
5780899309,2016,4800,3,beautiful
5503950597,2016,2399,2,beautiful
6597345526,2018,4398,3,beautiful
pre2013_3722,2008,2120,2,beautiful
pre2013_15098,2012,1730,1,beautiful
pre2013_160790,2006,1275,1,beautiful
pre2013_21501,2012,1558,1,beautiful
6305922140,2017,3390,2,beautiful
pre2013_58820,2012,1375,1,beautiful
4658340674,2014,1648,1,beautiful
pre2013_114262,2004,965,1,beautiful
6305868972,2017,3390,2,beautiful
pre2013_160722,2006,2950,3,beautiful
pre2013_86488,2003,1750,3,beautiful
pre2013_38006,2011,1675,1,beautiful
pre2013_38011,2011,2125,2,beautiful
pre2013_17758,2012,2700,4,beautiful
5780875463,2016,3985,3,beautiful
5615328229,2016,3995,4,beautiful
pre2013_139832,2005,1310,1,beautiful
pre2013_26940,2007,1725,1,beautiful
5774761483,2016,3795,3,beautiful
pre2013_45193,2011,1475,1,beautiful
5731228949,2016,4295,3,beautiful
4855550269,2015,2365,1,beautiful
pre2013_142853,2005,960,1,beautiful
5449561886,2016,1800,1,beautiful
pre2013_15965,2012,1700,2,beautiful
pre2013_65256,2012,2600,3,beautiful
pre2013_71432,2012,20108,2,beautiful
pre2013_161995,2006,1500,2,beautiful
4988508999,2015,2083,1,beautiful
pre2013_160065,2007,3200,3,beautiful
5547464484,2016,2249,1,beautiful
pre2013_38023,2011,2057,1,beautiful
pre2013_43229,2011,3500,4,beautiful
pre2013_49546,2012,1395,1,beautiful
5302365399,2015,3184,2,beautiful
pre2013_157432,2006,2100,3,beautiful
pre2013_70440,2012,2495,2,beautiful
pre2013_38046,2011,1798,2,beautiful
pre2013_79173,2008,3300,3,beautiful
5525493080,2016,3640,2,beautiful
pre2013_144839,2005,1550,2,beautiful
pre2013_33225,2011,2295,2,beautiful
4988576219,2015,3270,2,beautiful
pre2013_65319,2012,2599,1,beautiful
5966087116,2017,2900,2,beautiful
4270054127,2014,2800,2,beautiful
pre2013_54856,2012,1175,0,beautiful
pre2013_6252,2009,1095,1,beautiful
pre2013_113650,2004,975,1,beautiful
4645089932,2014,1930,1,beautiful
4030437603,2013,3650,3,beautiful
pre2013_142841,2005,1060,2,beautiful
5591271118,2016,1875,1,beautiful
pre2013_54855,2012,1400,1,beautiful
pre2013_60873,2012,2795,2,beautiful
pre2013_86492,2003,975,1,beautiful
pre2013_66607,2012,1711,1,beautiful
pre2013_134373,2005,1100,NA,beautiful
pre2013_62520,2012,5200,4,beautiful
pre2013_114909,2004,895,1,beautiful
pre2013_138793,2005,850,1,beautiful
pre2013_62105,2012,2980,NA,beautiful
pre2013_157067,2006,925,0,beautiful
pre2013_72290,2012,1575,1,beautiful
3753887576,2013,1375,0,beautiful
pre2013_12477,2011,1550,1,beautiful
pre2013_53661,2012,1600,1,beautiful
5716398396,2016,1995,0,beautiful
5412961352,2016,2195,0,beautiful
6341979605,2017,2150,NA,beautiful
4797547281,2015,1995,0,beautiful
5796299770,2016,7250,3,beautiful
pre2013_164536,2006,1600,2,beautiful
pre2013_164536,2006,1600,2,beautiful
5449574600,2016,4537,2,beautiful
pre2013_164722,2006,2650,2,beautiful
pre2013_21791,2012,1750,1,beautiful
5587558181,2016,4725,2,beautiful
5587545052,2016,4503,2,beautiful
pre2013_121650,2004,3995,3,beautiful
5439685592,2016,4537,2,beautiful
5313123250,2015,3100,1,beautiful
pre2013_35822,2011,2195,1,beautiful
5449573928,2016,3915,2,beautiful
5291196572,2015,3595,1,beautiful
5830558789,2016,8000,3,beautiful
5460197872,2016,3915,2,beautiful
pre2013_46566,2011,2385,1,beautiful
pre2013_80822,2007,4500,3,beautiful
5359327748,2016,7500,4,beautiful
4988560090,2015,4200,0,beautiful
4988547123,2015,4800,2,beautiful
pre2013_52988,2012,1850,2,beautiful
5639362160,2016,4995,2,beautiful
4622788781,2014,4550,1,beautiful
5171055658,2015,4200,2,beautiful
4645045056,2014,2900,1,beautiful
5763389015,2016,4300,3,beautiful
5791319519,2016,8500,4,beautiful
pre2013_79669,2006,4800,4,beautiful
4645082930,2014,4650,1,beautiful
pre2013_5573,2008,3810,3,beautiful
pre2013_162297,2006,5500,4,beautiful
pre2013_137861,2005,4900,2,beautiful
5439466705,2016,3915,2,beautiful
4622887046,2014,4450,1,beautiful
4632118370,2014,7800,4,beautiful
pre2013_67851,2012,3750,3,beautiful
5416593860,2016,3121,2,beautiful
pre2013_72233,2012,2590,1,beautiful
4262911417,2013,3525,2,beautiful
5481469306,2016,4503,2,beautiful
pre2013_48301,2012,2010,1,beautiful
5615227225,2016,1800,1,beautiful
pre2013_13877,2012,2085,1,beautiful
5088634199,2015,4995,0,beautiful
4678004481,2014,4550,2,beautiful
pre2013_87375,2003,2000,3,beautiful
3506425450,2013,2976,2,beautiful
5417287343,2016,4596,3,beautiful
5481333283,2016,3915,2,beautiful
4988554637,2015,3150,0,beautiful
3848516795,2013,3300,3,beautiful
4645023840,2014,4550,2,beautiful
5413736687,2016,4866,3,beautiful
pre2013_49456,2012,1900,1,beautiful
pre2013_163223,2006,1695,1,beautiful
5055022219,2015,9000,3,beautiful
pre2013_77773,2009,2800,2,beautiful
5404474558,2016,4295,3,beautiful
pre2013_53621,2012,2185,1,beautiful
pre2013_50786,2012,1850,1,beautiful
5470742024,2016,4802,2,beautiful
5302347307,2015,3688,2,beautiful
pre2013_162439,2006,5500,4,beautiful
5302342030,2015,6195,3,beautiful
5570843553,2016,4180,2,beautiful
pre2013_34863,2011,2500,1,beautiful
pre2013_34849,2011,2100,1,beautiful
5269381841,2015,4725,2,beautiful
5629200549,2016,3500,2,beautiful
5280276354,2015,4703,1,beautiful
5413717588,2016,4331,2,beautiful
3812465792,2013,3018,2,beautiful
pre2013_87579,2003,1360,1,beautiful
pre2013_131764,2004,1800,2,beautiful
5819603414,2016,4795,2,beautiful
5819605175,2016,8200,3,beautiful
pre2013_142010,2005,4000,3,beautiful
5280271092,2015,6600,3,beautiful
5470675981,2016,4503,2,beautiful
pre2013_79434,2008,5000,4,beautiful
4600309029,2014,4900,2,beautiful
5280294876,2015,5350,3,beautiful
pre2013_162676,2006,4995,2,beautiful
pre2013_137747,2005,1750,1,beautiful
5269386551,2015,4095,2,beautiful
5470743689,2016,3915,2,beautiful
5054819695,2015,2500,1,beautiful
5583581320,2016,8500,4,beautiful
5429200756,2016,3803,1,beautiful
pre2013_10068,2011,1650,2,beautiful
pre2013_145795,2006,1700,2,beautiful
pre2013_98806,2004,1300,1,beautiful
pre2013_44363,2011,2840,1,beautiful
pre2013_141053,2005,1400,1,beautiful
pre2013_66968,2012,2695,1,beautiful
5449979941,2016,3600,2,beautiful
5456968139,2016,4200,2,beautiful
pre2013_61598,2012,1895,1,beautiful
pre2013_13443,2012,2495,2,beautiful
pre2013_50326,2012,2000,4,beautiful
pre2013_46395,2011,2500,3,beautiful
pre2013_12674,2012,1350,1,beautiful
pre2013_58960,2012,1250,1,beautiful
pre2013_52830,2012,2700,4,beautiful
4666372509,2014,2000,3,beautiful
pre2013_142171,2005,2400,3,beautiful
pre2013_10897,2012,2495,4,beautiful
pre2013_1663,2006,1350,2,beautiful
pre2013_42531,2011,2290,4,beautiful
4622963602,2014,3400,4,beautiful
pre2013_55562,2012,1956,2,beautiful
4710863809,2014,1800,3,beautiful
pre2013_5913,2009,2380,3,beautiful
5527087080,2016,2750,3,beautiful
5481598467,2016,2500,2,beautiful
pre2013_19684,2012,3250,6,beautiful
pre2013_134341,2005,1500,3,beautiful
pre2013_151647,2006,2500,4,beautiful
pre2013_25851,2007,1595,1,beautiful
pre2013_23369,2012,2250,3,beautiful
pre2013_62960,2012,2500,4,beautiful
5481458712,2016,3500,3,beautiful
pre2013_7496,2009,1850,2,beautiful
pre2013_130574,2004,2150,2,beautiful
4622920638,2014,3000,4,beautiful
pre2013_29901,2011,2145,3,beautiful
pre2013_10909,2012,2300,3,beautiful
pre2013_55582,2012,1543,1,beautiful
pre2013_12177,2011,2300,4,beautiful
pre2013_84431,2001,1600,NA,beautiful
pre2013_132096,2004,2200,4,beautiful
pre2013_143791,2005,2300,3,beautiful
pre2013_55578,2012,1553,1,beautiful
pre2013_50310,2012,1200,3,beautiful
pre2013_21312,2012,1750,2,beautiful
pre2013_157097,2006,1300,2,beautiful
pre2013_10917,2012,1399,1,beautiful
pre2013_68112,2012,1375,1,beautiful
pre2013_1872,2006,2650,4,beautiful
pre2013_141333,2005,1750,2,beautiful
pre2013_68661,2012,1200,1,beautiful
4865982788,2015,2088,2,beautiful
pre2013_41265,2011,2000,2,beautiful
4834935131,2015,2675,3,beautiful
pre2013_72478,2012,1800,2,beautiful
5419080592,2016,2379,2,beautiful
pre2013_154886,2007,2475,5,beautiful
4137839977,2013,1957,2,beautiful
pre2013_16117,2012,2500,4,beautiful
5807475506,2016,3400,3,beautiful
pre2013_127101,2004,1900,4,beautiful
pre2013_132391,2004,1700,3,beautiful
pre2013_157085,2006,1675,3,beautiful
pre2013_40399,2011,1756,2,beautiful
pre2013_14996,2012,3000,4,beautiful
4655103816,2014,3100,3,beautiful
pre2013_26763,2007,1800,2,beautiful
pre2013_126154,2004,1050,2,beautiful
pre2013_12427,2011,1750,3,beautiful
pre2013_160196,2010,2200,3,beautiful
pre2013_160186,2010,2500,4,beautiful
pre2013_159264,2006,1550,4,beautiful
pre2013_132390,2004,1300,2,beautiful
pre2013_140757,2005,3150,5,beautiful
pre2013_84451,2001,1750,3,beautiful
pre2013_12648,2012,1950,3,beautiful
pre2013_50327,2012,2500,3,beautiful
pre2013_119800,2004,2600,4,beautiful
pre2013_22425,2012,1581,1,beautiful
pre2013_72440,2012,2350,3,beautiful
pre2013_118064,2004,1995,3,beautiful
pre2013_49612,2012,1822,2,beautiful
pre2013_124844,2004,1800,3,beautiful
pre2013_126673,2004,1950,3,beautiful
pre2013_24170,2012,1250,2,beautiful
5449653164,2016,2299,2,beautiful
pre2013_118366,2004,1200,2,beautiful
pre2013_152468,2006,2500,4,beautiful
pre2013_136230,2005,2100,4,beautiful
4924640607,2015,2338,2,beautiful
pre2013_156100,2006,1350,3,beautiful
4639743248,2014,3200,3,beautiful
5752460655,2016,2100,1,beautiful
pre2013_2221,2008,2250,3,beautiful
pre2013_19357,2012,1300,1,beautiful
4834941333,2015,2269,2,beautiful
5818439963,2016,3200,4,beautiful
pre2013_210,2006,1200,1,beautiful
pre2013_132605,2004,1400,2,beautiful
5739690064,2016,3100,3,beautiful
pre2013_47147,2011,1250,1,beautiful
5663566638,2016,3095,4,beautiful
pre2013_25661,2007,2200,3,beautiful
pre2013_34698,2011,2300,4,beautiful
4825335317,2014,1810,1,beautiful
pre2013_156865,2006,1850,2,beautiful
pre2013_136212,2005,2700,4,beautiful
pre2013_34241,2011,2400,3,beautiful
pre2013_14093,2012,1855,1,beautiful
pre2013_4627,2008,1650,2,beautiful
pre2013_15483,2012,2800,4,beautiful
5570997916,2016,2590,2,beautiful
5912980376,2017,2214,1,beautiful
pre2013_3265,2006,1580,3,beautiful
pre2013_155828,2006,2000,4,beautiful
6525219487,2018,3950,3,beautiful
pre2013_141537,2005,1700,3,beautiful
pre2013_122001,2004,1250,2,beautiful
5672519082,2016,2690,3,beautiful
5504037043,2016,4200,4,beautiful
pre2013_54523,2012,1850,2,beautiful
pre2013_60599,2012,4495,5,beautiful
5674089890,2016,2800,2,beautiful
4623109444,2014,1850,2,beautiful
5439542721,2016,2500,2,beautiful
5393651078,2016,3000,4,beautiful
5536771389,2016,3600,4,beautiful
pre2013_15650,2012,1606,2,beautiful
5609222976,2016,3000,3,beautiful
pre2013_16711,2012,2900,4,beautiful
5374650769,2016,3100,4,beautiful
pre2013_122719,2004,2000,3,beautiful
pre2013_10450,2012,1346,1,beautiful
pre2013_39989,2011,2480,4,beautiful
6562368602,2018,2600,2,beautiful
pre2013_70096,2012,2700,3,beautiful
4634170992,2014,2400,2,beautiful
pre2013_133259,2005,1180,2,beautiful
pre2013_131915,2004,1700,3,beautiful
pre2013_82939,2006,2000,3,beautiful
5493009939,2016,3500,3,beautiful
pre2013_6486,2009,1686,2,beautiful
pre2013_137857,2005,1750,3,beautiful
pre2013_139797,2005,1095,2,beautiful
5609311845,2016,3150,3,beautiful
pre2013_135843,2005,1495,3,beautiful
5858917575,2016,2950,4,beautiful
pre2013_35126,2011,2850,4,beautiful
pre2013_35208,2011,2600,4,beautiful
pre2013_10746,2011,2700,4,beautiful
3812489970,2013,2275,3,beautiful
3812204246,2013,2299,3,beautiful
pre2013_159083,2006,2500,NA,beautiful
pre2013_136878,2005,1800,3,beautiful
pre2013_154862,2007,1995,4,beautiful
pre2013_152281,2006,2500,4,beautiful
4030391667,2013,1200,3,beautiful
5818440690,2016,2500,3,beautiful
pre2013_120882,2004,900,1,beautiful
5547652858,2016,3200,4,beautiful
pre2013_131134,2004,2300,4,beautiful
pre2013_159085,2006,1400,2,beautiful
5403501642,2016,3200,3,beautiful
pre2013_159336,2006,2100,4,beautiful
pre2013_24546,2006,2480,4,beautiful
pre2013_153031,2006,2100,4,beautiful
pre2013_121597,2004,1900,3,beautiful
pre2013_28338,2008,2750,3,beautiful
6505604326,2018,2395,2,beautiful
pre2013_77576,2009,2600,4,beautiful
5514685048,2016,3450,3,beautiful
pre2013_133142,2004,1500,4,beautiful
pre2013_46389,2011,1100,1,beautiful
pre2013_79227,2008,3400,4,beautiful
pre2013_22880,2012,2400,3,beautiful
pre2013_3237,2006,1699,2,beautiful
pre2013_22455,2012,1795,2,beautiful
pre2013_144720,2005,1900,3,beautiful
pre2013_151920,2006,1310,2,beautiful
pre2013_19474,2012,2300,3,beautiful
5739663646,2016,2600,3,beautiful
5771171523,2016,1925,1,beautiful
pre2013_76897,2010,2350,4,beautiful
pre2013_22664,2012,1440,1,beautiful
pre2013_21793,2012,2985,4,beautiful
5403551820,2016,3450,4,beautiful
pre2013_50918,2012,1685,3,beautiful
pre2013_137805,2005,995,2,beautiful
pre2013_24617,2006,2050,3,beautiful
pre2013_60977,2012,2100,3,beautiful
5752456254,2016,2250,2,beautiful
pre2013_4567,2008,1500,2,beautiful
pre2013_22985,2012,1283,1,beautiful
pre2013_5974,2009,1470,1,beautiful
pre2013_120382,2004,1200,2,beautiful
pre2013_25535,2007,1700,3,beautiful
pre2013_117734,2004,950,1,beautiful
pre2013_13982,2012,2300,3,beautiful
pre2013_140485,2005,1750,2,beautiful
pre2013_158920,2006,2350,4,beautiful
pre2013_40467,2011,900,1,beautiful
pre2013_130920,2004,1395,2,beautiful
pre2013_53851,2012,1802,2,beautiful
pre2013_120327,2004,1995,3,beautiful
5609272021,2016,2998,4,beautiful
pre2013_136041,2005,2400,4,beautiful
pre2013_8486,2011,2450,3,beautiful
4776740599,2014,3500,3,beautiful
pre2013_469,2006,1968,3,beautiful
4038886351,2013,2250,4,beautiful
pre2013_125130,2004,1750,3,beautiful
4168293679,2013,2500,3,beautiful
5660226902,2016,2650,2,beautiful
pre2013_158394,2006,2500,3,beautiful
5413382358,2016,2400,2,beautiful
pre2013_6561,2009,1400,1,beautiful
5531800330,2016,5300,5,beautiful
pre2013_34693,2011,1495,2,beautiful
pre2013_159148,2006,1200,1,beautiful
6531228779,2018,4250,0,beautiful
pre2013_39995,2011,1700,3,beautiful
pre2013_122225,2004,1750,3,beautiful
pre2013_155041,2007,2600,4,beautiful
pre2013_141700,2005,2200,3,beautiful
pre2013_17228,2012,2500,4,beautiful
pre2013_131940,2004,1600,3,beautiful
4571123172,2014,2083,1,beautiful
pre2013_155057,2007,1785,2,beautiful
4651150612,2014,1975,NA,beautiful
5799781129,2016,2999,3,beautiful
pre2013_14010,2012,2650,4,beautiful
pre2013_38099,2011,2550,4,beautiful
pre2013_155071,2007,1950,2,beautiful
pre2013_143757,2005,2375,4,beautiful
5615333521,2016,2300,2,beautiful
5429306117,2016,2765,2,beautiful
pre2013_4807,2007,2200,4,beautiful
pre2013_152636,2006,1450,1,beautiful
pre2013_5071,2007,1800,2,beautiful
4611912781,2014,2250,3,beautiful
5243378248,2015,2175,2,beautiful
5460165843,2016,2500,2,beautiful
pre2013_15372,2012,2000,3,beautiful
5234592012,2015,3100,2,beautiful
pre2013_80290,2007,1375,1,beautiful
pre2013_150812,2006,1250,1,beautiful
pre2013_70559,2012,1745,2,beautiful
5625038993,2016,3600,4,beautiful
pre2013_137565,2005,1495,3,beautiful
pre2013_7451,2008,2195,3,beautiful
pre2013_152716,2006,1285,2,beautiful
3562852510,2013,2880,4,beautiful
pre2013_2533,2006,2000,3,beautiful
5536761464,2016,4295,4,beautiful
pre2013_138913,2005,2300,3,beautiful
5766013430,2016,3150,3,beautiful
pre2013_34239,2011,2400,3,beautiful
pre2013_122545,2004,2950,4,beautiful
pre2013_4778,2007,1800,3,beautiful
pre2013_62592,2012,4400,6,beautiful
4777662537,2014,3000,4,beautiful
pre2013_51943,2012,2295,3,beautiful
pre2013_8552,2011,2100,3,beautiful
5672624739,2016,3300,4,beautiful
pre2013_26793,2007,1800,2,beautiful
pre2013_140487,2005,1750,2,beautiful
5739667977,2016,2600,3,beautiful
pre2013_71953,2012,2200,3,beautiful
6505546670,2018,3500,3,beautiful
pre2013_151496,2006,1850,3,beautiful
pre2013_159561,2006,2050,3,beautiful
pre2013_151545,2006,1800,3,beautiful
pre2013_8733,2011,2495,4,beautiful
pre2013_151772,2006,2499,4,beautiful
5523675661,2016,2250,2,beautiful
pre2013_5330,2007,2095,4,beautiful
pre2013_6267,2009,2100,3,beautiful
pre2013_81661,2007,2200,3,beautiful
pre2013_24020,2012,1200,3,beautiful
pre2013_77606,2009,1680,3,beautiful
pre2013_159005,2006,1600,3,beautiful
pre2013_70588,2012,1445,3,beautiful
pre2013_8522,2011,2300,3,beautiful
pre2013_119255,2004,1625,2,beautiful
pre2013_35131,2011,2400,3,beautiful
pre2013_77518,2009,2250,3,beautiful
5548987199,2016,3619,2,beautiful
5429297485,2016,1925,1,beautiful
5570964199,2016,3695,3,beautiful
pre2013_49624,2012,1590,1,beautiful
4611766620,2014,2900,3,beautiful
pre2013_18417,2012,1425,1,beautiful
pre2013_55927,2012,2250,3,beautiful
pre2013_6220,2009,2150,3,beautiful
pre2013_140591,2005,799,1,beautiful
pre2013_71984,2012,2400,4,beautiful
pre2013_12921,2012,2995,4,beautiful
pre2013_160094,2008,1775,2,beautiful
4651177015,2014,2098,2,beautiful
pre2013_16866,2012,1700,3,beautiful
pre2013_72495,2012,2800,3,beautiful
pre2013_48137,2012,3500,5,beautiful
pre2013_84798,2003,2250,2,beautiful
pre2013_89068,2004,675,NA,beautiful
pre2013_29782,2011,2500,2,beautiful
pre2013_100729,2004,1050,0,beautiful
pre2013_89942,2004,1550,1,beautiful
pre2013_93705,2004,2400,2,beautiful
pre2013_90465,2004,1550,2,beautiful
pre2013_120208,2004,1550,2,beautiful
pre2013_90946,2004,3400,3,beautiful
pre2013_120635,2004,3400,3,beautiful
pre2013_91037,2004,3400,3,beautiful
pre2013_95279,2004,1625,1,beautiful
pre2013_92123,2004,2500,2,beautiful
pre2013_121751,2004,2500,2,beautiful
pre2013_92899,2004,2400,2,beautiful
pre2013_139141,2005,580,5,beautiful
pre2013_60769,2012,5000,3,beautiful
pre2013_141463,2005,2500,3,beautiful
pre2013_96047,2004,1750,2,beautiful
pre2013_4387,2008,2395,2,beautiful
pre2013_101762,2004,2300,2,beautiful
pre2013_102723,2004,1800,2,beautiful
pre2013_132537,2004,1800,2,beautiful
pre2013_98841,2004,1475,1,beautiful
pre2013_99135,2004,1650,1,beautiful
pre2013_100040,2004,1350,1,beautiful
pre2013_130353,2004,2800,3,beautiful
pre2013_30710,2011,5000,3,beautiful
pre2013_101251,2004,1250,1,beautiful
pre2013_101517,2004,1475,1,beautiful
pre2013_131250,2004,1475,1,beautiful
pre2013_101582,2004,1900,3,beautiful
pre2013_131395,2004,1900,3,beautiful
pre2013_102045,2004,1395,1,beautiful
pre2013_102232,2004,1375,1,beautiful
pre2013_102358,2004,1400,1,beautiful
pre2013_102295,2004,2300,2,beautiful
pre2013_43974,2011,2990,3,beautiful
pre2013_141955,2005,1200,0,beautiful
pre2013_147782,2006,3000,2,beautiful
pre2013_77169,2010,1725,1,beautiful
pre2013_155818,2006,1850,1,beautiful
pre2013_70371,2012,2150,1,beautiful
4662783137,2014,6000,4,beautiful
pre2013_81812,2007,4200,4,beautiful
pre2013_44726,2011,3600,3,beautiful
pre2013_53686,2012,3900,2,beautiful
pre2013_54780,2012,2100,1,beautiful
pre2013_148024,2006,2500,2,beautiful
pre2013_47352,2012,2500,2,beautiful
pre2013_47350,2012,3995,2,beautiful
pre2013_37993,2011,1350,0,beautiful
5071732585,2015,3295,1,beautiful
pre2013_1451,2006,1400,1,beautiful
pre2013_31299,2011,4695,3,beautiful
4807662283,2014,1500,2,beautiful
pre2013_24496,2006,1050,1,beautiful
pre2013_2438,2010,1095,2,beautiful
5774709450,2016,2050,2,beautiful
pre2013_13046,2012,2250,3,beautiful
4807663427,2014,1600,3,beautiful
pre2013_7391,2008,1695,3,beautiful
pre2013_10351,2012,1695,2,beautiful
pre2013_77520,2009,1150,1,beautiful
pre2013_31110,2011,1400,2,beautiful
pre2013_9846,2011,2795,4,beautiful
pre2013_28185,2008,1675,3,beautiful
pre2013_9833,2011,1795,3,beautiful
pre2013_7084,2008,1600,2,beautiful
4855520624,2015,1975,3,beautiful
pre2013_14334,2012,1950,4,beautiful
4977663333,2015,1746,1,beautiful
pre2013_36431,2011,1650,4,beautiful
pre2013_11440,2011,2200,4,beautiful
pre2013_51923,2012,1350,2,beautiful
pre2013_83793,2006,1850,3,beautiful
pre2013_2976,2006,1425,2,beautiful
pre2013_7372,2008,2300,NA,beautiful
4164241347,2013,1300,2,beautiful
pre2013_56815,2012,949,1,beautiful
pre2013_37286,2011,1400,3,beautiful
pre2013_18815,2012,1350,2,beautiful
pre2013_38465,2011,1195,2,beautiful
pre2013_160009,2007,2900,3,beautiful
pre2013_50059,2012,1800,4,beautiful
pre2013_13730,2012,2175,3,beautiful
6503028042,2018,1950,3,beautiful
pre2013_2801,2006,1595,2,beautiful
pre2013_28335,2008,950,1,beautiful
4030482164,2013,1150,2,beautiful
4077842714,2013,1600,3,beautiful
pre2013_58929,2012,3900,4,beautiful
pre2013_12374,2011,1250,2,beautiful
pre2013_20881,2012,1250,3,beautiful
pre2013_83325,2006,1050,1,beautiful
pre2013_159957,2007,1500,2,beautiful
5615353620,2016,1800,2,beautiful
pre2013_65414,2012,1397,1,beautiful
pre2013_80317,2007,799,1,beautiful
pre2013_41843,2011,1800,4,beautiful
pre2013_64969,2012,1950,4,beautiful
5413961469,2016,2200,3,beautiful
pre2013_67696,2012,1600,3,beautiful
4597861902,2014,2045,2,beautiful
pre2013_35186,2011,825,1,beautiful
4634375731,2014,1880,3,beautiful
pre2013_69108,2012,1700,4,beautiful
4636672812,2014,1780,3,beautiful
pre2013_46799,2011,1344,1,beautiful
pre2013_33816,2011,1395,3,beautiful
pre2013_7766,2010,1495,3,beautiful
pre2013_64959,2012,1550,3,beautiful
pre2013_20857,2012,1799,3,beautiful
pre2013_7820,2010,1195,2,beautiful
pre2013_155179,2007,1975,4,beautiful
4080707899,2013,1400,2,beautiful
4611727632,2014,1495,NA,beautiful
5789492024,2016,1500,2,beautiful
pre2013_26324,2007,2200,4,beautiful
pre2013_25141,2007,1260,1,beautiful
pre2013_35152,2011,1275,3,beautiful
pre2013_27960,2008,1450,3,beautiful
4634376487,2014,1780,3,beautiful
pre2013_17681,2012,875,2,beautiful
pre2013_38171,2011,1489,4,beautiful
pre2013_52286,2012,1400,3,beautiful
pre2013_151711,2006,1500,2,beautiful
pre2013_139658,2005,1700,4,beautiful
pre2013_67649,2012,995,2,beautiful
pre2013_119614,2004,1800,3,beautiful
pre2013_70124,2012,2400,4,beautiful
pre2013_22454,2012,1875,3,beautiful
pre2013_15466,2012,1045,2,beautiful
pre2013_34259,2011,1600,3,beautiful
4689180059,2014,1945,2,beautiful
4815961863,2014,1450,3,beautiful
3878891816,2013,1200,2,beautiful
pre2013_19001,2012,1495,2,beautiful
4270064279,2014,2100,4,beautiful
pre2013_69116,2012,1500,3,beautiful
pre2013_69117,2012,848,1,beautiful
pre2013_18613,2012,1550,NA,beautiful
pre2013_22228,2012,1450,3,beautiful
pre2013_24341,2012,1200,3,beautiful
pre2013_72492,2012,2400,4,beautiful
4825256209,2014,1150,1,beautiful
pre2013_81323,2007,2100,3,beautiful
pre2013_124538,2004,1600,3,beautiful
pre2013_152743,2006,1595,3,beautiful
pre2013_120267,2004,1800,3,beautiful
pre2013_7765,2011,1299,3,beautiful
pre2013_28841,2006,3600,2,beautiful
pre2013_151326,2006,2200,4,beautiful
pre2013_118978,2004,1875,4,beautiful
pre2013_62308,2012,1200,2,beautiful
6447117421,2018,2083,2,beautiful
pre2013_10713,2011,1460,2,beautiful
pre2013_4904,2007,2499,4,beautiful
pre2013_142,2006,1185,2,beautiful
pre2013_36015,2011,1800,3,beautiful
pre2013_62931,2012,1550,2,beautiful
pre2013_2097,2006,1700,NA,beautiful
6565269353,2018,1500,1,beautiful
pre2013_53503,2012,1375,2,beautiful
pre2013_143,2006,885,1,beautiful
pre2013_14879,2012,1295,2,beautiful
pre2013_12646,2012,2200,4,beautiful
pre2013_17417,2012,1595,3,beautiful
pre2013_17489,2012,1200,2,beautiful
5504057787,2016,1400,1,beautiful
pre2013_131201,2004,1900,4,beautiful
pre2013_19363,2012,1995,4,beautiful
pre2013_18795,2012,1295,2,beautiful
pre2013_34747,2011,1650,4,beautiful
4024815467,2013,1850,4,beautiful
pre2013_69122,2012,2169,4,beautiful
pre2013_79983,2007,1690,4,beautiful
pre2013_79985,2007,1300,NA,beautiful
pre2013_18655,2012,1195,3,beautiful
pre2013_22143,2012,2200,4,beautiful
pre2013_59785,2012,1000,3,beautiful
pre2013_28678,2008,1025,1,beautiful
pre2013_67705,2012,1750,3,beautiful
pre2013_25588,2007,2500,5,beautiful
pre2013_33831,2011,3500,5,beautiful
pre2013_15285,2012,1295,3,beautiful
pre2013_154830,2007,1900,4,beautiful
pre2013_154059,2007,2350,3,beautiful
pre2013_156454,2006,2600,4,beautiful
4600521766,2014,2750,3,beautiful
4611697404,2014,2995,3,beautiful
pre2013_102092,2004,1775,3,beautiful
4662568207,2014,1600,0,beautiful
pre2013_51474,2012,1600,2,beautiful
pre2013_122619,2004,2050,3,beautiful
pre2013_71073,2012,1495,2,beautiful
pre2013_123806,2004,2350,3,beautiful
5660228432,2016,2975,1,beautiful
pre2013_133121,2004,1375,1,beautiful
5674063205,2016,2100,1,beautiful
5154715371,2015,3800,4,beautiful
pre2013_23872,2012,1295,1,beautiful
5935138252,2017,2200,1,beautiful
pre2013_9649,2011,1145,1,beautiful
pre2013_28030,2008,2250,2,beautiful
pre2013_127483,2004,1350,2,beautiful
pre2013_40873,2011,2695,4,beautiful
pre2013_119170,2004,1650,3,beautiful
6287969415,2017,4600,3,beautiful
pre2013_32341,2011,1600,2,beautiful
5752461512,2016,1700,1,beautiful
4815550573,2014,1800,1,beautiful
pre2013_128888,2004,1550,2,beautiful
pre2013_25897,2007,2100,2,beautiful
4264233355,2013,1625,1,beautiful
pre2013_65812,2012,1200,1,beautiful
4956737684,2015,2297,2,beautiful
pre2013_12221,2011,1750,NA,beautiful
pre2013_127292,2004,1470,1,beautiful
4665423772,2014,3600,4,beautiful
pre2013_26392,2007,1085,NA,beautiful
5951160840,2017,3500,4,beautiful
pre2013_67223,2012,1025,0,beautiful
pre2013_57760,2012,1450,1,beautiful
pre2013_127107,2004,965,1,beautiful
pre2013_10328,2012,450,1,beautiful
pre2013_160201,2010,1600,2,beautiful
pre2013_54913,2012,1210,1,beautiful
pre2013_57139,2012,2505,2,beautiful
5796412806,2016,3990,3,beautiful
6287954342,2017,3500,3,beautiful
pre2013_45228,2011,3295,3,beautiful
pre2013_117238,2002,1100,1,beautiful
pre2013_13889,2012,1400,1,beautiful
pre2013_56214,2012,1203,1,beautiful
pre2013_7507,2009,900,1,beautiful
pre2013_3253,2006,2000,NA,beautiful
pre2013_118196,2004,2450,3,beautiful
4259986451,2013,1495,1,beautiful
pre2013_124805,2004,1200,2,beautiful
4691195381,2014,1550,1,beautiful
5605402377,2016,1950,1,beautiful
pre2013_126436,2004,795,1,beautiful
pre2013_136773,2005,980,0,beautiful
pre2013_143024,2005,1650,2,beautiful
pre2013_152246,2006,1630,2,beautiful
pre2013_152246,2006,1630,2,beautiful
5570977465,2016,3124,2,beautiful
pre2013_76906,2010,1400,2,beautiful
pre2013_80247,2007,1255,0,beautiful
pre2013_123997,2004,1295,1,beautiful
pre2013_18949,2012,1800,2,beautiful
pre2013_18303,2012,1630,1,beautiful
pre2013_128150,2004,1500,2,beautiful
pre2013_60944,2012,2300,3,beautiful
6296805229,2017,3147,2,beautiful
pre2013_133429,2005,1375,1,beautiful
pre2013_40003,2011,1200,1,beautiful
pre2013_118323,2004,2900,4,beautiful
5460216913,2016,2048,2,beautiful
pre2013_31610,2011,1350,2,beautiful
pre2013_126391,2004,1375,1,beautiful
4571121924,2014,2950,1,beautiful
pre2013_4775,2007,1975,2,beautiful
pre2013_151956,2006,1775,3,beautiful
pre2013_143264,2005,900,1,beautiful
pre2013_11920,2011,3395,NA,beautiful
pre2013_132277,2004,1395,1,beautiful
pre2013_24149,2012,1870,2,beautiful
pre2013_136138,2005,1750,2,beautiful
pre2013_6841,2009,1260,1,beautiful
5538050508,2016,2755,1,beautiful
pre2013_10647,2011,1695,2,beautiful
pre2013_4940,2007,2600,4,beautiful
pre2013_802,2006,1165,1,beautiful
6406059585,2017,4500,4,beautiful
pre2013_130844,2004,1395,1,beautiful
pre2013_120815,2004,1420,1,beautiful
6525231005,2018,2495,2,beautiful
pre2013_11006,2012,1850,2,beautiful
pre2013_119642,2004,1420,1,beautiful
pre2013_129412,2004,1470,1,beautiful
pre2013_159162,2006,1075,1,beautiful
pre2013_15389,2012,1225,1,beautiful
pre2013_134358,2005,1450,2,beautiful
pre2013_79202,2008,2800,3,beautiful
pre2013_129591,2004,1470,1,beautiful
pre2013_131330,2004,1395,1,beautiful
pre2013_121496,2004,1395,1,beautiful
pre2013_131,2006,1050,1,beautiful
pre2013_82551,2006,2400,NA,beautiful
pre2013_152203,2006,1850,2,beautiful
pre2013_78765,2008,2050,2,beautiful
pre2013_82504,2006,1295,1,beautiful
pre2013_63770,2012,3000,3,beautiful
pre2013_47820,2012,3400,4,beautiful
pre2013_17507,2012,1100,1,beautiful
5785484427,2016,3990,3,beautiful
pre2013_133726,2005,1200,2,beautiful
5538111328,2016,2064,NA,beautiful
pre2013_18531,2012,1785,1,beautiful
5481432828,2016,2434,2,beautiful
pre2013_129274,2004,1050,1,beautiful
4622994993,2014,4500,4,beautiful
6578434759,2018,2000,1,beautiful
pre2013_130054,2004,1425,1,beautiful
pre2013_133976,2005,1030,0,beautiful
pre2013_10776,2011,2035,1,beautiful
pre2013_131556,2004,1395,1,beautiful
5609240813,2016,1900,2,beautiful
pre2013_152683,2006,2050,3,beautiful
pre2013_129312,2004,1950,4,beautiful
5965667513,2017,3195,2,beautiful
5460194952,2016,2369,2,beautiful
6350395711,2017,1700,1,beautiful
pre2013_1007,2006,1395,2,beautiful
pre2013_47799,2012,2300,2,beautiful
pre2013_122005,2004,1375,1,beautiful
4765870588,2014,1495,1,beautiful
pre2013_27807,2007,1563,1,beautiful
pre2013_152048,2006,2400,3,beautiful
4651266812,2014,1895,1,beautiful
pre2013_128602,2004,1470,1,beautiful
4855548928,2015,2150,2,beautiful
pre2013_18142,2012,2485,2,beautiful
5814467589,2016,1900,2,beautiful
5459802897,2016,4000,5,beautiful
pre2013_26718,2007,3200,4,beautiful
5392340715,2016,2800,2,beautiful
pre2013_22220,2012,2795,4,beautiful
pre2013_27269,2007,3300,3,beautiful
pre2013_6231,2009,1750,3,beautiful
4632594298,2014,1950,2,beautiful
5414647813,2016,3200,3,beautiful
4593399073,2014,1300,0,beautiful
5293082145,2015,2500,3,beautiful
5086011566,2015,3600,4,beautiful
5735737858,2016,3200,4,beautiful
5783550551,2016,1995,1,beautiful
5830745427,2016,3000,3,beautiful
5065882518,2015,1100,1,beautiful
4991693541,2015,2700,4,beautiful
4940863938,2015,1950,2,beautiful
5795670887,2016,2990,4,beautiful
5729678148,2016,1300,0,beautiful
5024703742,2015,1400,0,beautiful
4843112766,2015,2600,4,beautiful
4593396399,2014,1600,1,beautiful
4642337482,2014,1600,1,beautiful
4626956111,2014,3300,3,beautiful
5064133552,2015,950,1,beautiful
5031087027,2015,1550,1,beautiful
5827716910,2016,2650,3,beautiful
5165872230,2015,3500,5,beautiful
5759597824,2016,2300,3,beautiful
4642337282,2014,1300,0,beautiful
pre2013_84893,2003,1750,2,beautiful
pre2013_88547,2004,1350,1,beautiful
pre2013_99995,2004,4300,4,beautiful
pre2013_89267,2004,1095,1,beautiful
pre2013_118634,2004,1095,1,beautiful
pre2013_90463,2004,2950,4,beautiful
pre2013_120205,2004,2950,4,beautiful
5740977229,2016,4750,3,beautiful
pre2013_39451,2011,4500,3,beautiful
pre2013_42767,2011,1550,0,beautiful
pre2013_42785,2011,1650,1,beautiful
pre2013_95680,2004,5000,5,beautiful
pre2013_125383,2004,5000,5,beautiful
pre2013_97445,2004,2700,3,beautiful
pre2013_79099,2008,3800,3,beautiful
pre2013_79034,2008,4995,5,beautiful
pre2013_65663,2012,2350,2,beautiful
pre2013_8844,2011,6500,5,beautiful
4264147947,2013,4600,3,beautiful
4600386738,2014,6500,4,beautiful
pre2013_145193,2006,2400,3,beautiful
pre2013_145513,2006,1075,2,beautiful
pre2013_145935,2006,2995,4,beautiful
pre2013_5619,2008,4400,5,beautiful
pre2013_771,2006,4500,4,beautiful
pre2013_146059,2006,2675,2,beautiful
pre2013_27230,2007,4600,5,beautiful
pre2013_64032,2012,7100,5,beautiful
5583813507,2016,5500,3,beautiful
pre2013_43154,2011,1400,0,beautiful
pre2013_146540,2006,1150,1,beautiful
pre2013_5149,2008,3500,3,beautiful
4845466135,2015,5500,3,beautiful
pre2013_33085,2011,3800,3,beautiful
6565262901,2018,10000,3,beautiful
pre2013_58009,2012,2470,1,beautiful
pre2013_60378,2012,8000,5,beautiful
pre2013_68967,2012,3800,3,beautiful
5043296421,2015,9995,5,beautiful
pre2013_76638,2009,2300,2,beautiful
pre2013_98810,2004,1950,2,beautiful
pre2013_89269,2004,1500,1,beautiful
pre2013_101038,2004,1950,2,beautiful
pre2013_101037,2004,2600,2,beautiful
pre2013_94925,2004,1100,1,beautiful
pre2013_13805,2012,3500,3,beautiful
pre2013_128001,2004,2200,3,beautiful
pre2013_135743,2005,700,5,beautiful
pre2013_139150,2005,663,4,beautiful
pre2013_117311,2002,2600,5,beautiful
pre2013_157408,2006,2000,3,beautiful
pre2013_112852,2004,2100,4,beautiful
pre2013_112931,2004,1800,2,beautiful
pre2013_113047,2004,995,1,beautiful
pre2013_158555,2006,2700,3,beautiful
pre2013_113864,2004,850,1,beautiful
pre2013_114407,2004,1700,3,beautiful
4802348413,2014,1850,1,beautiful
pre2013_115126,2004,1900,3,beautiful
pre2013_120726,2004,1900,3,beautiful
pre2013_133009,2004,1100,2,beautiful
pre2013_115243,2004,1770,3,beautiful
pre2013_115314,2004,1995,3,beautiful
pre2013_115350,2004,1800,3,beautiful
pre2013_115433,2004,1500,2,beautiful
pre2013_115580,2004,1195,2,beautiful
pre2013_115718,2004,1095,1,beautiful
pre2013_134957,2005,2100,4,beautiful
pre2013_40307,2011,3290,5,beautiful
pre2013_139323,2005,1100,1,beautiful
pre2013_42449,2011,1250,1,beautiful
pre2013_154681,2007,2750,3,beautiful
pre2013_124992,2004,2200,3,beautiful
pre2013_4275,2008,1725,2,beautiful
pre2013_48085,2012,2195,NA,beautiful
pre2013_21530,2012,2386,2,beautiful
pre2013_17607,2012,1650,1,beautiful
5626397762,2016,1850,0,beautiful
pre2013_86,2006,2525,3,beautiful
pre2013_25449,2007,1650,2,beautiful
4656046043,2014,2500,2,beautiful
4786748596,2014,3350,3,beautiful
4795422664,2014,1850,1,beautiful
pre2013_142677,2005,2700,3,beautiful
pre2013_142844,2005,1995,3,beautiful
5756358009,2016,1895,1,beautiful
5760001615,2016,3950,3,beautiful
pre2013_24171,2012,2149,2,beautiful
pre2013_39471,2011,1750,2,beautiful
pre2013_76811,2010,1095,1,beautiful
pre2013_44439,2011,1600,2,beautiful
5053679654,2015,3400,3,beautiful
pre2013_17983,2012,1650,2,beautiful
pre2013_144249,2005,2995,4,beautiful
5771031763,2016,1895,1,beautiful
pre2013_16736,2012,1995,2,beautiful
pre2013_17057,2012,1075,1,beautiful
pre2013_37641,2011,2500,3,beautiful
pre2013_58419,2012,1575,2,beautiful
pre2013_49024,2012,1895,3,beautiful
6506639098,2018,2150,1,beautiful
4645090083,2014,2800,3,beautiful
5429696242,2016,2500,1,beautiful
pre2013_72372,2012,2900,3,beautiful
5291389163,2015,3900,3,beautiful
4030454907,2013,3950,4,beautiful
6532385482,2018,3300,3,beautiful
pre2013_157744,2006,2550,4,beautiful
5473530977,2016,3300,2,beautiful
5587549352,2016,1980,1,beautiful
pre2013_78593,2008,2650,2,beautiful
4979318489,2015,3500,3,beautiful
pre2013_49287,2012,3000,4,beautiful
5403487635,2016,4000,4,beautiful
pre2013_6457,2009,1800,2,beautiful
4667261509,2014,2800,3,beautiful
pre2013_22001,2012,2395,3,beautiful
pre2013_5915,2009,3900,3,beautiful
pre2013_57096,2012,2395,3,beautiful
pre2013_159874,2007,2800,4,beautiful
pre2013_66204,2012,5300,4,beautiful
5073942651,2015,3287,2,beautiful
4674984548,2014,4500,4,beautiful
5818428655,2016,2495,2,beautiful
4678030415,2014,2549,1,beautiful
pre2013_18501,2012,1295,1,beautiful
5273944531,2015,1650,1,beautiful
5789976368,2016,2995,3,beautiful
pre2013_65246,2012,2600,3,beautiful
5268972831,2015,2790,2,beautiful
5088632276,2015,3500,3,beautiful
5413945976,2016,2850,2,beautiful
5413895400,2016,1750,1,beautiful
6379108416,2017,4495,4,beautiful
pre2013_61418,2012,2950,2,beautiful
pre2013_82578,2006,2800,1,beautiful
pre2013_161340,2006,3400,4,beautiful
pre2013_8620,2011,4650,4,beautiful
pre2013_111978,2004,2800,4,beautiful
pre2013_110591,2004,2800,4,beautiful
pre2013_111319,2004,2800,4,beautiful
pre2013_110376,2004,2800,4,beautiful
pre2013_150316,2006,2800,1,beautiful
pre2013_10910,2012,5200,3,beautiful
pre2013_140764,2005,3200,4,beautiful
pre2013_106986,2004,7500,4,beautiful
pre2013_149121,2006,1950,1,beautiful
pre2013_111318,2004,1100,1,beautiful
pre2013_107846,2004,7000,4,beautiful
pre2013_9107,2011,5500,4,beautiful
5719545779,2016,2500,2,beautiful
pre2013_43525,2011,2495,3,beautiful
